File.Name	Precursors.Identified	Proteins.Identified	Total.Quantity	MS1.Signal	MS2.Signal	FWHM.Scans	FWHM.RT	Median.Mass.Acc.MS1	Median.Mass.Acc.MS1.Corrected	Median.Mass.Acc.MS2	Median.Mass.Acc.MS2.Corrected	MS2.Mass.Instability	Normalisation.Instability	Median.RT.Prediction.Acc	Average.Peptide.Length	Average.Peptide.Charge	Average.Missed.Tryptic.Cleavages	Group	Filename	Subfolder	Root	Peptides.Identified	Organism	Taxonomic ID (NCBI)	Database	Proteome_ID	Strain_ID_Experiment	Strain_ID_UniProt	Total.Protein.Number.Ref	Protein.Identification.Rate
/Probe 1-96_100SPD_diaPASEF/BacLandscape_100SPD_diaPASEF_Achromobacter_xylosoxidans_subsp_xylosoxidans_22_1-15-2024_4091.d	20762	2559	1256380000.0	19667952042	566690077074	2.416	0.038	1.6929	1.59048	1.75778	1.69376	0	0	0.119909	14.074	2.395	0.152	100SPD_DIA	002_Achromobacter_xylosoxidans_ssp_xylosoxidans_DSM2402_DIA100_4091_report.stats.tsv	002_Achromobacter_xylosoxidans_ssp_xylosoxidans_DSM2402_DIA100_4091	Probe 1-96_100SPD_diaPASEF_diann_res	17486	Achromobacter xylosoxidans_ssp_xylosoxidans	85698	UniProt	UP000060602	DSM 2402	FDAARGOS_147	6134	41.71829149005543
/Probe 1-96_100SPD_diaPASEF/BacLandscape_100SPD_diaPASEF_Acinetobacter_lwoffii_40_1-16-2024_4127.d	19531	1712	1194070000.0	18922092432	500496673132	2.311	0.036	1.89482	1.56277	1.80246	1.78596	0	0	0.120463	14.639	2.485	0.198	100SPD_DIA	005_Acinetobacter_lwoffii_DSM2403_DIA100_4127_report.stats.tsv	005_Acinetobacter_lwoffii_DSM2403_DIA100_4127	Probe 1-96_100SPD_diaPASEF_diann_res	15879	Acinetobacter lwoffii	28090	UniProt	UP000293391	DSM 2403	AL_065	3273	52.30675221509319
/Probe 1-96_100SPD_diaPASEF/BacLandscape_100SPD_diaPASEF_Acinetobacter_pittii_25_1-15-2024_4097.d	22673	2066	1009580000.0	16174142351	392003525604	2.301	0.036	1.58284	1.41112	1.86904	1.79939	0	0	0.125925	14.296	2.454	0.166	100SPD_DIA	007_Acinetobacter_pittii_DSM9312_DIA100_4097_report.stats.tsv	007_Acinetobacter_pittii_DSM9312_DIA100_4097	Probe 1-96_100SPD_diaPASEF_diann_res	18652	Acinetobacter pittii	48296	UniProt	UP000271320	DSM 9312(T)	TG41884	4014	51.469855505729946
/Probe 1-96_100SPD_diaPASEF/BacLandscape_100SPD_diaPASEF_Acinetobacter_pittii_58_1-16-2024_4163.d	22533	2077	1488530000.0	22920686092	717155923208	2.273	0.035	2.59134	1.59296	1.85218	1.75304	0	0	0.123359	14.705	2.472	0.204	100SPD_DIA	008_Acinetobacter_pittii_DSM9318_DIA100_4163_report.stats.tsv	008_Acinetobacter_pittii_DSM9318_DIA100_4163	Probe 1-96_100SPD_diaPASEF_diann_res	18052	Acinetobacter pittii	48296	UniProt	UP000271320	DSM 9318	TG41884	4014	51.743896362730446
/Probe 1-96_100SPD_diaPASEF/BacLandscape_100SPD_diaPASEF_Aeromonas_hydrophila_subsp_hydrophila_33_1-16-2024_4113.d	32575	2776	1671820000.0	20534690701	604649188736	2.288	0.036	2.01101	1.55412	1.70415	1.76899	0	0	0.119246	14.715	2.465	0.179	100SPD_DIA	011_Aeromonas_hydrophila_ssp_hydrophila_DSM30187_DIA100_4113_report.stats.tsv	011_Aeromonas_hydrophila_ssp_hydrophila_DSM30187_DIA100_4113	Probe 1-96_100SPD_diaPASEF_diann_res	26793	Aeromonas hydrophila_ssp_hydrophila	196023	UniProt	UP000000756	DSM 30187(T)	DSM 30187	4121	67.36229070613928
/Probe 1-96_100SPD_diaPASEF/BacLandscape_100SPD_diaPASEF_Aeromonas_hydrophila_subsp_ranae_23_1-15-2024_4093.d	26048	2423	1421420000.0	20390296098	614691356644	2.233	0.035	1.9493	1.58156	1.86525	1.73319	0	0	0.120336	14.453	2.442	0.161	100SPD_DIA	012_Aeromonas_hydrophila_ssp_ranae_DSM17695_DIA100_4093_report.stats.tsv	012_Aeromonas_hydrophila_ssp_ranae_DSM17695_DIA100_4093	Probe 1-96_100SPD_diaPASEF_diann_res	21472	Aeromonas hydrophila_ssp_ranae	208958	UniProt	UP000000756	DSM 17695(T)	DSM 30187	4121	58.79640863867993
/Probe 1-96_100SPD_diaPASEF/BacLandscape_100SPD_diaPASEF_Aeromonas_veronii_38_1-16-2024_4123.d	23909	2294	1569160000.0	23036531232	774097389340	2.264	0.035	2.24131	1.6207	1.73955	1.72686	0	0	0.11129	14.623	2.448	0.198	100SPD_DIA	013_Aeromonas_veronii_DSM7386_DIA100_4123_report.stats.tsv	013_Aeromonas_veronii_DSM7386_DIA100_4123	Probe 1-96_100SPD_diaPASEF_diann_res	19457	Aeromonas veronii	654	UniProt	UP000006087	DSM 7386	AMC34	4109	55.82866877585787
/Probe 1-96_100SPD_diaPASEF/BacLandscape_100SPD_diaPASEF_Alcaligenes_faecalis_subsp_faecalis_21_1-15-2024_4089.d	21900	2114	1261430000.0	19415796687	564585763062	2.346	0.037	1.68471	1.64662	1.87607	1.73291	0	0	0.107356	14.337	2.438	0.16	100SPD_DIA	021_Alcaligenes_faecalis_ssp_faecalis_DSM30030_DIA100_4089_report.stats.tsv	021_Alcaligenes_faecalis_ssp_faecalis_DSM30030_DIA100_4089	Probe 1-96_100SPD_diaPASEF_diann_res	17890	Alcaligenes faecalis_ssp_faecalis	32001	UniProt	UP000830925	DSM 30030(T)	D334	3770	56.07427055702918
/Probe 1-96_100SPD_diaPASEF/BacLandscape_100SPD_diaPASEF_Alcaligenes_faecalis_subsp_parafaecalis_43_1-16-2024_4133.d	17196	1854	1160080000.0	19950945173	573010006944	2.355	0.037	2.12746	1.63597	1.57187	1.53562	0	0	0.110264	14.261	2.434	0.17	100SPD_DIA	022_Alcaligenes_faecalis_ssp_parafaecalis_DSM13975_DIA100_4133_report.stats.tsv	022_Alcaligenes_faecalis_ssp_parafaecalis_DSM13975_DIA100_4133	Probe 1-96_100SPD_diaPASEF_diann_res	14150	Alcaligenes faecalis_ssp_parafaecalis	171260	UniProt	UP000830925	DSM 13975(T)	D334	3770	49.17771883289125
/Probe 1-96_100SPD_diaPASEF/BacLandscape_100SPD_diaPASEF_Bacteroides_fragilis__31_1-16-2024_4109.d	24105	1937	1236260000.0	18241255907	478837269374	2.272	0.035	1.67613	1.51239	1.84279	1.82269	0	0	0.116345	13.935	2.407	0.2	100SPD_DIA	064_Bacteroides_fragilis_DSM2151_DIA100_4109_report.stats.tsv	064_Bacteroides_fragilis_DSM2151_DIA100_4109	Probe 1-96_100SPD_diaPASEF_diann_res	20246	Bacteroides fragilis	817	UniProt	UP000003917	DSM 2151	CL05T12C13	4409	43.93286459514629
/Probe 1-96_100SPD_diaPASEF/BacLandscape_100SPD_diaPASEF_Bordetella_pertussis_88_1-17-2024_4223.d	22285	1856	1200970000.0	18256480545	493319539178	2.309	0.036	2.1341	1.38528	1.71523	1.71924	0	0	0.135479	14.785	2.479	0.206	100SPD_DIA	066_Bordetella_pertussis_DSM5571_DIA100_4223_report.stats.tsv	066_Bordetella_pertussis_DSM5571_DIA100_4223	Probe 1-96_100SPD_diaPASEF_diann_res	18049	Bordetella pertussis	520	UniProt	UP000002676	DSM 5571(T)	NCTC 13251	3258	56.96746470227133
/Probe 1-96_100SPD_diaPASEF/BacLandscape_100SPD_diaPASEF_Brevundimonas_diminuta_92_1-17-2024_4231.d	16674	1804	1172640000.0	20098048223	592630601722	2.296	0.036	2.34131	1.45884	1.62203	1.56421	0	0	0.112548	14.458	2.443	0.192	100SPD_DIA	070_Brevundimonas_diminuta_DSM7234_DIA100_4231_report.stats.tsv	070_Brevundimonas_diminuta_DSM7234_DIA100_4231	Probe 1-96_100SPD_diaPASEF_diann_res	13746	Brevundimonas diminuta	293	UniProt	UP000195766	DSM 7234(T)	3F5N	3128	57.672634271099746
/Probe 1-96_100SPD_diaPASEF/BacLandscape_100SPD_diaPASEF_Brevundimonas_diminuta_87_1-17-2024_4221.d	17300	1862	1214070000.0	21052466900	638194701944	2.382	0.037	2.27395	1.42407	1.70401	1.64592	0	0	0.117452	14.488	2.432	0.193	100SPD_DIA	072_Brevundimonas_diminuta_DSM1635_DIA100_4221_report.stats.tsv	072_Brevundimonas_diminuta_DSM1635_DIA100_4221	Probe 1-96_100SPD_diaPASEF_diann_res	14275	Brevundimonas diminuta	293	UniProt	UP000195766	DSM 1635	3F5N	3128	59.526854219948845
/Probe 1-96_100SPD_diaPASEF/BacLandscape_100SPD_diaPASEF_Brevundimonas_vesicularis_90_1-17-2024_4227.d	26333	2213	1577700000.0	19858490709	594018440912	2.347	0.037	2.26183	1.49442	1.75299	1.65465	0	0	0.118735	14.878	2.455	0.201	100SPD_DIA	076_Brevundimonas_vesicularis_DSM7226_DIA100_4227_report.stats.tsv	076_Brevundimonas_vesicularis_DSM7226_DIA100_4227	Probe 1-96_100SPD_diaPASEF_diann_res	21546	Brevundimonas vesicularis	41276	UniProt	UP000197050	DSM 7226(T)	FDAARGOS_289	3269	67.69654328540838
/Probe 1-96_100SPD_diaPASEF/BacLandscape_100SPD_diaPASEF_Brevundimonas_vesicularis_94_1-17-2024_4235.d	20002	1867	1435390000.0	21611656257	671198547856	2.275	0.035	2.56035	1.62938	1.6659	1.58793	0	0	0.130225	14.628	2.437	0.211	100SPD_DIA	078_Brevundimonas_vesicularis_DSM108136_DIA100_4235_report.stats.tsv	078_Brevundimonas_vesicularis_DSM108136_DIA100_4235	Probe 1-96_100SPD_diaPASEF_diann_res	16345	Brevundimonas vesicularis	41276	UniProt	UP000197050	DSM 108136	FDAARGOS_289	3269	57.11226674824105
/Probe 1-96_100SPD_diaPASEF/BacLandscape_100SPD_diaPASEF_Klebsiella_quasipneumoniae_subsp_similipneumoniae_53_1-16-2024_4153.d	26959	2642	1629600000.0	22421887717	704601349136	2.241	0.035	2.53555	1.69158	1.74838	1.66701	0	0	0.113848	14.814	2.463	0.191	100SPD_DIA	098_Klebsiella_quasipneumoniae_ssp_similipneumoniae_DSM28212_DIA100_4153_report.stats.tsv	098_Klebsiella_quasipneumoniae_ssp_similipneumoniae_DSM28212_DIA100_4153	Probe 1-96_100SPD_diaPASEF_diann_res	22036	Klebsiella quasipneumoniae_ssp_similipneumoniae	1667327	UniProt	UP001058353	DSM 28212(T)	KAM644	5913	44.68121089125655
/Probe 1-96_100SPD_diaPASEF/BacLandscape_100SPD_diaPASEF_Stenotrophomonas_maltophilia___28_1-16-2024_4103.d	20080	2182	1117910000.0	18588775037	507747342894	2.349	0.037	1.70971	1.54494	1.5318	1.53219	0	0	0.103609	14.164	2.422	0.16	100SPD_DIA	100_Stenotrophomonas_maltophilia_DSM50170_DIA100_4103_report.stats.tsv	100_Stenotrophomonas_maltophilia_DSM50170_DIA100_4103	Probe 1-96_100SPD_diaPASEF_diann_res	16834	Stenotrophomonas maltophilia	40324	UniProt	UP000001867	DSM 50170(T)	R551-3	4026	54.19771485345256
/Probe 1-96_100SPD_diaPASEF/BacLandscape_100SPD_diaPASEF_Klebsiella_quasipneumoniae_subsp_quasipneumoniae_59_1-16-2024_4165.d	29242	2806	1745680000.0	23865643763	796591439102	2.271	0.035	2.50999	1.75603	1.79866	1.6964	0	0	0.119358	14.988	2.471	0.201	100SPD_DIA	107_Klebsiella_quasipneumoniae_ssp_quasipneumoniae_DSM28211_DIA100_4165_report.stats.tsv	107_Klebsiella_quasipneumoniae_ssp_quasipneumoniae_DSM28211_DIA100_4165	Probe 1-96_100SPD_diaPASEF_diann_res	23770	Klebsiella quasipneumoniae_ssp_quasipneumoniae	1667327	UniProt	UP001058353	DSM 28211(T)	KAM644	5913	47.454760696769824
/Probe 1-96_100SPD_diaPASEF/BacLandscape_100SPD_diaPASEF_Enterococcus_faecium__8_1-15-2024_4063.d	16723	1485	1199800000.0	18849421134	537187218460	2.287	0.036	1.52149	1.46127	2.16261	1.6127	0	0	0.106171	14.035	2.435	0.233	100SPD_DIA	111_Enterococcus_faecium_DSM20477_DIA100_4063_report.stats.tsv	111_Enterococcus_faecium_DSM20477_DIA100_4063	Probe 1-96_100SPD_diaPASEF_diann_res	13717	Enterococcus faecium	1352	UniProt	UP000010553	DSM 20477(T)	E1590	2877	51.6162669447341
/Probe 1-96_100SPD_diaPASEF/BacLandscape_100SPD_diaPASEF_Citrobacter_amalonaticus_35_1-16-2024_4117.d	15326	1948	989019000.0	20001382947	572895059052	2.335	0.036	1.7942	1.46612	1.6143	1.61437	0	0	0.121986	14.051	2.425	0.171	100SPD_DIA	116_Citrobacter_amalonaticus_DSM4593_DIA100_4117_report.stats.tsv	116_Citrobacter_amalonaticus_DSM4593_DIA100_4117	Probe 1-96_100SPD_diaPASEF_diann_res	12763	Citrobacter amalonaticus	35703	UniProt	UP000237003	DSM  4593(T)	S1285	5139	37.90620743335279
/Probe 1-96_100SPD_diaPASEF/BacLandscape_100SPD_diaPASEF_Citrobacter_amalonaticus_45_1-16-2024_4137.d	13273	1668	798600000.0	18075952431	471177873296	2.305	0.036	2.13385	1.61613	1.65989	1.65245	0	0	0.111566	14.019	2.43	0.176	100SPD_DIA	117_Citrobacter_amalonaticus_DSM17342_DIA100_4137_report.stats.tsv	117_Citrobacter_amalonaticus_DSM17342_DIA100_4137	Probe 1-96_100SPD_diaPASEF_diann_res	11028	Citrobacter amalonaticus	35703	UniProt	UP000237003	DSM 17342	S1285	5139	32.457676590776416
/Probe 1-96_100SPD_diaPASEF/BacLandscape_100SPD_diaPASEF_Citrobacter_freundii_67_1-16-2024_4181.d	12454	1657	922282000.0	21276809693	641024689820	2.321	0.036	2.28604	1.51668	1.64411	1.59449	0	0	0.124403	14.004	2.417	0.188	100SPD_DIA	120_Citrobacter_freundii_DSM14984_DIA100_4181_report.stats.tsv	120_Citrobacter_freundii_DSM14984_DIA100_4181	Probe 1-96_100SPD_diaPASEF_diann_res	10305	Citrobacter freundii	546	UniProt	UP000001889	DSM 14984	ICC168	4792	34.57846410684474
/Probe 1-96_100SPD_diaPASEF/BacLandscape_100SPD_diaPASEF_Citrobacter_freundii_69_1-16-2024_4185.d	11768	1547	878243000.0	21189129694	642940380402	2.295	0.036	2.09917	1.5451	1.78273	1.78284	0	0	0.121083	14.041	2.424	0.201	100SPD_DIA	123_Citrobacter_freundii_DSM24120_DIA100_4185_report.stats.tsv	123_Citrobacter_freundii_DSM24120_DIA100_4185	Probe 1-96_100SPD_diaPASEF_diann_res	9684	Citrobacter freundii	546	UniProt	UP000001889	DSM 24120	ICC168	4792	32.28297161936561
/Probe 1-96_100SPD_diaPASEF/BacLandscape_100SPD_diaPASEF_Citrobacter_koseri_80_1-16-2024_4207.d	25961	2427	1445500000.0	20016415208	563612230984	2.302	0.036	1.8523	1.42875	1.67423	1.66215	0	0	0.117431	14.677	2.467	0.187	100SPD_DIA	126_Citrobacter_koseri_DSM4570_DIA100_4207_report.stats.tsv	126_Citrobacter_koseri_DSM4570_DIA100_4207	Probe 1-96_100SPD_diaPASEF_diann_res	21370	Citrobacter koseri	545	UniProt	UP000008148	DSM 4570	ATCC BAA-895	5019	48.35624626419606
/Probe 1-96_100SPD_diaPASEF/BacLandscape_100SPD_diaPASEF_Citrobacter_koseri_64_1-16-2024_4175.d	26428	2438	1414360000.0	19634895771	547614315276	2.316	0.036	1.97757	1.41929	1.72852	1.68982	0	0	0.125494	14.68	2.467	0.195	100SPD_DIA	129_Citrobacter_koseri_DSM4596_DIA100_4175_report.stats.tsv	129_Citrobacter_koseri_DSM4596_DIA100_4175	Probe 1-96_100SPD_diaPASEF_diann_res	21809	Citrobacter koseri	545	UniProt	UP000008148	DSM 4596	ATCC BAA-895	5019	48.57541342896992
/Probe 1-96_100SPD_diaPASEF/BacLandscape_100SPD_diaPASEF_Escherichia_coli__5_1-15-2024_4057.d	24711	2140	1608510000.0	20594764297	631736416194	2.339	0.036	1.72427	1.609	1.80216	1.628	0	0	0.109644	14.403	2.445	0.186	100SPD_DIA	130_Escherichia_coli_DSM30083_DIA100_4057_report.stats.tsv	130_Escherichia_coli_DSM30083_DIA100_4057	Probe 1-96_100SPD_diaPASEF_diann_res	20302	Escherichia coli	562	UniProt	UP000008205	DSM 30083(T)	E2348/69 / EPEC	4594	46.58249891162386
/Probe 1-96_100SPD_diaPASEF/BacLandscape_100SPD_diaPASEF_Corynebacterium_diphtheriae_66_1-16-2024_4179.d	18387	1481	1215260000.0	19105883560	535141683054	2.257	0.035	2.02693	1.62611	1.70713	1.68321	0	0	0.120401	14.975	2.501	0.202	100SPD_DIA	132_Corynebacterium_diphtheriae_DSM43988_DIA100_4179_report.stats.tsv	132_Corynebacterium_diphtheriae_DSM43988_DIA100_4179	Probe 1-96_100SPD_diaPASEF_diann_res	14669	Corynebacterium diphtheriae	1717	UniProt	UP000002198	DSM 43988	ATCC 700971	2265	65.38631346578366
/Probe 1-96_100SPD_diaPASEF/BacLandscape_100SPD_diaPASEF_Haemophilus_influenzae__56_1-16-2024_4159.d	15709	1234	1188230000.0	19680699017	546381248532	2.233	0.035	2.30492	1.4356	1.74497	1.7029	0	0	0.128898	14.31	2.465	0.248	100SPD_DIA	133_Haemophilus_influenzae_DSM4690_DIA100_4159_report.stats.tsv	133_Haemophilus_influenzae_DSM4690_DIA100_4159	Probe 1-96_100SPD_diaPASEF_diann_res	12590	Haemophilus influenzae	727	UniProt	UP000000579	DSM 4690(T)	ATCC 51907	1704	72.41784037558685
/Probe 1-96_100SPD_diaPASEF/BacLandscape_100SPD_diaPASEF_Haemophilus_influenzae__95_1-17-2024_4237.d	13153	1185	1007580000.0	19729358526	563209876028	2.277	0.035	2.41491	1.48032	1.68593	1.53729	0	0	0.124643	14.188	2.455	0.231	100SPD_DIA	135_Haemophilus_influenzae_DSM10000_DIA100_4237_report.stats.tsv	135_Haemophilus_influenzae_DSM10000_DIA100_4237	Probe 1-96_100SPD_diaPASEF_diann_res	10616	Haemophilus influenzae	727	UniProt	UP000000579	DSM 10000	ATCC 51907	1704	69.54225352112677
/Probe 1-96_100SPD_diaPASEF/BacLandscape_100SPD_diaPASEF_Corynebacterium_diphtheriae_subsp_diphtheriae_32_1-16-2024_4111.d	17932	1492	1129320000.0	18049801140	481432179884	2.282	0.035	1.7322	1.40969	1.69854	1.70129	0	0	0.118713	14.842	2.491	0.195	100SPD_DIA	138_Corynebacterium_diphtheriae_ssp_diphtheriae_DSM44123_DIA100_4111_report.stats.tsv	138_Corynebacterium_diphtheriae_ssp_diphtheriae_DSM44123_DIA100_4111	Probe 1-96_100SPD_diaPASEF_diann_res	14469	Corynebacterium diphtheriae_ssp_diphtheriae	2315257	UniProt	UP000002198	DSM 44123(T)	ATCC 700971	2265	65.8719646799117
/Probe 1-96_100SPD_diaPASEF/BacLandscape_100SPD_diaPASEF_Haemophilus_influenzae__91_1-17-2024_4229.d	15852	1241	1146890000.0	18213552038	484440581172	2.24	0.035	2.11579	1.40524	1.69443	1.66261	0	0	0.124837	14.226	2.46	0.216	100SPD_DIA	139_Haemophilus_influenzae_DSM10001_DIA100_4229_report.stats.tsv	139_Haemophilus_influenzae_DSM10001_DIA100_4229	Probe 1-96_100SPD_diaPASEF_diann_res	12733	Haemophilus influenzae	727	UniProt	UP000000579	DSM 10001	ATCC 51907	1704	72.82863849765259
/Probe 1-96_100SPD_diaPASEF/BacLandscape_100SPD_diaPASEF_Corynebacterium_pseudotuberculosis__39_1-16-2024_4125.d	22206	1634	1448010000.0	19411712136	546329657920	2.309	0.036	2.02106	1.62934	1.75301	1.76443	0	0	0.118048	15.049	2.498	0.201	100SPD_DIA	141_Corynebacterium_pseudotuberculosis_DSM20689_DIA100_4125_report.stats.tsv	141_Corynebacterium_pseudotuberculosis_DSM20689_DIA100_4125	Probe 1-96_100SPD_diaPASEF_diann_res	17568	Corynebacterium pseudotuberculosis	1719	UniProt	UP000000276	DSM 20689(T)	C231	2001	81.6591704147926
/Probe 1-96_100SPD_diaPASEF/BacLandscape_100SPD_diaPASEF_Klebsiella_aerogenes__42_1-16-2024_4131.d	31532	2860	1572100000.0	20323029307	592494265976	2.304	0.036	2.17711	1.72056	1.72641	1.71091	0	0	0.118378	14.786	2.474	0.19	100SPD_DIA	142_Klebsiella_aerogenes_DSM30053_DIA100_4131_report.stats.tsv	142_Klebsiella_aerogenes_DSM30053_DIA100_4131	Probe 1-96_100SPD_diaPASEF_diann_res	26016	Klebsiella aerogenes	548	UniProt	UP000008881	DSM 30053(T)	DSM 30053	4909	58.26033815441026
/Probe 1-96_100SPD_diaPASEF/BacLandscape_100SPD_diaPASEF_Corynebacterium_pseudotuberculosis__89_1-17-2024_4225.d	19701	1555	1285500000.0	18511483104	514119474948	2.248	0.035	2.0035	1.33331	1.70143	1.68019	0	0	0.113277	14.918	2.507	0.206	100SPD_DIA	144_Corynebacterium_pseudotuberculosis_DSM7177_DIA100_4225_report.stats.tsv	144_Corynebacterium_pseudotuberculosis_DSM7177_DIA100_4225	Probe 1-96_100SPD_diaPASEF_diann_res	15632	Corynebacterium pseudotuberculosis	1719	UniProt	UP000000276	DSM 7177	C231	2001	77.71114442778611
/Probe 1-96_100SPD_diaPASEF/BacLandscape_100SPD_diaPASEF_Corynebacterium_pseudotuberculosis__86_1-17-2024_4219.d	19386	1551	1594300000.0	21367084178	647230831392	2.358	0.037	2.44491	1.59042	1.76456	1.71279	0	0	0.114375	14.97	2.489	0.211	100SPD_DIA	147_Corynebacterium_pseudotuberculosis_DSM7178_DIA100_4219_report.stats.tsv	147_Corynebacterium_pseudotuberculosis_DSM7178_DIA100_4219	Probe 1-96_100SPD_diaPASEF_diann_res	15242	Corynebacterium pseudotuberculosis	1719	UniProt	UP000000276	DSM 7178	C231	2001	77.5112443778111
/Probe 1-96_100SPD_diaPASEF/BacLandscape_100SPD_diaPASEF_Corynebacterium_ulcerans___36_1-16-2024_4119.d	20700	1666	1266540000.0	17935685175	476930412916	2.304	0.036	1.7876	1.51892	1.64379	1.61624	0	0	0.125707	14.87	2.488	0.19	100SPD_DIA	150_Corynebacterium_ulcerans_DSM46325_DIA100_4119_report.stats.tsv	150_Corynebacterium_ulcerans_DSM46325_DIA100_4119	Probe 1-96_100SPD_diaPASEF_diann_res	16651	Corynebacterium ulcerans	65058	UniProt	UP000008886	DSM 46325(T)	809	2180	76.42201834862385
/Probe 1-96_100SPD_diaPASEF/BacLandscape_100SPD_diaPASEF_Enterobacter_cloacae_subsp_cloacae_3_1-15-2024_4053.d	28502	2582	1627450000.0	20904850222	648778982864	2.34	0.036	1.73236	1.6145	1.91054	1.6742	0	0	0.122591	14.467	2.441	0.172	100SPD_DIA	153_Enterobacter_cloacae_ssp_cloacae_DSM30054_DIA100_4053_report.stats.tsv	153_Enterobacter_cloacae_ssp_cloacae_DSM30054_DIA100_4053	Probe 1-96_100SPD_diaPASEF_diann_res	23575	Enterobacter cloacae_ssp_cloacae	336306	UniProt	UP000053081	DSM 30054(T)	SMART_1094	5177	49.87444465906896
/Probe 1-96_100SPD_diaPASEF/BacLandscape_100SPD_diaPASEF_Enterobacter_hormaechei_subsp_hoffmannii_13_1-15-2024_4073.d	27824	2367	1803620000.0	22812728925	771489173184	2.327	0.036	2.04605	1.75198	1.84864	1.61357	0	0	0.117625	14.554	2.458	0.215	100SPD_DIA	159_Enterobacter_hormaechei_ssp_hoffmannii_DSM14563_DIA100_4073_report.stats.tsv	159_Enterobacter_hormaechei_ssp_hoffmannii_DSM14563_DIA100_4073	Probe 1-96_100SPD_diaPASEF_diann_res	22629	Enterobacter hormaechei_ssp_hoffmannii	1812934	UniProt	UP000742934	DSM 14563(T)	90086	4641	51.00193923723335
/Probe 1-96_100SPD_diaPASEF/BacLandscape_100SPD_diaPASEF_Enterobacter_hormaechei_subsp_hormaechei_12_1-15-2024_4071.d	28639	2510	1599940000.0	20422786784	628177495608	2.326	0.036	1.7278	1.61344	2.10694	1.7828	0	0	0.132229	14.547	2.455	0.202	100SPD_DIA	162_Enterobacter_hormaechei_ssp_hormaechei_DSM12409_DIA100_4071_report.stats.tsv	162_Enterobacter_hormaechei_ssp_hormaechei_DSM12409_DIA100_4071	Probe 1-96_100SPD_diaPASEF_diann_res	23638	Enterobacter hormaechei_ssp_hormaechei	301105	UniProt	UP000002984	DSM 12409(T)	ATCC 49162	4670	53.747323340471084
/Probe 1-96_100SPD_diaPASEF/BacLandscape_100SPD_diaPASEF_Klebsiella_pneumoniae_subsp_pneumonia_57_1-16-2024_4161.d	28133	2708	1516570000.0	21070412365	629647839544	2.232	0.035	2.28752	1.57875	1.72496	1.72004	0	0	0.124723	14.886	2.477	0.2	100SPD_DIA	163_Klebsiella_pneumoniae_ssp_pneumonia_DSM30104_DIA100_4161_report.stats.tsv	163_Klebsiella_pneumoniae_ssp_pneumonia_DSM30104_DIA100_4161	Probe 1-96_100SPD_diaPASEF_diann_res	23046	Klebsiella pneumoniae_ssp_pneumonia	72407	UniProt	UP000007841	DSM 30104(T)	HS11286	5728	47.27653631284916
/Probe 1-96_100SPD_diaPASEF/BacLandscape_100SPD_diaPASEF_Enterobacter_hormaechei_subsp_steigerwaltii_10_1-15-2024_4067.d	26436	2317	1664810000.0	22163769507	725531711524	2.279	0.035	1.7762	1.62124	1.82991	1.57309	0	0	0.1034	14.493	2.454	0.201	100SPD_DIA	165_Enterobacter_hormaechei_ssp_steigerwaltii_DSM16691_DIA100_4067_report.stats.tsv	165_Enterobacter_hormaechei_ssp_steigerwaltii_DSM16691_DIA100_4067	Probe 1-96_100SPD_diaPASEF_diann_res	21729	Enterobacter hormaechei_ssp_steigerwaltii	299766	UniProt	UP001182277	DSM 16691(T)	PEER 323	5338	43.40576995129262
/Probe 1-96_100SPD_diaPASEF/BacLandscape_100SPD_diaPASEF_Leclercia_adecarboxylata___41_1-16-2024_4129.d	25704	2471	1266850000.0	18137631194	473433491076	2.237	0.035	1.96058	1.50384	1.86279	1.75428	0	0	0.120977	14.652	2.467	0.181	100SPD_DIA	173_Leclercia_adecarboxylata_DSM5077_DIA100_4129_report.stats.tsv	173_Leclercia_adecarboxylata_DSM5077_DIA100_4129	Probe 1-96_100SPD_diaPASEF_diann_res	21399	Leclercia adecarboxylata	83655	UniProt	UP001149314	DSM 5077(T)	Lac40	5281	46.790380609733006
/Probe 1-96_100SPD_diaPASEF/BacLandscape_100SPD_diaPASEF_Legionella_pneumophila_subsp_fraseri_65_1-16-2024_4177.d	16864	1794	967986000.0	18048837336	458627314710	2.301	0.036	1.75502	1.48333	1.74071	1.71727	0	0	0.119732	13.976	2.445	0.198	100SPD_DIA	174_Legionella_pneumophila_ssp_fraseri_DSM7514_DIA100_4177_report.stats.tsv	174_Legionella_pneumophila_ssp_fraseri_DSM7514_DIA100_4177	Probe 1-96_100SPD_diaPASEF_diann_res	13808	Legionella pneumophila_ssp_fraseri	91892	UniProt	UP000254631	DSM 7514(T)	NCTC12000	3072	58.3984375
/Probe 1-96_100SPD_diaPASEF/BacLandscape_100SPD_diaPASEF_Legionella_pneumophila_subsp_pascullei_79_1-16-2024_4205.d	26649	2194	1189050000.0	17897377220	449513806618	2.245	0.035	1.71842	1.47736	1.84855	1.8506	0	0	0.124137	14.395	2.478	0.199	100SPD_DIA	180_Legionella_pneumophila_ssp_pascullei_DSM7515_DIA100_4205_report.stats.tsv	180_Legionella_pneumophila_ssp_pascullei_DSM7515_DIA100_4205	Probe 1-96_100SPD_diaPASEF_diann_res	21801	Legionella pneumophila_ssp_pascullei	91890	UniProt	UP000249566	DSM 7515(T)	NCTC12272	3056	71.79319371727748
/Probe 1-96_100SPD_diaPASEF/BacLandscape_100SPD_diaPASEF_Legionella_pneumophila_subsp_pneumophila_68_1-16-2024_4183.d	27800	2191	1385220000.0	19420333133	526064486760	2.284	0.036	1.83473	1.47784	1.80731	1.8048	0	0	0.125417	14.516	2.482	0.214	100SPD_DIA	184_Legionella_pneumophila_ssp_pneumophila_DSM7513_DIA100_4183_report.stats.tsv	184_Legionella_pneumophila_ssp_pneumophila_DSM7513_DIA100_4183	Probe 1-96_100SPD_diaPASEF_diann_res	22548	Legionella pneumophila_ssp_pneumophila	91891	UniProt	UP000000609	DSM 7513(T)	DSM 7513	2930	74.77815699658703
/Probe 1-96_100SPD_diaPASEF/BacLandscape_100SPD_diaPASEF_Leuconostoc_pseudomesenteroides__96_1-17-2024_4239.d	15653	1206	969482000.0	16395386700	398753127716	2.246	0.035	2.14801	1.4183	1.90974	1.79147	0	0	0.121295	14.487	2.473	0.216	100SPD_DIA	200_Leuconostoc_pseudomesenteroides_DSM20193_DIA100_4239_report.stats.tsv	200_Leuconostoc_pseudomesenteroides_DSM20193_DIA100_4239	Probe 1-96_100SPD_diaPASEF_diann_res	12652	Leuconostoc pseudomesenteroides	33968	UniProt	UP000321296	DSM 20193(T)	CBA3630	2115	57.02127659574469
/Probe 1-96_100SPD_diaPASEF/BacLandscape_100SPD_diaPASEF_Micrococcus_luteus__4_1-15-2024_4055.d	23467	1676	1486750000.0	18761955291	542823730866	2.363	0.037	1.47658	1.3966	2.12708	1.81313	0	0	0.119335	15.132	2.522	0.227	100SPD_DIA	210_Micrococcus_luteus_DSM20030_DIA100_4055_report.stats.tsv	210_Micrococcus_luteus_DSM20030_DIA100_4055	Probe 1-96_100SPD_diaPASEF_diann_res	18638	Micrococcus luteus	1270	UniProt	UP000000738	DSM 20030(T)	ATCC 4698/DSM 20030	2207	75.94019030357953
/Probe 1-96_100SPD_diaPASEF/BacLandscape_100SPD_diaPASEF_Micrococcus_luteus__85_1-17-2024_4217.d	16488	1446	1259700000.0	20022415899	584134952172	2.356	0.037	2.49809	1.56603	1.77678	1.66407	0	0	0.12469	14.999	2.498	0.197	100SPD_DIA	212_Micrococcus_luteus_DSM14234_DIA100_4217_report.stats.tsv	212_Micrococcus_luteus_DSM14234_DIA100_4217	Probe 1-96_100SPD_diaPASEF_diann_res	13068	Micrococcus luteus	1270	UniProt	UP000000738	DSM 14234	ATCC 4698/DSM 20030	2207	65.51880380607159
/Probe 1-96_100SPD_diaPASEF/BacLandscape_100SPD_diaPASEF_Moraxella_catarrhalis__50_1-16-2024_4147.d	18321	1252	1400110000.0	21042220180	634179913108	2.239	0.035	2.42011	1.57472	1.78428	1.77334	0	0	0.116894	14.891	2.519	0.214	100SPD_DIA	214_Moraxella_catarrhalis_DSM9143_DIA100_4147_report.stats.tsv	214_Moraxella_catarrhalis_DSM9143_DIA100_4147	Probe 1-96_100SPD_diaPASEF_diann_res	14223	Moraxella catarrhalis	480	UniProt	UP000280228	DSM 9143(T)	46P58B1	2116	59.168241965973536
/Probe 1-96_100SPD_diaPASEF/BacLandscape_100SPD_diaPASEF_Moraxella_catarrhalis__48_1-16-2024_4143.d	18328	1279	1202440000.0	19932037065	564976104126	2.268	0.035	2.17556	1.61899	1.75379	1.71028	0	0	0.11681	14.9	2.526	0.228	100SPD_DIA	216_Moraxella_catarrhalis_DSM11994_DIA100_4143_report.stats.tsv	216_Moraxella_catarrhalis_DSM11994_DIA100_4143	Probe 1-96_100SPD_diaPASEF_diann_res	14355	Moraxella catarrhalis	480	UniProt	UP000280228	DSM 11994	46P58B1	2116	60.444234404536864
/Probe 1-96_100SPD_diaPASEF/BacLandscape_100SPD_diaPASEF_Morganella_morganii_subsp_morganii_47_1-16-2024_4141.d	23170	2048	1267650000.0	18734184319	506209956796	2.293	0.036	2.03568	1.45848	1.77678	1.77044	0	0	0.110896	14.616	2.465	0.198	100SPD_DIA	218_Morganella_morganii_ssp_morganii_DSM30164_DIA100_4141_report.stats.tsv	218_Morganella_morganii_ssp_morganii_DSM30164_DIA100_4141	Probe 1-96_100SPD_diaPASEF_diann_res	18915	Morganella morganii_ssp_morganii	180434	UniProt	UP000011834	DSM 30164(T)	KT	3510	58.34757834757834
/Probe 1-96_100SPD_diaPASEF/BacLandscape_100SPD_diaPASEF_Morganella_morganii_subsp_morganii_46_1-16-2024_4139.d	24387	2057	1342850000.0	19427435646	537730817620	2.283	0.036	2.27526	1.55479	1.77145	1.77074	0	0	0.116562	14.735	2.478	0.209	100SPD_DIA	220_Morganella_morganii_ssp_morganii_DSM30117_DIA100_4139_report.stats.tsv	220_Morganella_morganii_ssp_morganii_DSM30117_DIA100_4139	Probe 1-96_100SPD_diaPASEF_diann_res	19934	Morganella morganii_ssp_morganii	180434	UniProt	UP000011834	DSM 30117	KT	3510	58.6039886039886
/Probe 1-96_100SPD_diaPASEF/BacLandscape_100SPD_diaPASEF_Morganella_morganii_subsp_sibonii_55_1-16-2024_4157.d	18658	1854	1289300000.0	21061269642	642054359266	2.306	0.036	2.44289	1.6273	1.8419	1.69143	0	0	0.126256	14.49	2.458	0.213	100SPD_DIA	222_Morganella_morganii_ssp_sibonii_DSM14850_DIA100_4157_report.stats.tsv	222_Morganella_morganii_ssp_sibonii_DSM14850_DIA100_4157	Probe 1-96_100SPD_diaPASEF_diann_res	15117	Morganella morganii_ssp_sibonii	180435	UniProt	UP000011834	DSM 14850(T)	KT	3510	52.820512820512825
/Probe 1-96_100SPD_diaPASEF/BacLandscape_100SPD_diaPASEF_Morganella_morganii_subsp_sibonii_44_1-16-2024_4135.d	20992	1919	1216060000.0	18735397514	496010192056	2.304	0.036	2.25935	1.46573	1.82435	1.81671	0	0	0.113768	14.628	2.462	0.191	100SPD_DIA	224_Morganella_morganii_ssp_sibonii_DSM6675_DIA100_4135_report.stats.tsv	224_Morganella_morganii_ssp_sibonii_DSM6675_DIA100_4135	Probe 1-96_100SPD_diaPASEF_diann_res	17165	Morganella morganii_ssp_sibonii	180435	UniProt	UP000011834	DSM 6675	KT	3510	54.67236467236467
/Probe 1-96_100SPD_diaPASEF/BacLandscape_100SPD_diaPASEF_Neisseria_gonorrhoeae__52_1-16-2024_4151.d	16557	1254	1154040000.0	21341392813	646537704812	2.305	0.036	2.33926	1.59125	1.71623	1.69767	0	0	0.122448	14.566	2.455	0.231	100SPD_DIA	225_Neisseria_gonorrhoeae_DSM9188_DIA100_4151_report.stats.tsv	225_Neisseria_gonorrhoeae_DSM9188_DIA100_4151	Probe 1-96_100SPD_diaPASEF_diann_res	13348	Neisseria gonorrhoeae	485	UniProt	UP000000535	DSM 9188(T)	ATCC 700825	2106	59.54415954415955
/Probe 1-96_100SPD_diaPASEF/BacLandscape_100SPD_diaPASEF_Neisseria_gonorrhoeae__51_1-16-2024_4149.d	17318	1255	1173570000.0	20413389075	593035040004	2.288	0.036	2.19071	1.56653	1.81171	1.8032	0	0	0.1236	14.534	2.468	0.239	100SPD_DIA	226_Neisseria_gonorrhoeae_DSM9189_DIA100_4149_report.stats.tsv	226_Neisseria_gonorrhoeae_DSM9189_DIA100_4149	Probe 1-96_100SPD_diaPASEF_diann_res	13922	Neisseria gonorrhoeae	485	UniProt	UP000000535	DSM 9189	ATCC 700825	2106	59.59164292497626
/Probe 1-96_100SPD_diaPASEF/BacLandscape_100SPD_diaPASEF_Neisseria_meningitidis__49_1-16-2024_4145.d	15370	1241	1166850000.0	21029084377	617683757702	2.321	0.036	2.6102	1.59269	1.66226	1.63793	0	0	0.124313	14.389	2.446	0.232	100SPD_DIA	227_Neisseria_meningitidis_DSM10036_DIA100_4145_report.stats.tsv	227_Neisseria_meningitidis_DSM10036_DIA100_4145	Probe 1-96_100SPD_diaPASEF_diann_res	12382	Neisseria meningitidis	487	UniProt	UP000000425	DSM 10036(T)	MC58	2001	62.01899050474763
/Probe 1-96_100SPD_diaPASEF/BacLandscape_100SPD_diaPASEF_Pantoea_agglomerans__54_1-16-2024_4155.d	27289	2529	1357170000.0	19640622724	558286096276	2.263	0.035	2.05852	1.49098	1.72823	1.71484	0	0	0.116051	14.744	2.474	0.185	100SPD_DIA	228_Pantoea_agglomerans_DSM3493_DIA100_4155_report.stats.tsv	228_Pantoea_agglomerans_DSM3493_DIA100_4155	Probe 1-96_100SPD_diaPASEF_diann_res	22538	Pantoea agglomerans	549	UniProt	UP001158961	DSM 3493(T)	DAPP-PG734	4972	50.864843121480284
/Probe 1-96_100SPD_diaPASEF/BacLandscape_100SPD_diaPASEF_Pantoea_agglomerans__60_1-16-2024_4167.d	25151	2535	1311970000.0	20567991356	601354529112	2.29	0.036	2.10144	1.53606	1.76478	1.71274	0	0	0.116904	14.69	2.462	0.184	100SPD_DIA	229_Pantoea_agglomerans_DSM1619_DIA100_4167_report.stats.tsv	229_Pantoea_agglomerans_DSM1619_DIA100_4167	Probe 1-96_100SPD_diaPASEF_diann_res	20904	Pantoea agglomerans	549	UniProt	UP001158961	DSM 1619	DAPP-PG734	4972	50.98551890587289
/Probe 1-96_100SPD_diaPASEF/BacLandscape_100SPD_diaPASEF_Paracoccus_yeei__83_1-17-2024_4213.d	27211	2436	1673930000.0	21507590498	670880980900	2.318	0.036	2.60739	1.62825	1.71648	1.6736	0	0	0.120771	14.788	2.455	0.193	100SPD_DIA	230_Paracoccus_yeei_DSM30768_DIA100_4213_report.stats.tsv	230_Paracoccus_yeei_DSM30768_DIA100_4213	Probe 1-96_100SPD_diaPASEF_diann_res	22315	Paracoccus yeei	147645	UniProt	UP000191257	DSM 30768	FDAARGOS_252	4275	56.98245614035088
/Probe 1-96_100SPD_diaPASEF/BacLandscape_100SPD_diaPASEF_Proteus_mirabilis__71_1-16-2024_4189.d	23419	2059	1383260000.0	20225441259	575600426796	2.262	0.035	1.98528	1.57048	1.73818	1.7018	0	0	0.1216	14.735	2.473	0.213	100SPD_DIA	232_Proteus_mirabilis_DSM4479_DIA100_4189_report.stats.tsv	232_Proteus_mirabilis_DSM4479_DIA100_4189	Probe 1-96_100SPD_diaPASEF_diann_res	19056	Proteus mirabilis	584	UniProt	UP000008319	DSM 4479(T)	HI4320	3661	56.241464080852225
/Probe 1-96_100SPD_diaPASEF/BacLandscape_100SPD_diaPASEF_Proteus_mirabilis__76_1-16-2024_4199.d	23103	2019	1474960000.0	21105376892	623554931320	2.303	0.036	2.20681	1.58686	1.74087	1.72103	0	0	0.119894	14.8	2.472	0.207	100SPD_DIA	233_Proteus_mirabilis_DSM788_DIA100_4199_report.stats.tsv	233_Proteus_mirabilis_DSM788_DIA100_4199	Probe 1-96_100SPD_diaPASEF_diann_res	18688	Proteus mirabilis	584	UniProt	UP000008319	DSM 788	HI4320	3661	55.14886642993717
/Probe 1-96_100SPD_diaPASEF/BacLandscape_100SPD_diaPASEF_Proteus_vulgaris___63_1-16-2024_4173.d	25001	2082	1373950000.0	19027138618	515646242184	2.257	0.035	1.96946	1.55697	1.77415	1.74214	0	0	0.114691	14.68	2.477	0.21	100SPD_DIA	246_Proteus_vulgaris_DSM13387_DIA100_4173_report.stats.tsv	246_Proteus_vulgaris_DSM13387_DIA100_4173	Probe 1-96_100SPD_diaPASEF_diann_res	20400	Proteus vulgaris	585	UniProt	UP000254331	DSM 13387(T)	NCTC10376	3963	52.53595760787282
/Probe 1-96_100SPD_diaPASEF/BacLandscape_100SPD_diaPASEF_Proteus_vulgaris___62_1-16-2024_4171.d	25124	2108	1378000000.0	19509450480	537957476618	2.269	0.035	1.94269	1.48981	1.67528	1.67682	0	0	0.111349	14.573	2.462	0.2	100SPD_DIA	247_Proteus_vulgaris_DSM2140_DIA100_4171_report.stats.tsv	247_Proteus_vulgaris_DSM2140_DIA100_4171	Probe 1-96_100SPD_diaPASEF_diann_res	20557	Proteus vulgaris	585	UniProt	UP000254331	DSM 2140	NCTC10376	3963	53.19202624274539
/Probe 1-96_100SPD_diaPASEF/BacLandscape_100SPD_diaPASEF_Streptococcus_agalactiae_16_1-15-2024_4079.d	17650	1281	1326840000.0	19608802032	552707771920	2.232	0.035	1.7083	1.60743	1.94695	1.75743	0	0	0.11877	14.346	2.469	0.298	100SPD_DIA	249_Streptococcus_agalactiae_DSM6784_DIA100_4079_report.stats.tsv	249_Streptococcus_agalactiae_DSM6784_DIA100_4079	Probe 1-96_100SPD_diaPASEF_diann_res	14241	Streptococcus agalactiae	1311	UniProt	UP000000821	DSM 6784	ATCC BAA-611	2105	60.85510688836104
/Probe 1-96_100SPD_diaPASEF/BacLandscape_100SPD_diaPASEF_Providencia_rettgeri_34_1-16-2024_4115.d	20039	1955	1157740000.0	18894373823	504792673652	2.316	0.036	1.97133	1.64454	1.81386	1.79114	0	0	0.123119	14.128	2.43	0.187	100SPD_DIA	250_Providencia_rettgeri_DSM4542_DIA100_4115_report.stats.tsv	250_Providencia_rettgeri_DSM4542_DIA100_4115	Probe 1-96_100SPD_diaPASEF_diann_res	16539	Providencia rettgeri	587	UniProt	UP001155882	DSM 4542(T)	2021EL-01139	4250	46.0
/Probe 1-96_100SPD_diaPASEF/BacLandscape_100SPD_diaPASEF_Streptococcus_dysgalactiae_subsp_dysgalactiae_9_1-15-2024_4065.d	16500	1272	1195380000.0	18111616190	486747166844	2.26	0.035	1.64587	1.539	2.17681	1.66022	0	0	0.121614	14.335	2.464	0.23	100SPD_DIA	251_Streptococcus_dysgalactiae_ssp_dysgalactiae_DSM20662_DIA100_4065_report.stats.tsv	251_Streptococcus_dysgalactiae_ssp_dysgalactiae_DSM20662_DIA100_4065	Probe 1-96_100SPD_diaPASEF_diann_res	13370	Streptococcus dysgalactiae_ssp_dysgalactiae	99822	UniProt	UP000254797	DSM 20662(T)	NCTC4670	2191	58.05568233683249
/Probe 1-96_100SPD_diaPASEF/BacLandscape_100SPD_diaPASEF_Providencia_rettgeri_73_1-16-2024_4193.d	23492	2200	1235090000.0	19305998479	540443497120	2.286	0.036	1.81188	1.58541	1.78598	1.77273	0	0	0.114875	14.513	2.452	0.193	100SPD_DIA	252_Providencia_rettgeri_DSM1131_DIA100_4193_report.stats.tsv	252_Providencia_rettgeri_DSM1131_DIA100_4193	Probe 1-96_100SPD_diaPASEF_diann_res	19393	Providencia rettgeri	587	UniProt	UP001155882	DSM 1131(T)	2021EL-01139	4250	51.76470588235295
/Probe 1-96_100SPD_diaPASEF/BacLandscape_100SPD_diaPASEF_Streptococcus_dysgalactiae_subsp_equisimilis_7_1-15-2024_4061.d	16667	1273	1212740000.0	18067598879	486184705000	2.287	0.036	1.57521	1.50649	1.93895	1.63794	0	0	0.112775	14.271	2.454	0.211	100SPD_DIA	253_Streptococcus_dysgalactiae_ssp_equisimilis_DSM6176_DIA100_4061_report.stats.tsv	253_Streptococcus_dysgalactiae_ssp_equisimilis_DSM6176_DIA100_4061	Probe 1-96_100SPD_diaPASEF_diann_res	13557	Streptococcus dysgalactiae_ssp_equisimilis	119602	UniProt	UP000009215	DSM 6176	AC-2713	2195	57.99544419134396
/Probe 1-96_100SPD_diaPASEF/BacLandscape_100SPD_diaPASEF_Providencia_stuartii_24_1-15-2024_4095.d	27369	2280	1565340000.0	20197245041	587249592012	2.274	0.035	1.80561	1.65699	1.91112	1.86898	0	0	0.122965	14.508	2.453	0.189	100SPD_DIA	254_Providencia_stuartii_DSM4539_DIA100_4095_report.stats.tsv	254_Providencia_stuartii_DSM4539_DIA100_4095	Probe 1-96_100SPD_diaPASEF_diann_res	22188	Providencia stuartii	588	UniProt	UP000005012	DSM 4539(T)	MRSN 2154	4220	54.02843601895735
/Probe 1-96_100SPD_diaPASEF/BacLandscape_100SPD_diaPASEF_Streptococcus_dysgalactiae_subsp_equisimilis_11_1-15-2024_4069.d	18078	1292	1498870000.0	21274442479	655476706936	2.257	0.035	1.68295	1.614	2.01211	1.77291	0	0	0.121828	14.484	2.473	0.246	100SPD_DIA	255_Streptococcus_dysgalactiae_ssp_equisimilis_DSM23147_DIA100_4069_report.stats.tsv	255_Streptococcus_dysgalactiae_ssp_equisimilis_DSM23147_DIA100_4069	Probe 1-96_100SPD_diaPASEF_diann_res	14450	Streptococcus dysgalactiae_ssp_equisimilis	119602	UniProt	UP000009215	DSM 23147(T)	AC-2713	2195	58.86104783599089
/Probe 1-96_100SPD_diaPASEF/BacLandscape_100SPD_diaPASEF_Providencia_stuartii_74_1-16-2024_4195.d	23687	2178	1125400000.0	17777208028	458288459498	2.29	0.036	1.71779	1.36498	1.84086	1.84671	0	0	0.11469	14.465	2.445	0.181	100SPD_DIA	256_Providencia_stuartii_DSM2250_DIA100_4195_report.stats.tsv	256_Providencia_stuartii_DSM2250_DIA100_4195	Probe 1-96_100SPD_diaPASEF_diann_res	19632	Providencia stuartii	588	UniProt	UP000005012	DSM 2250	MRSN 2154	4220	51.61137440758294
/Probe 1-96_100SPD_diaPASEF/BacLandscape_100SPD_diaPASEF_Streptococcus_pneumoniae___14_1-15-2024_4075.d	13793	1177	521241000.0	14185563879	322408580804	2.261	0.035	1.41868	1.32315	2.31825	1.80564	0	0	0.112984	13.676	2.39	0.196	100SPD_DIA	261_Streptococcus_pneumoniae_DSM11865_DIA100_4075_report.stats.tsv	261_Streptococcus_pneumoniae_DSM11865_DIA100_4075	Probe 1-96_100SPD_diaPASEF_diann_res	11716	Streptococcus pneumoniae	1313	UniProt	UP000000585	DSM 11865	ATCC BAA-334	2109	55.80844001896633
/Probe 1-96_100SPD_diaPASEF/BacLandscape_100SPD_diaPASEF_Streptococcus_pyogenes__17_1-15-2024_4081.d	16147	1171	1296790000.0	18983182081	524122558344	2.242	0.035	1.57752	1.56231	2.03842	1.70678	0	0	0.120463	14.417	2.465	0.225	100SPD_DIA	263_Streptococcus_pyogenes_DSM2071_DIA100_4081_report.stats.tsv	263_Streptococcus_pyogenes_DSM2071_DIA100_4081	Probe 1-96_100SPD_diaPASEF_diann_res	12938	Streptococcus pyogenes	1314	UniProt	UP000000750	DSM 2071	ATCC 700294 / SF370 / Serotype M1	1690	69.28994082840237
/Probe 1-96_100SPD_diaPASEF/BacLandscape_100SPD_diaPASEF_Pseudomonas_stutzeri_27_1-15-2024_4101.d	25623	2386	1366960000.0	19109548192	527240521012	2.333	0.036	1.72839	1.38771	1.64223	1.72138	0	0	0.110906	14.323	2.428	0.159	100SPD_DIA	264_Pseudomonas_stutzeri_DSM5190_DIA100_4101_report.stats.tsv	264_Pseudomonas_stutzeri_DSM5190_DIA100_4101	Probe 1-96_100SPD_diaPASEF_diann_res	21097	Pseudomonas stutzeri	316	UniProt	UP000000233	DSM 5190(T)	A1501	4092	58.3088954056696
/Probe 1-96_100SPD_diaPASEF/BacLandscape_100SPD_diaPASEF_Streptococcus_pyogenes__15_1-15-2024_4077.d	15194	1121	1200320000.0	18030220773	484227846780	2.241	0.035	1.56222	1.50924	2.06638	1.78671	0	0	0.123093	14.35	2.464	0.219	100SPD_DIA	265_Streptococcus_pyogenes_DSM2072_DIA100_4077_report.stats.tsv	265_Streptococcus_pyogenes_DSM2072_DIA100_4077	Probe 1-96_100SPD_diaPASEF_diann_res	12215	Streptococcus pyogenes	1314	UniProt	UP000000750	DSM 2072	ATCC 700294 / SF370 / Serotype M1	1690	66.33136094674556
/Probe 1-96_100SPD_diaPASEF/BacLandscape_100SPD_diaPASEF_Pseudomonas_stutzeri_93_1-17-2024_4233.d	15774	2023	886835000.0	18633083576	505146111784	2.324	0.036	2.31887	1.50639	1.80676	1.68484	0	0	0.118102	14.015	2.433	0.162	100SPD_DIA	266_Pseudomonas_stutzeri_DSM13592_DIA100_4233_report.stats.tsv	266_Pseudomonas_stutzeri_DSM13592_DIA100_4233	Probe 1-96_100SPD_diaPASEF_diann_res	13144	Pseudomonas stutzeri	316	UniProt	UP000000233	DSM 13592	A1501	4092	49.437927663734115
/Probe 1-96_100SPD_diaPASEF/BacLandscape_100SPD_diaPASEF_Streptococcus_sanguinis_19_1-15-2024_4085.d	15615	1480	920228000.0	16423376624	410330486258	2.292	0.036	1.44007	1.39464	2.0699	1.78306	0	0	0.119545	13.889	2.409	0.2	100SPD_DIA	267_Streptococcus_sanguinis_DSM20068_DIA100_4085_report.stats.tsv	267_Streptococcus_sanguinis_DSM20068_DIA100_4085	Probe 1-96_100SPD_diaPASEF_diann_res	12998	Streptococcus sanguinis	1305	UniProt	UP000002148	DSM 20068(T)	SK36	2269	65.22697223446453
/Probe 1-96_100SPD_diaPASEF/BacLandscape_100SPD_diaPASEF_Streptococcus_sanguinis_18_1-15-2024_4083.d	16916	1418	1276030000.0	19447880725	564305926450	2.264	0.035	1.74571	1.62479	1.8229	1.58544	0	0	0.125928	14.275	2.437	0.233	100SPD_DIA	269_Streptococcus_sanguinis_DSM20567_DIA100_4083_report.stats.tsv	269_Streptococcus_sanguinis_DSM20567_DIA100_4083	Probe 1-96_100SPD_diaPASEF_diann_res	13743	Streptococcus sanguinis	1305	UniProt	UP000002148	DSM 20567	SK36	2269	62.494490965182905
/Probe 1-96_100SPD_diaPASEF/BacLandscape_100SPD_diaPASEF_Shigella_boydii_29_1-16-2024_4105.d	23289	1901	1605660000.0	20601903202	597255599792	2.344	0.036	2.06463	1.6081	1.84532	1.8303	0	0	0.11563	14.615	2.461	0.192	100SPD_DIA	270_Shigella_boydii_DSM7532_DIA100_4105_report.stats.tsv	270_Shigella_boydii_DSM7532_DIA100_4105	Probe 1-96_100SPD_diaPASEF_diann_res	18752	Shigella boydii	621	UniProt	UP000001030	DSM 7532(T)	BS512	4143	45.884624668114895
/Probe 1-96_100SPD_diaPASEF/BacLandscape_100SPD_diaPASEF_Vibrio_cholerae_20_1-15-2024_4087.d	28174	2409	1581300000.0	20034919454	584738103220	2.29	0.036	1.64971	1.56751	1.9258	1.68099	0	0	0.118374	14.494	2.454	0.168	100SPD_DIA	271_Vibrio_cholerae_DSM100200_DIA100_4087_report.stats.tsv	271_Vibrio_cholerae_DSM100200_DIA100_4087	Probe 1-96_100SPD_diaPASEF_diann_res	23046	Vibrio cholerae	666	UniProt	UP000000584	DSM 100200(T)	ATCC 39315	3781	63.713303358899765
/Probe 1-96_100SPD_diaPASEF/BacLandscape_100SPD_diaPASEF_Shigella_dysenteriae_81_1-17-2024_4209.d	20092	1822	1196140000.0	19134335724	525981167780	2.262	0.035	1.88339	1.39467	1.65055	1.65424	0	0	0.109455	14.489	2.465	0.2	100SPD_DIA	272_Shigella_dysenteriae_DSM103303_DIA100_4209_report.stats.tsv	272_Shigella_dysenteriae_DSM103303_DIA100_4209	Probe 1-96_100SPD_diaPASEF_diann_res	16336	Shigella dysenteriae	622	UniProt	UP000002716	DSM 103303	Sd197	3897	46.75391326661534
/Probe 1-96_100SPD_diaPASEF/BacLandscape_100SPD_diaPASEF_Vibrio_cholerae_61_1-16-2024_4169.d	26561	2313	1431190000.0	20150970297	569985916836	2.27	0.035	2.36922	1.45214	1.71484	1.72856	0	0	0.124732	14.647	2.468	0.187	100SPD_DIA	273_Vibrio_cholerae_DSM101014_DIA100_4169_report.stats.tsv	273_Vibrio_cholerae_DSM101014_DIA100_4169	Probe 1-96_100SPD_diaPASEF_diann_res	21704	Vibrio cholerae	666	UniProt	UP000000584	DSM 101014	ATCC 39315	3781	61.17429251520762
/Probe 1-96_100SPD_diaPASEF/BacLandscape_100SPD_diaPASEF_Shigella_flexneri_37_1-16-2024_4121.d	23353	1933	1366330000.0	19386257156	541444272700	2.277	0.035	1.78275	1.46118	1.66769	1.64746	0	0	0.121686	14.557	2.465	0.195	100SPD_DIA	274_Shigella_flexneri_DSM4782_DIA100_4121_report.stats.tsv	274_Shigella_flexneri_DSM4782_DIA100_4121	Probe 1-96_100SPD_diaPASEF_diann_res	19028	Shigella flexneri	623	UniProt	UP000001006	DSM 4782(T)	301	4103	47.11186936388009
/Probe 1-96_100SPD_diaPASEF/BacLandscape_100SPD_diaPASEF_Yersinia_pseudotuberculosis_78_1-16-2024_4203.d	22253	1865	1162130000.0	17610609214	451734074692	2.27	0.035	1.65966	1.48428	1.72728	1.67797	0	0	0.112275	14.684	2.478	0.188	100SPD_DIA	275_Yersinia_pseudotuberculosis_DSM22972_DIA100_4203_report.stats.tsv	275_Yersinia_pseudotuberculosis_DSM22972_DIA100_4203	Probe 1-96_100SPD_diaPASEF_diann_res	18105	Yersinia pseudotuberculosis	633	UniProt	UP000001011	DSM 22972	IP32953	4016	46.439243027888445
/Probe 1-96_100SPD_diaPASEF/BacLandscape_100SPD_diaPASEF_Shigella_sonnei__84_1-17-2024_4215.d	24110	2034	1603260000.0	22861839101	747280799200	2.277	0.035	2.46463	1.55683	1.84858	1.79175	0	0	0.11697	14.759	2.471	0.223	100SPD_DIA	278_Shigella_sonnei_DSM25715_DIA100_4215_report.stats.tsv	278_Shigella_sonnei_DSM25715_DIA100_4215	Probe 1-96_100SPD_diaPASEF_diann_res	19395	Shigella sonnei	624	UniProt	UP000002529	DSM 25715	Ss046	4068	50.0
/Probe 1-96_100SPD_diaPASEF/BacLandscape_100SPD_diaPASEF_Sphingomonas_paucimobilis_82_1-17-2024_4211.d	29511	2682	1833700000.0	22962788535	757213147040	2.322	0.036	2.59208	1.62741	1.82026	1.77036	0	0	0.114639	14.997	2.452	0.202	100SPD_DIA	280_Sphingomonas_paucimobilis_DSM30198_DIA100_4211_report.stats.tsv	280_Sphingomonas_paucimobilis_DSM30198_DIA100_4211	Probe 1-96_100SPD_diaPASEF_diann_res	24169	Sphingomonas paucimobilis	13689	UniProt	UP000594836	DSM 30198	DSM 30198	4127	64.98667312818027
/Probe 1-96_100SPD_diaPASEF/BacLandscape_100SPD_diaPASEF_Staphylococcus_capitis_subsp_capitis_30_1-16-2024_4107.d	17719	1404	1108700000.0	17307707758	438835059574	2.271	0.035	1.42934	1.37212	1.74559	1.68193	0	0	0.132175	14.173	2.478	0.258	100SPD_DIA	281_Staphylococcus_capitis_ssp_capitis_DSM20326_DIA100_4107_report.stats.tsv	281_Staphylococcus_capitis_ssp_capitis_DSM20326_DIA100_4107	Probe 1-96_100SPD_diaPASEF_diann_res	14229	Staphylococcus capitis_ssp_capitis	72758	UniProt	UP000550736	DSM 20326(T)	"""12-86"""	2537	55.340953882538436
/Probe 1-96_100SPD_diaPASEF/BacLandscape_100SPD_diaPASEF_Staphylococcus_capitis_subsp_urealyticus_70_1-16-2024_4187.d	17481	1489	712950000.0	14173008128	309197587680	2.227	0.035	1.30054	1.22166	1.91509	1.84813	0	0	0.128518	14.252	2.497	0.294	100SPD_DIA	282_Staphylococcus_capitis_ssp_urealyticus_DSM6717_DIA100_4187_report.stats.tsv	282_Staphylococcus_capitis_ssp_urealyticus_DSM6717_DIA100_4187	Probe 1-96_100SPD_diaPASEF_diann_res	14412	Staphylococcus capitis_ssp_urealyticus	74703	UniProt	UP000550736	DSM 6717(T)	"""12-86"""	2537	58.69136775719353
/Probe 1-96_100SPD_diaPASEF/BacLandscape_100SPD_diaPASEF_Staphylococcus_pasteuri__72_1-16-2024_4191.d	10985	1134	804526000.0	17748022665	456923076776	2.245	0.035	1.79111	1.57038	1.6994	1.6731	0	0	0.125997	14.063	2.478	0.302	100SPD_DIA	283_Staphylococcus_pasteuri_DSM10656_DIA100_4191_report.stats.tsv	283_Staphylococcus_pasteuri_DSM10656_DIA100_4191	Probe 1-96_100SPD_diaPASEF_diann_res	8890	Staphylococcus pasteuri	45972	UniProt	UP000261016	DSM 10656(T)	OM08-17AT	2545	44.55795677799607
/Probe 1-96_100SPD_diaPASEF/BacLandscape_100SPD_diaPASEF_Staphylococcus_pasteuri__75_1-16-2024_4197.d	8604	1088	331677000.0	12301317071	244593804784	2.24	0.035	1.27434	1.22899	2.12085	1.9503	0	0	0.133	13.614	2.437	0.25	100SPD_DIA	284_Staphylococcus_pasteuri_DSM10657_DIA100_4197_report.stats.tsv	284_Staphylococcus_pasteuri_DSM10657_DIA100_4197	Probe 1-96_100SPD_diaPASEF_diann_res	7220	Staphylococcus pasteuri	45972	UniProt	UP000261016	DSM 10657	OM08-17AT	2545	42.750491159135564
/Probe 97-192_100SPD_diaPASEF/BacLandscape_100SPD_diaPASEF_Achromobacter_xylosoxidans__183_2-7-2024_5226.d	20025	2457	1094280000.0	17465918562	482341492704	2.379	0.037	2.11972	1.54695	1.74535	1.64075	0	0	0.122232	13.875	2.368	0.165	100SPD_DIA	001_Achromobacter_xylosoxidans_HST_62_DIA100_5226_report.stats.tsv	001_Achromobacter_xylosoxidans_HST_62_DIA100_5226	Probe 97-192_100SPD_diaPASEF_diann_res	17286	Achromobacter xylosoxidans	85698	UniProt	UP000060602	HST 62	FDAARGOS_147	6134	40.05542875774372
/Probe 97-192_100SPD_diaPASEF/BacLandscape_100SPD_diaPASEF_Acinetobacter_baumannii_142_2-6-2024_5144.d	26838	2222	1430800000.0	18588825375	530729843968	2.269	0.035	2.92885	1.44429	1.98207	1.72638	0	0	0.123705	14.314	2.443	0.215	100SPD_DIA	003_Acinetobacter_baumannii_DSM30011_DIA100_5144_report.stats.tsv	003_Acinetobacter_baumannii_DSM30011_DIA100_5144	Probe 97-192_100SPD_diaPASEF_diann_res	22230	Acinetobacter baumannii	470	UniProt	UP000005740	DSM 30011	DSM 30007	3765	59.01726427622842
/Probe 97-192_100SPD_diaPASEF/BacLandscape_100SPD_diaPASEF_Aeromonas_hydrophila_subsp._hydrophila_181_2-7-2024_5222.d	28713	2687	1103720000.0	15374346814	387434875258	2.239	0.035	2.03706	1.38081	1.89882	1.82325	0	0	0.120989	14.21	2.412	0.166	100SPD_DIA	004_Aeromonas_hydrophila_ssp_hydrophila_DSM30183_DIA100_5222_report.stats.tsv	004_Aeromonas_hydrophila_ssp_hydrophila_DSM30183_DIA100_5222	Probe 97-192_100SPD_diaPASEF_diann_res	24694	Aeromonas hydrophila_ssp_hydrophila	196023	UniProt	UP000000756	DSM 30183	DSM 30187	4121	65.20262072312546
/Probe 97-192_100SPD_diaPASEF/BacLandscape_100SPD_diaPASEF_Bacillus_atrophaeus__165_2-6-2024_5190.d	9226	1396	816158000.0	18076166765	507298218500	2.31	0.036	3.80419	1.42086	2.33524	1.73034	0	0	0.115443	13.242	2.356	0.195	100SPD_DIA	014_Bacillus_atrophaeus_LSSC3_DIA100_5190_report.stats.tsv	014_Bacillus_atrophaeus_LSSC3_DIA100_5190	Probe 97-192_100SPD_diaPASEF_diann_res	7780	Bacillus atrophaeus	1452	UniProt	UP000001570	LSSC3	168	4260	32.76995305164319
/Probe 97-192_100SPD_diaPASEF/BacLandscape_100SPD_diaPASEF_Bacillus_cereus__153_2-6-2024_5166.d	17730	1939	1297510000.0	19063723729	557346842664	2.266	0.035	3.7561	1.58106	2.27896	1.49024	0	0	0.114389	13.798	2.384	0.212	100SPD_DIA	016_Bacillus_cereus_ATCC10987_DIA100_5166_report.stats.tsv	016_Bacillus_cereus_ATCC10987_DIA100_5166	Probe 97-192_100SPD_diaPASEF_diann_res	14854	Bacillus cereus	1396	UniProt	UP000001417	ATCC 10987	ATCC 14579	5240	37.00381679389313
/Probe 97-192_100SPD_diaPASEF/BacLandscape_100SPD_diaPASEF_Bacillus_atrophaeus_151_2-6-2024_5162.d	9759	1561	787311000.0	18660094198	533762551144	2.306	0.036	3.29194	1.54162	2.08459	1.61569	0	0	0.110843	13.255	2.347	0.191	100SPD_DIA	018_Bacillus_atrophaeus_GBSC56_DIA100_5162_report.stats.tsv	018_Bacillus_atrophaeus_GBSC56_DIA100_5162	Probe 97-192_100SPD_diaPASEF_diann_res	8293	Bacillus atrophaeus	1452	UniProt	UP000001570	GBSC56	168	4260	36.64319248826291
/Probe 97-192_100SPD_diaPASEF/BacLandscape_100SPD_diaPASEF_Bacillus_atrophaeus_146_2-6-2024_5152.d	9612	1460	899564000.0	20710365315	650483495458	2.28	0.035	4.03361	1.60778	2.3145	1.49368	0	0	0.122588	13.344	2.349	0.198	100SPD_DIA	019_Bacillus_atrophaeus_NMTD54_DIA100_5152_report.stats.tsv	019_Bacillus_atrophaeus_NMTD54_DIA100_5152	Probe 97-192_100SPD_diaPASEF_diann_res	8046	Bacillus atrophaeus	1452	UniProt	UP000001570	NMTD54	168	4260	34.27230046948357
/Probe 97-192_100SPD_diaPASEF/BacLandscape_100SPD_diaPASEF_Bacillus_atrophaeus_161_2-6-2024_5182.d	8554	1367	643575000.0	17698127218	485287349160	2.255	0.035	3.78261	1.45638	2.44849	1.50286	0	0	0.118053	13.31	2.351	0.184	100SPD_DIA	020_Bacillus_atrophaeus_TS1_DIA100_5182_report.stats.tsv	020_Bacillus_atrophaeus_TS1_DIA100_5182	Probe 97-192_100SPD_diaPASEF_diann_res	7246	Bacillus atrophaeus	1452	UniProt	UP000001570	TS1	168	4260	32.08920187793427
/Probe 97-192_100SPD_diaPASEF/BacLandscape_100SPD_diaPASEF_Bacillus_cereus__134_2-6-2024_5128.d	26400	2419	1431550000.0	17574751298	482800032364	2.281	0.035	2.83112	1.47938	2.07798	1.8003	0	0	0.119542	14.059	2.412	0.216	100SPD_DIA	024_Bacillus_cereus_DSM31_DIA100_5128_report.stats.tsv	024_Bacillus_cereus_DSM31_DIA100_5128	Probe 97-192_100SPD_diaPASEF_diann_res	22199	Bacillus cereus	1396	UniProt	UP000001417	DSM 31	ATCC 14579	5240	46.164122137404576
/Probe 97-192_100SPD_diaPASEF/BacLandscape_100SPD_diaPASEF_Bacillus_halotolerans_145_2-6-2024_5150.d	27188	2394	1800750000.0	21446111340	692084996600	2.277	0.035	3.79874	1.54147	2.46593	1.64896	0	0	0.107672	14.221	2.418	0.224	100SPD_DIA	026_Bacillus_halotolerans_LNXM37_DIA100_5150_report.stats.tsv	026_Bacillus_halotolerans_LNXM37_DIA100_5150	Probe 97-192_100SPD_diaPASEF_diann_res	22461	Bacillus halotolerans	260554	UniProt	UP000234803	LNXM37	V48-19	4109	58.262350936967636
/Probe 97-192_100SPD_diaPASEF/BacLandscape_100SPD_diaPASEF_Bacillus_safensis_166_2-6-2024_5192.d	22347	2055	1439290000.0	19361842371	580912495854	2.234	0.035	3.42673	1.61637	2.17133	1.64822	0	0	0.118	13.98	2.415	0.215	100SPD_DIA	028_Bacillus_safensis_GBSW22_DIA100_5192_report.stats.tsv	028_Bacillus_safensis_GBSW22_DIA100_5192	Probe 97-192_100SPD_diaPASEF_diann_res	18479	Bacillus safensis	561879	UniProt	UP000325032	GBSW22	PgKB20	3746	54.85851575013348
100SPD_dia/030_Bacillus_sp._LLTC93_DIA100_5146.d	22305	942	1295280000.0	18676169833	536881023068	2.285	0.036	3.13356	1.49972	2.17865	1.75511	0	0	0.122058	13.718	2.401	0.209	100SPD_DIA	030_Bacillus_sp._LLTC93_DIA100_5146_report.stats.tsv	030_Bacillus_sp._LLTC93_DIA100_5146	Probe 97-192_100SPD_diaPASEF_diann_res	18570	Bacillus sp.	2108274	UniProt	UP000239823	LLTC93	LLTC93	3812	24.711437565582372
100SPD_dia/032_Bacillus_sp._RJGP41_DIA100_5194.d	20545	1028	1180150000.0	17878686000	497205147292	2.221	0.035	3.12164	1.58862	2.14791	1.78688	0	0	0.118089	13.417	2.352	0.179	100SPD_DIA	032_Bacillus_sp._RJGP41_DIA100_5194_report.stats.tsv	032_Bacillus_sp._RJGP41_DIA100_5194	Probe 97-192_100SPD_diaPASEF_diann_res	17644	Bacillus sp.	2108534	UniProt	UP000239042	RJGP41	RJGP41	5072	20.268138801261827
/Probe 97-192_100SPD_diaPASEF/BacLandscape_100SPD_diaPASEF_Bacillus_subtilis_ssp._subtilis_154_2-6-2024_5168.d	25350	2308	1537770000.0	19667324320	578227010560	2.296	0.036	3.42429	1.52631	2.35549	1.73563	0	0	0.115464	14.089	2.406	0.215	100SPD_DIA	034_Bacillus_subtilis_ssp_subtilis_SYST2_DIA100_5168_report.stats.tsv	034_Bacillus_subtilis_ssp_subtilis_SYST2_DIA100_5168	Probe 97-192_100SPD_diaPASEF_diann_res	21183	Bacillus subtilis_ssp_subtilis	135461	UniProt	UP000001570	SYST2	168	4260	54.178403755868544
/Probe 97-192_100SPD_diaPASEF/BacLandscape_100SPD_diaPASEF_Bacillus_subtilis_ssp._subtilis_157_2-6-2024_5174.d	27365	2372	1677040000.0	20024395153	612811714786	2.241	0.035	4.10835	1.47501	2.8396	1.67956	0	0	0.106577	14.144	2.416	0.215	100SPD_DIA	036_Bacillus_subtilis_ssp_subtilis_NMSX4_DIA100_5174_report.stats.tsv	036_Bacillus_subtilis_ssp_subtilis_NMSX4_DIA100_5174	Probe 97-192_100SPD_diaPASEF_diann_res	22752	Bacillus subtilis_ssp_subtilis	135461	UniProt	UP000001570	NMSX4	168	4260	55.68075117370892
/Probe 97-192_100SPD_diaPASEF/BacLandscape_100SPD_diaPASEF_Bacillus_subtilis__148_2-6-2024_5156.d	28290	2306	1603640000.0	19776241625	595125826210	2.214	0.034	3.56998	1.51482	2.27738	1.70182	0	0	0.119701	13.97	2.4	0.215	100SPD_DIA	038_Bacillus_subtilis_DSM10_DIA100_5156_report.stats.tsv	038_Bacillus_subtilis_DSM10_DIA100_5156	Probe 97-192_100SPD_diaPASEF_diann_res	23686	Bacillus subtilis	1423	UniProt	UP000306535	DSM 10	DSM 10	4390	52.52847380410023
/Probe 97-192_100SPD_diaPASEF/BacLandscape_100SPD_diaPASEF_Bacillus_thuringiensis_164_2-6-2024_5188.d	17311	1904	1256100000.0	18731878818	548207861836	2.268	0.035	3.5311	1.48653	2.12547	1.6449	0	0	0.118871	13.817	2.39	0.207	100SPD_DIA	040_Bacillus_thuringiensis_GBAC46_DIA100_5188_report.stats.tsv	040_Bacillus_thuringiensis_GBAC46_DIA100_5188	Probe 97-192_100SPD_diaPASEF_diann_res	14509	Bacillus thuringiensis	1428	UniProt	UP000195991	GBAC46	IEBC_T61001	6099	31.21823249713068
/Probe 97-192_100SPD_diaPASEF/BacLandscape_100SPD_diaPASEF_Bacillus_thuringiensis_160_2-6-2024_5180.d	17860	1935	1197570000.0	18189495787	520662512148	2.282	0.036	3.91432	1.50637	2.66023	1.54664	0	0	0.117277	13.748	2.391	0.203	100SPD_DIA	042_Bacillus_thuringiensis_NMTD81_DIA100_5180_report.stats.tsv	042_Bacillus_thuringiensis_NMTD81_DIA100_5180	Probe 97-192_100SPD_diaPASEF_diann_res	15037	Bacillus thuringiensis	1428	UniProt	UP000195991	NMTD81	IEBC_T61001	6099	31.726512543039842
/Probe 97-192_100SPD_diaPASEF/BacLandscape_100SPD_diaPASEF_Bacillus_velezensis_162_2-6-2024_5184.d	18503	1814	1140260000.0	17832611237	489409702460	2.238	0.035	3.50951	1.50727	2.41972	1.60479	0	0	0.117744	13.711	2.385	0.203	100SPD_DIA	044_Bacillus_velezensis_GBSW11_DIA100_5184_report.stats.tsv	044_Bacillus_velezensis_GBSW11_DIA100_5184	Probe 97-192_100SPD_diaPASEF_diann_res	15515	Bacillus velezensis	492670	UniProt	UP000180036	GBSW11	K2	3790	47.86279683377309
/Probe 97-192_100SPD_diaPASEF/BacLandscape_100SPD_diaPASEF_Burkholderia_cepacia__114_2-5-2024_5088.d	15446	2237	933582000.0	18907317727	556309499220	2.366	0.037	2.10997	1.52679	1.61814	1.58844	0	0	0.110669	13.488	2.346	0.156	100SPD_DIA	045_Burkholderia_cepacia_DSM50181_DIA100_5088_report.stats.tsv	045_Burkholderia_cepacia_DSM50181_DIA100_5088	Probe 97-192_100SPD_diaPASEF_diann_res	13274	Burkholderia cepacia	292	UniProt	UP000002287	DSM 50181	R1808	7409	30.19300850317182
/Probe 97-192_100SPD_diaPASEF/BacLandscape_100SPD_diaPASEF_Bacillus_velezensis__141_2-6-2024_5142.d	19744	1890	1239410000.0	18016213099	507060725222	2.281	0.035	3.11312	1.56636	2.26658	1.76175	0	0	0.122788	13.921	2.418	0.242	100SPD_DIA	046_Bacillus_velezensis_DSM23117_DIA100_5142_report.stats.tsv	046_Bacillus_velezensis_DSM23117_DIA100_5142	Probe 97-192_100SPD_diaPASEF_diann_res	16413	Bacillus velezensis	492670	UniProt	UP000180036	DSM23117	K2	3790	49.86807387862797
/Probe 97-192_100SPD_diaPASEF/BacLandscape_100SPD_diaPASEF_Bacillus_wiedmannii_156_2-6-2024_5172.d	23023	2233	1399540000.0	18191826895	519169943824	2.177	0.034	3.91088	1.47229	2.44773	1.73756	0	0	0.112797	13.965	2.404	0.212	100SPD_DIA	048_Bacillus_wiedmannii_GBSC29_DIA100_5172_report.stats.tsv	048_Bacillus_wiedmannii_GBSC29_DIA100_5172	Probe 97-192_100SPD_diaPASEF_diann_res	19388	Bacillus wiedmannii	1890302	UniProt	UP000221415	GBSC29	AFS078153	5753	38.81453154875717
/Probe 97-192_100SPD_diaPASEF/BacLandscape_100SPD_diaPASEF_Bacillus_wiedmannii_158_2-6-2024_5176.d	22131	2181	1419300000.0	18614017304	541171407312	2.263	0.035	4.34122	1.63377	2.76003	1.64528	0	0	0.117007	13.957	2.401	0.21	100SPD_DIA	050_Bacillus_wiedmannii_GBSC45_DIA100_5176_report.stats.tsv	050_Bacillus_wiedmannii_GBSC45_DIA100_5176	Probe 97-192_100SPD_diaPASEF_diann_res	18607	Bacillus wiedmannii	1890302	UniProt	UP000221415	GBSC45	AFS078153	5753	37.9106553102729
/Probe 97-192_100SPD_diaPASEF/BacLandscape_100SPD_diaPASEF_Campylobacter_coli_111_2-5-2024_5082.d	18700	1371	1313530000.0	18980781558	532464749528	2.207	0.034	1.86268	1.52524	1.79771	1.64277	0	0	0.116912	13.379	2.357	0.234	100SPD_DIA	051_Campylobacter_coli_DSM4689_DIA100_5082_report.stats.tsv	051_Campylobacter_coli_DSM4689_DIA100_5082	Probe 97-192_100SPD_diaPASEF_diann_res	15637	Campylobacter coli	195	UniProt	UP000361993	DSM 4689(T)	NC_C6016	1916	71.5553235908142
/Probe 97-192_100SPD_diaPASEF/BacLandscape_100SPD_diaPASEF_Bacillus_wiedmannii_159_2-6-2024_5178.d	21516	2189	1402620000.0	17866852203	502328913980	2.289	0.036	3.95925	1.42614	2.42814	1.54997	0	0	0.118558	13.868	2.393	0.212	100SPD_DIA	052_Bacillus_wiedmannii_LLCG23_DIA100_5178_report.stats.tsv	052_Bacillus_wiedmannii_LLCG23_DIA100_5178	Probe 97-192_100SPD_diaPASEF_diann_res	18055	Bacillus wiedmannii	1890302	UniProt	UP000221415	LLCG23	AFS078153	5753	38.04971319311664
/Probe 97-192_100SPD_diaPASEF/BacLandscape_100SPD_diaPASEF_Campylobacter_coli_116_2-5-2024_5092.d	17030	1338	1123950000.0	16856381898	420108480018	2.286	0.036	2.01248	1.50951	1.68513	1.61298	0	0	0.113097	13.01	2.315	0.197	100SPD_DIA	053_Campylobacter_coli_DSM24132_DIA100_5092_report.stats.tsv	053_Campylobacter_coli_DSM24132_DIA100_5092	Probe 97-192_100SPD_diaPASEF_diann_res	14493	Campylobacter coli	195	UniProt	UP000361993	DSM 24132	NC_C6016	1916	69.8329853862213
/Probe 97-192_100SPD_diaPASEF/BacLandscape_100SPD_diaPASEF_Bacillus_wiedmannii_155_2-6-2024_5170.d	21561	2108	1453980000.0	18680018142	540892049872	2.289	0.036	3.87316	1.499	2.29824	1.64488	0	0	0.115877	13.924	2.403	0.219	100SPD_DIA	054_Bacillus_wiedmannii_NMSL88_DIA100_5170_report.stats.tsv	054_Bacillus_wiedmannii_NMSL88_DIA100_5170	Probe 97-192_100SPD_diaPASEF_diann_res	18082	Bacillus wiedmannii	1890302	UniProt	UP000221415	NMSL88	AFS078153	5753	36.64175212932383
/Probe 97-192_100SPD_diaPASEF/BacLandscape_100SPD_diaPASEF_Campylobacter_jejuni_118_2-5-2024_5096.d	16544	1259	1048390000.0	17689649041	466585324540	2.239	0.035	2.66247	1.4009	2.02344	1.78755	0	0	0.124898	13.218	2.34	0.226	100SPD_DIA	056_Campylobacter_jejuni_DSM24114_DIA100_5096_report.stats.tsv	056_Campylobacter_jejuni_DSM24114_DIA100_5096	Probe 97-192_100SPD_diaPASEF_diann_res	13954	Campylobacter jejuni	197	UniProt	UP000000799	DSM 24114	ATCC 700819	1623	77.57239679605668
/Probe 97-192_100SPD_diaPASEF/BacLandscape_100SPD_diaPASEF_Bacillus_wiedmannii_163_2-6-2024_5186.d	23312	2296	1426090000.0	18525959316	534788480032	2.237	0.035	3.49837	1.5116	2.26871	1.80196	0	0	0.115471	13.956	2.399	0.207	100SPD_DIA	057_Bacillus_wiedmannii_NMSW23_DIA100_5186_report.stats.tsv	057_Bacillus_wiedmannii_NMSW23_DIA100_5186	Probe 97-192_100SPD_diaPASEF_diann_res	19602	Bacillus wiedmannii	1890302	UniProt	UP000221415	NMSW23	AFS078153	5753	39.90961237615157
/Probe 97-192_100SPD_diaPASEF/BacLandscape_100SPD_diaPASEF_Burkholderia_cepacia__150_2-6-2024_5160.d	16467	2152	1101060000.0	18955233032	564526217430	2.351	0.037	3.61833	1.60308	2.21597	1.73121	0	0	0.117379	13.785	2.382	0.171	100SPD_DIA	058_Burkholderia_cepacia_DSM7288_DIA100_5160_report.stats.tsv	058_Burkholderia_cepacia_DSM7288_DIA100_5160	Probe 97-192_100SPD_diaPASEF_diann_res	13931	Burkholderia cepacia	292	UniProt	UP000002287	DSM 7288(T)	R1808	7409	29.04575516264003
/Probe 97-192_100SPD_diaPASEF/BacLandscape_100SPD_diaPASEF_Citrobacter_freundii_147_2-6-2024_5154.d	13357	1755	1104300000.0	20433707781	627217116224	2.282	0.036	4.16373	1.62311	2.50491	1.53491	0	0	0.121304	13.734	2.378	0.174	100SPD_DIA	060_Citrobacter_freundii_DSM30039_DIA100_5154_report.stats.tsv	060_Citrobacter_freundii_DSM30039_DIA100_5154	Probe 97-192_100SPD_diaPASEF_diann_res	11159	Citrobacter freundii	546	UniProt	UP000001889	DSM 30039(T)	ICC168	4792	36.62353923205342
/Probe 97-192_100SPD_diaPASEF/BacLandscape_100SPD_diaPASEF_Enterobacter_cloacae__136_2-6-2024_5132.d	20130	2220	1179540000.0	17506223571	480919651260	2.298	0.036	2.70098	1.4098	1.99801	1.75526	0	0	0.126724	13.849	2.4	0.18	100SPD_DIA	062_Enterobacter_quasiroggenkampii_E34_DIA100_5132_report.stats.tsv	062_Enterobacter_quasiroggenkampii_E34_DIA100_5132	Probe 97-192_100SPD_diaPASEF_diann_res	16973	Enterobacter quasiroggenkampii	550	UniProt	UP001161707	E34	GD03711	5248	42.301829268292686
/Probe 97-192_100SPD_diaPASEF/BacLandscape_100SPD_diaPASEF_Clostridioides_difficile_124_2-5-2024_5108.d	21361	1785	1290910000.0	19106101064	542073894848	2.197	0.034	2.74187	1.49967	1.96486	1.85747	0	0	0.118003	13.717	2.363	0.271	100SPD_DIA	067_Clostridioides_difficile_DSM12056_DIA100_5108_report.stats.tsv	067_Clostridioides_difficile_DSM12056_DIA100_5108	Probe 97-192_100SPD_diaPASEF_diann_res	18156	Clostridioides difficile	1496	UniProt	UP000001978	DSM 12056	strain 630	3762	47.4481658692185
/Probe 97-192_100SPD_diaPASEF/BacLandscape_100SPD_diaPASEF_Bordetella_pertussis_99_2-5-2024_5058.d	23834	2054	1541270000.0	20509294376	654838306080	2.307	0.036	1.68547	1.61543	2.04569	1.62391	0	0	0.133096	14.395	2.401	0.174	100SPD_DIA	068_Bordetella_pertussis_DSM4924_DIA100_5058_report.stats.tsv	068_Bordetella_pertussis_DSM4924_DIA100_5058	Probe 97-192_100SPD_diaPASEF_diann_res	19793	Bordetella pertussis	520	UniProt	UP000002676	DSM 4924	NCTC 13251	3258	63.04481276856968
/Probe 97-192_100SPD_diaPASEF/BacLandscape_100SPD_diaPASEF_Brevundimonas_intermedia_98_2-5-2024_5055.d	10301	1448	1060850000.0	21602879324	688555908648	2.38	0.037	1.78991	1.61411	1.95298	1.58913	0	0	0.115571	13.856	2.361	0.188	100SPD_DIA	074_Brevundimonas_intermedia_DSM4732_DIA100_5055_report.stats.tsv	074_Brevundimonas_intermedia_DSM4732_DIA100_5055	Probe 97-192_100SPD_diaPASEF_diann_res	8657	Brevundimonas intermedia	74315	UniProt	UP000298216	DSM 4732(T)	B-10	3176	45.5919395465995
/Probe 97-192_100SPD_diaPASEF/BacLandscape_100SPD_diaPASEF_Clostridium_perfringens__105_2-5-2024_5070.d	20189	1640	1467830000.0	19051082032	534493489976	2.227	0.035	1.72949	1.63254	1.82947	1.59504	0	0	0.127676	13.675	2.346	0.257	100SPD_DIA	075_Clostridium_perfringens_DSM756_DIA100_5070_report.stats.tsv	075_Clostridium_perfringens_DSM756_DIA100_5070	Probe 97-192_100SPD_diaPASEF_diann_res	17115	Clostridium perfringens	1502	UniProt	UP000001823	DSM 756(T)	DSM 756	2873	57.083188304907765
/Probe 97-192_100SPD_diaPASEF/BacLandscape_100SPD_diaPASEF_Clostridium_perfringens__125_2-5-2024_5110.d	19451	1575	1306920000.0	18488084318	510122177974	2.222	0.035	2.94231	1.52597	2.03049	1.65266	0	0	0.118533	13.567	2.347	0.248	100SPD_DIA	077_Clostridium_perfringens_DSM798_DIA100_5110_report.stats.tsv	077_Clostridium_perfringens_DSM798_DIA100_5110	Probe 97-192_100SPD_diaPASEF_diann_res	16588	Clostridium perfringens	1502	UniProt	UP000000818	DSM 798	strain 13	2721	57.88313120176406
/Probe 97-192_100SPD_diaPASEF/BacLandscape_100SPD_diaPASEF_Clostridium_tetani__128_2-6-2024_5116.d	18277	1502	1258360000.0	20240916134	586708976784	2.253	0.035	3.16642	1.68437	2.06013	1.84034	0	0	0.123924	13.564	2.34	0.263	100SPD_DIA	079_Clostridium_tetani_DSM11744_DIA100_5116_report.stats.tsv	079_Clostridium_tetani_DSM11744_DIA100_5116	Probe 97-192_100SPD_diaPASEF_diann_res	15597	Clostridium tetani	1513	UniProt	UP000001412	DSM 11744	E88	2415	62.19461697722567
/Probe 97-192_100SPD_diaPASEF/BacLandscape_100SPD_diaPASEF_Clostridium_tetani__103_2-5-2024_5066.d	18664	1514	1276600000.0	20556058849	610035655052	2.22	0.035	1.81293	1.67364	1.8181	1.70146	0	0	0.116807	13.604	2.336	0.254	100SPD_DIA	080_Clostridium_tetani_DSM11745_DIA100_5066_report.stats.tsv	080_Clostridium_tetani_DSM11745_DIA100_5066	Probe 97-192_100SPD_diaPASEF_diann_res	15979	Clostridium tetani	1513	UniProt	UP000001412	DSM 11745	E88	2415	62.69151138716356
/Probe 97-192_100SPD_diaPASEF/BacLandscape_100SPD_diaPASEF_Cutibacterium_acnes_subsp._acnes_101_2-5-2024_5062.d	18612	1581	1361590000.0	18572947639	535141416456	2.271	0.035	1.65269	1.61391	2.12196	1.64217	0	0	0.114969	14.623	2.447	0.193	100SPD_DIA	082_Cutibacterium_acnes_ssp_acnes_DSM1897_DIA100_5062_report.stats.tsv	082_Cutibacterium_acnes_ssp_acnes_DSM1897_DIA100_5062	Probe 97-192_100SPD_diaPASEF_diann_res	15217	Cutibacterium acnes_ssp_acnes	1734925	UniProt	UP000000603	DSM 1897(T)	DSM 16379	2294	68.91891891891892
/Probe 97-192_100SPD_diaPASEF/BacLandscape_100SPD_diaPASEF_Cutibacterium_acnes_subsp._acnes_102_2-5-2024_5064.d	20703	1676	1383350000.0	18166852504	518290703440	2.335	0.036	1.70329	1.65054	1.88588	1.6321	0	0	0.124748	14.833	2.465	0.197	100SPD_DIA	083_Cutibacterium_acnes_ssp_acnes_DSM16379_DIA100_5064_report.stats.tsv	083_Cutibacterium_acnes_ssp_acnes_DSM16379_DIA100_5064	Probe 97-192_100SPD_diaPASEF_diann_res	16892	Cutibacterium acnes_ssp_acnes	1734925	UniProt	UP000000603	DSM 16379	DSM 16379	2294	73.06015693112468
/Probe 97-192_100SPD_diaPASEF/BacLandscape_100SPD_diaPASEF_Cutibacterium_acnes_subsp._acnes_104_2-5-2024_5068.d	16745	1548	1252710000.0	18551131210	526092616782	2.303	0.036	1.6759	1.58387	1.90974	1.65903	0	0	0.120653	14.58	2.448	0.194	100SPD_DIA	084_Cutibacterium_acnes_ssp_acnes_DSM108415_DIA100_5068_report.stats.tsv	084_Cutibacterium_acnes_ssp_acnes_DSM108415_DIA100_5068	Probe 97-192_100SPD_diaPASEF_diann_res	13711	Cutibacterium acnes_ssp_acnes	1734925	UniProt	UP000000603	DSM 108415	DSM 16379	2294	67.48038360941587
/Probe 97-192_100SPD_diaPASEF/BacLandscape_100SPD_diaPASEF_Cutibacterium_granulosum__126_2-5-2024_5112.d	18110	1571	1413460000.0	19386804361	577249105098	2.306	0.036	2.59852	1.6441	1.92389	1.73966	0	0	0.116143	14.804	2.474	0.201	100SPD_DIA	085_Cutibacterium_granulosum_DSM20700_DIA100_5112_report.stats.tsv	085_Cutibacterium_granulosum_DSM20700_DIA100_5112	Probe 97-192_100SPD_diaPASEF_diann_res	14553	Cutibacterium granulosum	33011	UniProt	UP000016307	DSM 20700(T)	DSM 20700	1962	80.07135575942915
/Probe 97-192_100SPD_diaPASEF/BacLandscape_100SPD_diaPASEF_Cutibacterium_granulosum__127_2-6-2024_5114.d	18241	1596	1251870000.0	17609200129	484012931700	2.27	0.035	2.56926	1.48161	1.98013	1.63713	0	0	0.123819	14.719	2.46	0.194	100SPD_DIA	086_Cutibacterium_granulosum_DSM20458_DIA100_5114_report.stats.tsv	086_Cutibacterium_granulosum_DSM20458_DIA100_5114	Probe 97-192_100SPD_diaPASEF_diann_res	14860	Cutibacterium granulosum	33011	UniProt	UP000016307	DSM 20458	DSM 20700	1962	81.34556574923548
/Probe 97-192_100SPD_diaPASEF/BacLandscape_100SPD_diaPASEF_Helicobacter_pylori___108_2-5-2024_5076.d	13440	1099	1048770000.0	19155807030	533346612696	2.25	0.035	1.721	1.5614	1.99323	1.74477	0	0	0.112181	13.483	2.384	0.238	100SPD_DIA	092_Helicobacter_pylori_DSM7492_DIA100_5076_report.stats.tsv	092_Helicobacter_pylori_DSM7492_DIA100_5076	Probe 97-192_100SPD_diaPASEF_diann_res	10962	Helicobacter pylori	210	UniProt	UP000000429	DSM 7492	ATCC 700392	1554	70.72072072072072
/Probe 97-192_100SPD_diaPASEF/BacLandscape_100SPD_diaPASEF_Helicobacter_pylori___107_2-5-2024_5074.d	14082	1140	1049040000.0	18481302166	501483688216	2.234	0.035	1.64356	1.47178	1.83374	1.6375	0	0	0.119135	13.307	2.371	0.222	100SPD_DIA	093_Helicobacter_pylori_DSM10242_DIA100_5074_report.stats.tsv	093_Helicobacter_pylori_DSM10242_DIA100_5074	Probe 97-192_100SPD_diaPASEF_diann_res	11590	Helicobacter pylori	210	UniProt	UP000000429	DSM 10242	ATCC 700392	1554	73.35907335907336
/Probe 97-192_100SPD_diaPASEF/BacLandscape_100SPD_diaPASEF_Escherichia_coli__135_2-6-2024_5130.d	22292	2113	1304330000.0	17654675353	481727584274	2.297	0.036	2.96706	1.48668	2.1094	1.75812	0	0	0.116213	14.145	2.407	0.184	100SPD_DIA	109_Escherichia_coli_DSM3871_DIA100_5130_report.stats.tsv	109_Escherichia_coli_DSM3871_DIA100_5130	Probe 97-192_100SPD_diaPASEF_diann_res	18908	Escherichia coli	562	UniProt	UP000008205	DSM 3871	E2348/69 / EPEC	4594	45.99477579451459
/Probe 97-192_100SPD_diaPASEF/BacLandscape_100SPD_diaPASEF_Enterococcus_faecalis__169_2-6-2024_5198.d	18160	1562	906221000.0	15247042768	368479847628	2.256	0.035	2.80311	1.33796	2.25942	1.84395	0	0	0.123912	13.928	2.388	0.196	100SPD_DIA	112_Enterococcus_faecalis_DSM20371_DIA100_5198_report.stats.tsv	112_Enterococcus_faecalis_DSM20371_DIA100_5198	Probe 97-192_100SPD_diaPASEF_diann_res	15472	Enterococcus faecalis	1351	UniProt	UP000001415	DSM 20371	ATCC 700802	3240	48.20987654320988
/Probe 97-192_100SPD_diaPASEF/BacLandscape_100SPD_diaPASEF_Enterococcus_faecium__182_2-7-2024_5224.d	14823	1371	944584000.0	16292008794	432383033240	2.269	0.035	1.97539	1.31425	1.7083	1.6718	0	0	0.0995833	13.77	2.397	0.222	100SPD_DIA	114_Enterococcus_faecium_UW6713_DIA100_5224_report.stats.tsv	114_Enterococcus_faecium_UW6713_DIA100_5224	Probe 97-192_100SPD_diaPASEF_diann_res	12496	Enterococcus faecium	1352	UniProt	UP000010553	UW6713	E1590	2877	47.653806047966626
/Probe 97-192_100SPD_diaPASEF/BacLandscape_100SPD_diaPASEF_Klebsiella_oxytoca__172_2-6-2024_5204.d	21777	2507	953517000.0	15395253784	383041682452	2.289	0.036	2.41214	1.33672	2.09598	1.78569	0	0	0.111535	13.957	2.395	0.161	100SPD_DIA	115_Klebsiella_oxytoca_CCUG_15788_DIA100_5204_report.stats.tsv	115_Klebsiella_oxytoca_CCUG_15788_DIA100_5204	Probe 97-192_100SPD_diaPASEF_diann_res	18860	Klebsiella oxytoca	571	UniProt	UP000247485	CCUG 15788	67	5789	43.30627051304198
/Probe 97-192_100SPD_diaPASEF/BacLandscape_100SPD_diaPASEF_Pseudomonas_aeruginosa___149_2-6-2024_5158.d	34819	3347	1686130000.0	19368958332	588220595064	2.302	0.036	3.33511	1.55565	1.94746	1.61417	0	0	0.130746	14.26	2.405	0.178	100SPD_DIA	118_Pseudomonas_aeruginosa_DSM50071_DIA100_5158_report.stats.tsv	118_Pseudomonas_aeruginosa_DSM50071_DIA100_5158	Probe 97-192_100SPD_diaPASEF_diann_res	29618	Pseudomonas aeruginosa	287	UniProt	UP000002438	DSM 50071(T)(=ATCC 10145)	DSM 22644	5563	60.16537839295344
/Probe 97-192_100SPD_diaPASEF/BacLandscape_100SPD_diaPASEF_Pseudomonas_aeruginosa___170_2-6-2024_5200.d	27563	2898	1060460000.0	15451948072	378245710564	2.306	0.036	2.42644	1.41373	2.0369	1.83856	0	0	0.122201	13.919	2.378	0.159	100SPD_DIA	119_Pseudomonas_aeruginosa_DSM1117_DIA100_5200_report.stats.tsv	119_Pseudomonas_aeruginosa_DSM1117_DIA100_5200	Probe 97-192_100SPD_diaPASEF_diann_res	23876	Pseudomonas aeruginosa	287	UniProt	UP000002438	DSM 1117(=ATCC 27853)	DSM 22644	5563	52.09419378033435
/Probe 97-192_100SPD_diaPASEF/BacLandscape_100SPD_diaPASEF_Pseudomonas_aeruginosa___178_2-6-2024_5216.d	28660	3026	1019580000.0	15184357980	376793409706	2.313	0.036	2.61873	1.44822	2.13018	1.8128	0	0	0.123798	14.054	2.388	0.161	100SPD_DIA	121_Pseudomonas_aeruginosa_DSM29238_DIA100_5216_report.stats.tsv	121_Pseudomonas_aeruginosa_DSM29238_DIA100_5216	Probe 97-192_100SPD_diaPASEF_diann_res	24944	Pseudomonas aeruginosa	287	UniProt	UP000002438	DSM 29238	DSM 22644	5563	54.395110551860505
/Probe 97-192_100SPD_diaPASEF/BacLandscape_100SPD_diaPASEF_Ralstonia_pickettii_139_2-6-2024_5138.d	24467	2173	1327840000.0	17662854625	490874868596	2.314	0.036	2.83989	1.40175	2.04305	1.73755	0	0	0.1132	14.331	2.432	0.212	100SPD_DIA	127_Ralstonia_pickettii_DSM6297_DIA100_5138_report.stats.tsv	127_Ralstonia_pickettii_DSM6297_DIA100_5138	Probe 97-192_100SPD_diaPASEF_diann_res	20325	Ralstonia pickettii	329	UniProt	UP000441032	DSM 6297(T)(=ATCC 27511)	PSLESD1	4773	45.52692227110832
/Probe 97-192_100SPD_diaPASEF/BacLandscape_100SPD_diaPASEF_Klebsiella_oxytoca__192_2-7-2024_5244.d	19752	2448	1095560000.0	17639319207	488059052518	2.282	0.036	2.46574	1.38331	1.92154	1.67449	0	0	0.111879	13.827	2.401	0.178	100SPD_DIA	128_Klebsiella_oxytoca_Oman_61_DIA100_5244_report.stats.tsv	128_Klebsiella_oxytoca_Oman_61_DIA100_5244	Probe 97-192_100SPD_diaPASEF_diann_res	16805	Klebsiella oxytoca	571	UniProt	UP000247485	Oman 61	67	5789	42.28709621696321
/Probe 97-192_100SPD_diaPASEF/BacLandscape_100SPD_diaPASEF_Klebsiella_pneumoniae_subsp._ozaenae_190_2-7-2024_5240.d	27144	2509	1420860000.0	18254613444	525195656376	2.238	0.035	2.41867	1.58186	1.89096	1.76819	0	0	0.117075	14.364	2.429	0.183	100SPD_DIA	131_Klebsiella_pneumoniae_ssp_ozaenae_ATCC25926_DIA100_5240_report.stats.tsv	131_Klebsiella_pneumoniae_ssp_ozaenae_ATCC25926_DIA100_5240	Probe 97-192_100SPD_diaPASEF_diann_res	22752	Klebsiella pneumoniae_ssp_ozaenae	574	UniProt	UP000007841	ATCC 25926	HS11286	5728	43.802374301675975
/Probe 97-192_100SPD_diaPASEF/BacLandscape_100SPD_diaPASEF_Proteus_mirabilis__191_2-7-2024_5242.d	12815	1556	909030000.0	17664260678	487747552176	2.288	0.036	2.63793	1.50546	1.88914	1.59209	0	0	0.122582	13.831	2.401	0.198	100SPD_DIA	134_Proteus_columbae_MN12_DIA100_5242_report.stats.tsv	134_Proteus_columbae_MN12_DIA100_5242	Probe 97-192_100SPD_diaPASEF_diann_res	10656	Proteus columbae	584	UniProt	UP000008319	MN12	HI4320	3661	42.50204862059547
/Probe 97-192_100SPD_diaPASEF/BacLandscape_100SPD_diaPASEF_Corynebacterium_diphtheriae_100_2-5-2024_5060.d	18518	1540	1529170000.0	20163780752	619120270470	2.313	0.036	1.69307	1.70364	2.14462	1.59149	0	0	0.126257	14.652	2.441	0.19	100SPD_DIA	136_Corynebacterium_diphtheriae_DSM43989_DIA100_5060_report.stats.tsv	136_Corynebacterium_diphtheriae_DSM43989_DIA100_5060	Probe 97-192_100SPD_diaPASEF_diann_res	14983	Corynebacterium diphtheriae	1717	UniProt	UP000002198	DSM 43989	ATCC 700971	2265	67.99116997792495
/Probe 97-192_100SPD_diaPASEF/BacLandscape_100SPD_diaPASEF_Ralstonia_pickettii_173_2-6-2024_5206.d	15978	1997	898929000.0	16784060819	443674343504	2.36	0.037	2.73266	1.39971	2.08856	1.65601	0	0	0.112182	13.462	2.364	0.165	100SPD_DIA	145_Ralstonia_insidiosa_Rp_127_DIA100_5206_report.stats.tsv	145_Ralstonia_insidiosa_Rp_127_DIA100_5206	Probe 97-192_100SPD_diaPASEF_diann_res	13626	Ralstonia insidiosa	329	UniProt	UP000441032	Rp 127	PSLESD1	4773	41.83951393253719
/Probe 97-192_100SPD_diaPASEF/BacLandscape_100SPD_diaPASEF_Staphylococcus_aureus__186_2-7-2024_5232.d	21820	1705	1097890000.0	15699424213	393648483132	2.179	0.034	1.45766	1.31327	2.02205	1.87766	0	0	0.108999	14.005	2.436	0.24	100SPD_DIA	146_Staphylococcus_aureus_DSM4910_DIA100_5232_report.stats.tsv	146_Staphylococcus_aureus_DSM4910_DIA100_5232	Probe 97-192_100SPD_diaPASEF_diann_res	18168	Staphylococcus aureus	1280	UniProt	UP000008816	DSM 4910	NCTC 8325	2889	59.01696088611976
/Probe 97-192_100SPD_diaPASEF/BacLandscape_100SPD_diaPASEF_Salmonella_enterica_subsp._enterica_Serovar_enteritidis___177_2-6-2024_5214.d	25221	2393	1260100000.0	17498620504	480323155552	2.246	0.035	2.75337	1.39798	2.03328	1.7262	0	0	0.108226	14.128	2.408	0.181	100SPD_DIA	148_Salmonella_enterica_sv_enteritidis_LT21-Ib_08-01796_DIA100_5214_report.stats.tsv	148_Salmonella_enterica_sv_enteritidis_LT21-Ib_08-01796_DIA100_5214	Probe 97-192_100SPD_diaPASEF_diann_res	21514	Salmonella enterica_sv_enteritidis	149539	UniProt	UP000839889	Lt21/lb 08/01796	WAPHL-SAL-A01127	4868	49.15776499589153
/Probe 97-192_100SPD_diaPASEF/BacLandscape_100SPD_diaPASEF_Staphylococcus_aureus__188_2-7-2024_5236.d	21978	1755	1070490000.0	15930687284	408723509448	2.151	0.033	1.73809	1.41729	1.99	1.88952	0	0	0.105131	13.962	2.444	0.253	100SPD_DIA	149_Staphylococcus_aureus_DSM25693_DIA100_5236_report.stats.tsv	149_Staphylococcus_aureus_DSM25693_DIA100_5236	Probe 97-192_100SPD_diaPASEF_diann_res	18248	Staphylococcus aureus	1280	UniProt	UP000008816	DSM 25693	NCTC 8325	2889	60.747663551401864
/Probe 97-192_100SPD_diaPASEF/BacLandscape_100SPD_diaPASEF_Salmonella_enterica_subsp._enterica_Serovar_typhimurium___171_2-6-2024_5202.d	27939	2499	1158160000.0	16048897516	418934039548	2.223	0.035	2.59412	1.38141	2.02725	1.76229	0	0	0.103004	14.323	2.435	0.198	100SPD_DIA	151_Salmonella_enterica_sv_typhimurium_DT104_08-01627_DIA100_5202_report.stats.tsv	151_Salmonella_enterica_sv_typhimurium_DT104_08-01627_DIA100_5202	Probe 97-192_100SPD_diaPASEF_diann_res	23707	Salmonella enterica_sv_typhimurium	90371	UniProt	UP000839889	DT104 08/01627	WAPHL-SAL-A01127	4868	51.33525061626951
/Probe 97-192_100SPD_diaPASEF/BacLandscape_100SPD_diaPASEF_Staphylococcus_epidermidis__131_2-6-2024_5122.d	18425	1426	917006000.0	15762515435	384951928152	2.256	0.035	2.21962	1.35018	1.84157	1.76234	0	0	0.124615	13.872	2.44	0.256	100SPD_DIA	152_Staphylococcus_epidermidis_DSM1798_DIA100_5122_report.stats.tsv	152_Staphylococcus_epidermidis_DSM1798_DIA100_5122	Probe 97-192_100SPD_diaPASEF_diann_res	15222	Staphylococcus epidermidis	1282	UniProt	UP000000531	DSM 1798	ATCC 35984	2492	57.223113964687
/Probe 97-192_100SPD_diaPASEF/BacLandscape_100SPD_diaPASEF_Shigella_boydii__174_2-6-2024_5208.d	22016	1931	1228540000.0	17078046530	463923963420	2.243	0.035	2.90347	1.43833	2.02811	1.67467	0	0	0.117987	13.997	2.405	0.188	100SPD_DIA	154_Shigella_boydii_06-06820_DIA100_5208_report.stats.tsv	154_Shigella_boydii_06-06820_DIA100_5208	Probe 97-192_100SPD_diaPASEF_diann_res	18559	Shigella boydii	621	UniProt	UP000001030	06/06820	BS512	4143	46.60873762973691
/Probe 97-192_100SPD_diaPASEF/BacLandscape_100SPD_diaPASEF_Klebsiella_aerogenes___180_2-7-2024_5220.d	28719	2740	1300560000.0	16987894504	462623138444	2.253	0.035	2.31076	1.52788	1.98493	1.82976	0	0	0.115367	14.237	2.416	0.181	100SPD_DIA	156_Klebsiella_aerogenes_E19_DIA100_5220_report.stats.tsv	156_Klebsiella_aerogenes_E19_DIA100_5220	Probe 97-192_100SPD_diaPASEF_diann_res	24519	Klebsiella aerogenes	548	UniProt	UP000008881	E19	DSM 30053	4909	55.815848441637804
/Probe 97-192_100SPD_diaPASEF/BacLandscape_100SPD_diaPASEF_Shigella_flexneri__176_2-6-2024_5212.d	22595	2004	1307220000.0	17654795567	491933518800	2.219	0.034	2.61374	1.49331	1.92636	1.79347	0	0	0.124299	14.114	2.407	0.196	100SPD_DIA	157_Shigella_flexneri_3A_07-02503_DIA100_5212_report.stats.tsv	157_Shigella_flexneri_3A_07-02503_DIA100_5212	Probe 97-192_100SPD_diaPASEF_diann_res	19064	Shigella flexneri	623	UniProt	UP000001006	3A 07/02503	301	4103	48.842310504508895
/Probe 97-192_100SPD_diaPASEF/BacLandscape_100SPD_diaPASEF_Staphylococcus_hominis_subspec._hominis_133_2-6-2024_5126.d	17368	1395	854680000.0	15200374671	360355302740	2.232	0.035	2.27549	1.38504	1.97682	1.67094	0	0	0.1264	13.882	2.449	0.277	100SPD_DIA	158_Staphylococcus_hominis_ssp_hominis_DSM20328_DIA100_5126_report.stats.tsv	158_Staphylococcus_hominis_ssp_hominis_DSM20328_DIA100_5126	Probe 97-192_100SPD_diaPASEF_diann_res	14333	Staphylococcus hominis_ssp_hominis	145391	UniProt	UP000241540	DSM 20328(T)	SNUC 5336	2351	59.33645257337303
/Probe 97-192_100SPD_diaPASEF/BacLandscape_100SPD_diaPASEF_Staphylococcus_aureus__132_2-6-2024_5124.d	20609	1612	1155360000.0	16982724856	442695588116	2.216	0.034	2.27729	1.42338	1.92896	1.86421	0	0	0.111937	14.07	2.437	0.239	100SPD_DIA	160_Staphylococcus_aureus_DSM20231_DIA100_5124_report.stats.tsv	160_Staphylococcus_aureus_DSM20231_DIA100_5124	Probe 97-192_100SPD_diaPASEF_diann_res	16972	Staphylococcus aureus	1280	UniProt	UP000008816	DSM 20231(T)	NCTC 8325	2889	55.79785392869505
/Probe 97-192_100SPD_diaPASEF/BacLandscape_100SPD_diaPASEF_Staphylococcus_lugdunensis_(CoNS)_137_2-6-2024_5134.d	21690	1695	1049950000.0	15528420969	383743829124	2.211	0.034	2.63064	1.25157	2.00865	1.75572	0	0	0.115911	13.855	2.447	0.257	100SPD_DIA	161_Staphylococcus_lugdunensis_DSM4804_DIA100_5134_report.stats.tsv	161_Staphylococcus_lugdunensis_DSM4804_DIA100_5134	Probe 97-192_100SPD_diaPASEF_diann_res	17915	Staphylococcus lugdunensis	28035	UniProt	UP000004055	DSM 4804(T)(=ATCC 43809)	M23590	2421	70.01239157372986
/Probe 97-192_100SPD_diaPASEF/BacLandscape_100SPD_diaPASEF_Staphylococcus_lugdunensis_(CoNS)_184_2-7-2024_5228.d	20583	1683	861473000.0	14453942037	348288268020	2.181	0.034	1.6258	1.34581	1.80877	1.74154	0	0	0.115419	14.01	2.45	0.244	100SPD_DIA	164_Staphylococcus_lugdunensis_09-00515_DIA100_5228_report.stats.tsv	164_Staphylococcus_lugdunensis_09-00515_DIA100_5228	Probe 97-192_100SPD_diaPASEF_diann_res	17214	Staphylococcus lugdunensis	28035	UniProt	UP000004055	09-00515	M23590	2421	69.51672862453532
/Probe 97-192_100SPD_diaPASEF/BacLandscape_100SPD_diaPASEF_Klebsiella_oxytoca__152_2-6-2024_5164.d	19201	2431	1236600000.0	18914230818	548608253756	2.292	0.036	3.45951	1.50364	2.31019	1.6615	0	0	0.108428	13.814	2.382	0.172	100SPD_DIA	168_Klebsiella_oxytoca_DSM5175_DIA100_5164_report.stats.tsv	168_Klebsiella_oxytoca_DSM5175_DIA100_5164	Probe 97-192_100SPD_diaPASEF_diann_res	16353	Klebsiella oxytoca	571	UniProt	UP000247485	DSM DSM5175(T)(=ATCC 13182)	67	5789	41.99343582656763
/Probe 97-192_100SPD_diaPASEF/BacLandscape_100SPD_diaPASEF_Staphylococcus_epidermidis__168_2-6-2024_5196.d	18867	1454	868560000.0	14236855852	336394961060	2.246	0.035	2.63304	1.32167	2.28319	1.91957	0	0	0.12026	13.907	2.453	0.249	100SPD_DIA	169_Staphylococcus_epidermidis_DSM20044_DIA100_5196_report.stats.tsv	169_Staphylococcus_epidermidis_DSM20044_DIA100_5196	Probe 97-192_100SPD_diaPASEF_diann_res	15657	Staphylococcus epidermidis	1282	UniProt	UP000000531	DSM 20044(=CCM 2124)	ATCC 35984	2492	58.34670947030498
/Probe 97-192_100SPD_diaPASEF/BacLandscape_100SPD_diaPASEF_Clostridium_perfringens__97_2-5-2024_5053.d	18745	1557	1372890000.0	18602337506	502032094292	2.257	0.035	1.58772	1.5612	1.96997	1.67385	0	0	0.108593	13.479	2.333	0.253	100SPD_DIA	178_Clostridium_perfringens_DSM628_DIA100_5053_report.stats.tsv	178_Clostridium_perfringens_DSM628_DIA100_5053	Probe 97-192_100SPD_diaPASEF_diann_res	16033	Clostridium perfringens	1502	UniProt	UP000000818	DSM 628	strain 13	2721	57.22160970231533
/Probe 97-192_100SPD_diaPASEF/BacLandscape_100SPD_diaPASEF_Prevotella_intermedia___106_2-5-2024_5072.d	12580	1298	602369000.0	15426058124	370409291340	2.294	0.036	1.41139	1.42106	2.10333	1.83754	0	0	0.121323	12.719	2.279	0.192	100SPD_DIA	181_Prevotella_intermedia_DSM20706_DIA100_5072_report.stats.tsv	181_Prevotella_intermedia_DSM20706_DIA100_5072	Probe 97-192_100SPD_diaPASEF_diann_res	11215	Prevotella intermedia	28131	UniProt	UP000229630	DSM 20706(T)	KCOM 2837	2335	55.58886509635974
/Probe 97-192_100SPD_diaPASEF/BacLandscape_100SPD_diaPASEF_Clostridioides_difficile_120_2-5-2024_5100.d	20738	1827	1350720000.0	19196822522	543586168352	2.234	0.035	2.60165	1.68379	1.92592	1.69744	0	0	0.122707	13.58	2.343	0.237	100SPD_DIA	182_Clostridioides_difficile_DSM12057_DIA100_5100_report.stats.tsv	182_Clostridioides_difficile_DSM12057_DIA100_5100	Probe 97-192_100SPD_diaPASEF_diann_res	17746	Clostridioides difficile	1496	UniProt	UP000001978	DSM 12057	strain 630	3762	48.5645933014354
/Probe 97-192_100SPD_diaPASEF/BacLandscape_100SPD_diaPASEF_Prevotella_melaninogenica__123_2-5-2024_5106.d	17285	1489	923463000.0	18469792930	518543523268	2.272	0.035	2.68384	1.45056	1.9766	1.63829	0	0	0.109202	13.24	2.336	0.195	100SPD_DIA	183_Prevotella_melaninogenica_DSM7089_DIA100_5106_report.stats.tsv	183_Prevotella_melaninogenica_DSM7089_DIA100_5106	Probe 97-192_100SPD_diaPASEF_diann_res	15048	Prevotella melaninogenica	28132	UniProt	UP000500843	DSM 7089(T)	FDAARGOS_760	2446	60.87489779231399
/Probe 97-192_100SPD_diaPASEF/BacLandscape_100SPD_diaPASEF_Prevotella_melaninogenica__113_2-5-2024_5086.d	17539	1500	966673000.0	17180068099	448150355028	2.261	0.035	1.75698	1.40094	1.82786	1.78766	0	0	0.110366	13.294	2.344	0.187	100SPD_DIA	185_Prevotella_melaninogenica_DSM26980_DIA100_5086_report.stats.tsv	185_Prevotella_melaninogenica_DSM26980_DIA100_5086	Probe 97-192_100SPD_diaPASEF_diann_res	15131	Prevotella melaninogenica	28132	UniProt	UP000500843	DSM 26980	FDAARGOS_760	2446	61.324611610793134
/Probe 97-192_100SPD_diaPASEF/BacLandscape_100SPD_diaPASEF_Salmonella_bongori_122_2-5-2024_5104.d	24022	2281	1288520000.0	18009011112	487660006920	2.296	0.036	2.84682	1.51679	2.03652	1.72237	0	0	0.122773	14.256	2.418	0.176	100SPD_DIA	191_Salmonella_bongori_DSM13772_DIA100_5104_report.stats.tsv	191_Salmonella_bongori_DSM13772_DIA100_5104	Probe 97-192_100SPD_diaPASEF_diann_res	20187	Salmonella bongori	54736	UniProt	UP000015042	DSM 13772(T)	N268-08	4751	48.01094506419702
/Probe 97-192_100SPD_diaPASEF/BacLandscape_100SPD_diaPASEF_Salmonella_enterica_subsp._enterica_Serovar_enteritidis___117_2-5-2024_5094.d	24346	2278	1393030000.0	19055522940	548484771668	2.292	0.036	2.73933	1.51637	1.88039	1.74818	0	0	0.113568	14.275	2.412	0.175	100SPD_DIA	193_Salmonella_enterica_sv_enteritidis_DSM107295_DIA100_5094_report.stats.tsv	193_Salmonella_enterica_sv_enteritidis_DSM107295_DIA100_5094	Probe 97-192_100SPD_diaPASEF_diann_res	20386	Salmonella enterica_sv_enteritidis	149539	UniProt	UP000839889	DSM 107295	WAPHL-SAL-A01127	4868	46.795398520953164
/Probe 97-192_100SPD_diaPASEF/BacLandscape_100SPD_diaPASEF_Salmonella_enterica_subsp._enterica_Serovar_paratyphi__A_121_2-5-2024_5102.d	22617	2119	1450450000.0	19480603705	570828851028	2.289	0.036	2.76521	1.51551	1.94678	1.6039	0	0	0.114648	14.301	2.421	0.18	100SPD_DIA	195_Salmonella_enterica_sv_paratyphi_167_DIA100_5102_report.stats.tsv	195_Salmonella_enterica_sv_paratyphi_167_DIA100_5102	Probe 97-192_100SPD_diaPASEF_diann_res	18884	Salmonella enterica_sv_paratyphi	54388	UniProt	UP000001599	A167	RKS4594	4601	46.05520539013258
/Probe 97-192_100SPD_diaPASEF/BacLandscape_100SPD_diaPASEF_Salmonella_enterica_subsp._enterica_Serovar_typhimurium___115_2-5-2024_5090.d	26550	2409	1536930000.0	19799887077	594059169848	2.286	0.036	2.16745	1.59945	1.72858	1.61086	0	0	0.114387	14.33	2.42	0.171	100SPD_DIA	199_Salmonella_enterica_sv_typhimurium_DSM17058_DIA100_5090_report.stats.tsv	199_Salmonella_enterica_sv_typhimurium_DSM17058_DIA100_5090	Probe 97-192_100SPD_diaPASEF_diann_res	22098	Salmonella enterica_sv_typhimurium	90371	UniProt	UP000839889	DSM 17058(T)	WAPHL-SAL-A01127	4868	49.48644207066557
/Probe 97-192_100SPD_diaPASEF/BacLandscape_100SPD_diaPASEF_Serratia_marcescens__110_2-5-2024_5080.d	24348	2506	1314450000.0	19308177279	570739045046	2.267	0.035	2.00168	1.48724	1.69968	1.65214	0	0	0.118953	14.177	2.402	0.158	100SPD_DIA	203_Serratia_ureilytica_RS2.1_DIA100_5080_report.stats.tsv	203_Serratia_ureilytica_RS2.1_DIA100_5080	Probe 97-192_100SPD_diaPASEF_diann_res	20577	Serratia ureilytica	615	UniProt	UP000222404	RS2.1	KHCo-24B	4899	51.15329659114105
/Probe 97-192_100SPD_diaPASEF/BacLandscape_100SPD_diaPASEF_Serratia_marcescens__119_2-5-2024_5098.d	25544	2656	1538920000.0	21498208427	692231552180	2.278	0.035	2.74515	1.61291	1.81978	1.60297	0	0	0.112345	14.253	2.401	0.168	100SPD_DIA	205_Serratia_bockelmannii_Wasserisolat04_DIA100_5098_report.stats.tsv	205_Serratia_bockelmannii_Wasserisolat04_DIA100_5098	Probe 97-192_100SPD_diaPASEF_diann_res	21476	Serratia bockelmannii	615	UniProt	UP000222404	Wasserisolat	KHCo-24B	4899	54.21514594815269
/Probe 97-192_100SPD_diaPASEF/BacLandscape_100SPD_diaPASEF_Listeria_monocytogenes___130_2-6-2024_5120.d	18432	1762	1225710000.0	17598201150	469831980170	2.202	0.034	2.44959	1.4643	1.92617	1.67352	0	0	0.111672	13.75	2.376	0.204	100SPD_DIA	206_Listeria_monocytogenes_DSM15675_DIA100_5120_report.stats.tsv	206_Listeria_monocytogenes_DSM15675_DIA100_5120	Probe 97-192_100SPD_diaPASEF_diann_res	15532	Listeria monocytogenes	1639	UniProt	UP000000817	DSM 15675	ATCC BAA-679 / EGD-e	2844	61.954992967651194
/Probe 97-192_100SPD_diaPASEF/BacLandscape_100SPD_diaPASEF_Listeria_monocytogenes___129_2-6-2024_5118.d	19427	1744	1301090000.0	18183619574	501043186160	2.242	0.035	2.69056	1.49641	1.88419	1.6697	0	0	0.119813	13.874	2.397	0.234	100SPD_DIA	208_Listeria_monocytogenes_DSM19094_DIA100_5118_report.stats.tsv	208_Listeria_monocytogenes_DSM19094_DIA100_5118	Probe 97-192_100SPD_diaPASEF_diann_res	16105	Listeria monocytogenes	1639	UniProt	UP000000817	DSM 19094	ATCC BAA-679 / EGD-e	2844	61.32208157524614
/Probe 97-192_100SPD_diaPASEF/BacLandscape_100SPD_diaPASEF_Staphylococcus_haemolyticus_189_2-7-2024_5238.d	16780	1455	572978000.0	12669300790	273449971048	2.168	0.034	1.55495	1.25104	1.91235	1.89589	0	0	0.121637	13.929	2.449	0.259	100SPD_DIA	209_Staphylococcus_haemolyticus_DSM20228_DIA100_5238_report.stats.tsv	209_Staphylococcus_haemolyticus_DSM20228_DIA100_5238	Probe 97-192_100SPD_diaPASEF_diann_res	14161	Staphylococcus haemolyticus	1283	UniProt	UP000000543	DSM 20228	JCSC1435	2640	55.11363636363637
/Probe 97-192_100SPD_diaPASEF/BacLandscape_100SPD_diaPASEF_Staphylococcus_saprophyticus_subsp._bovis_109_2-5-2024_5078.d	14655	1412	432438000.0	12596897953	262836931556	2.129	0.033	1.31183	1.28046	2.49777	2.16781	0	0	0.113216	13.697	2.408	0.234	100SPD_DIA	213_Staphylococcus_saprophyticus_ssp_bovis_DSM18669_DIA100_5078_report.stats.tsv	213_Staphylococcus_saprophyticus_ssp_bovis_DSM18669_DIA100_5078	Probe 97-192_100SPD_diaPASEF_diann_res	12457	Staphylococcus saprophyticus_ssp_bovis	29385	UniProt	UP000006371	DSM 18669(T)	DSM 20229	2404	58.73544093178037
/Probe 97-192_100SPD_diaPASEF/BacLandscape_100SPD_diaPASEF_Staphylococcus_saprophyticus_(CoNS)_112_2-5-2024_5084.d	16072	1460	618504000.0	14241237279	330529452254	2.249	0.035	1.37805	1.29146	2.05705	1.91003	0	0	0.117685	13.97	2.44	0.245	100SPD_DIA	215_Staphylococcus_saprophyticus_DSM30626_DIA100_5084_report.stats.tsv	215_Staphylococcus_saprophyticus_DSM30626_DIA100_5084	Probe 97-192_100SPD_diaPASEF_diann_res	13541	Staphylococcus saprophyticus	29385	UniProt	UP000006371	DSM 30626	DSM 20229	2404	60.732113144758735
/Probe 97-192_100SPD_diaPASEF/BacLandscape_100SPD_diaPASEF_Stenotrophomonas_maltophilia___175_2-6-2024_5210.d	18761	2099	909944000.0	15949371055	407835476768	2.365	0.037	2.61841	1.33988	2.04481	1.72198	0	0	0.112264	13.948	2.387	0.158	100SPD_DIA	245_Stenotrophomonas_geniculata_Sm_51_DIA100_5210_report.stats.tsv	245_Stenotrophomonas_geniculata_Sm_51_DIA100_5210	Probe 97-192_100SPD_diaPASEF_diann_res	16241	Stenotrophomonas geniculata	40324	UniProt	UP000001867	Sm 51	R551-3	4026	52.13611525086935
/Probe 97-192_100SPD_diaPASEF/BacLandscape_100SPD_diaPASEF_Streptococcus_pyogenes__144_2-6-2024_5148.d	16633	1197	1215710000.0	17934121021	490315030976	2.178	0.034	3.28397	1.42928	2.29725	1.57562	0	0	0.117299	14.284	2.426	0.229	100SPD_DIA	248_Streptococcus_pyogenes_DSM20565_DIA100_5148_report.stats.tsv	248_Streptococcus_pyogenes_DSM20565_DIA100_5148	Probe 97-192_100SPD_diaPASEF_diann_res	13624	Streptococcus pyogenes	1314	UniProt	UP000000750	DSM 20565(T)	ATCC 700294 / SF370 / Serotype M1	1690	70.82840236686391
/Probe 97-192_100SPD_diaPASEF/BacLandscape_100SPD_diaPASEF_Yersinia_enterocolitica_140_2-6-2024_5140.d	25467	2291	1300270000.0	17392721091	463549860860	2.245	0.035	2.59592	1.39364	1.87278	1.69477	0	0	0.123557	14.25	2.414	0.178	100SPD_DIA	258_Yersinia_enterocolitica_DSM4780_DIA100_5140_report.stats.tsv	258_Yersinia_enterocolitica_DSM4780_DIA100_5140	Probe 97-192_100SPD_diaPASEF_diann_res	21567	Yersinia enterocolitica	630	UniProt	UP000000642	DSM 4780(T)	NCTC 13174 / 8081	4026	56.90511674118232
/Probe 97-192_100SPD_diaPASEF/BacLandscape_100SPD_diaPASEF_Yersinia_enterocolitica_179_2-6-2024_5218.d	23412	2166	1369260000.0	18428323214	533484159708	2.24	0.035	2.53733	1.50953	1.80704	1.67291	0	0	0.123271	14.231	2.42	0.187	100SPD_DIA	260_Yersinia_enterocolitica_DSM9676_DIA100_5218_report.stats.tsv	260_Yersinia_enterocolitica_DSM9676_DIA100_5218	Probe 97-192_100SPD_diaPASEF_diann_res	19617	Yersinia enterocolitica	630	UniProt	UP000000642	DSM 9676	NCTC 13174 / 8081	4026	53.80029806259314
/Probe 97-192_100SPD_diaPASEF/BacLandscape_100SPD_diaPASEF_Yersinia_pseudotuberculosis___138_2-6-2024_5136.d	24441	2045	1298670000.0	17998293586	500955973352	2.255	0.035	2.81094	1.54776	2.05534	1.74617	0	0	0.120046	14.435	2.44	0.209	100SPD_DIA	262_Yersinia_pseudotuberculosis_DSM8992_DIA100_5136_report.stats.tsv	262_Yersinia_pseudotuberculosis_DSM8992_DIA100_5136	Probe 97-192_100SPD_diaPASEF_diann_res	20296	Yersinia pseudotuberculosis	633	UniProt	UP000001011	DSM 8992(T)	IP32953	4016	50.921314741035864
/Probe 193-206_100SPD_diaPASEF/BacLandscape_100SPD_diaPASEF_Citrobacter_amalonaticus_194_3-28-2024_6456.d	17753	2056	1228320000.0	19374069871	565940556020	2.223	0.035	1.83776	1.55497	1.59509	1.49333	0	0	0.11603	14.009	2.405	0.208	100SPD_DIA	023_Citrobacter_amalonaticus_04-08695_DIA100_6456_report.stats.tsv	023_Citrobacter_amalonaticus_04-08695_DIA100_6456	Probe 193-206_100SPD_diaPASEF_diann_res	14567	Citrobacter amalonaticus	35703	UniProt	UP000237003	04/08695	S1285	5139	40.007783615489394
/Probe 193-206_100SPD_diaPASEF/BacLandscape_100SPD_diaPASEF_Bacillus_subtilis_ssp._spizizenii_206_3-28-2024_6480.d	29074	2252	1631300000.0	18935367796	530656021600	2.192	0.034	2.33717	1.39761	1.79023	1.61205	0	0	0.118425	14.392	2.439	0.251	100SPD_DIA	027_Bacillus_subtilis_ssp_spizizenii_ATCC6633_DIA100_6480_report.stats.tsv	027_Bacillus_subtilis_ssp_spizizenii_ATCC6633_DIA100_6480	Probe 193-206_100SPD_diaPASEF_diann_res	23540	Bacillus subtilis_ssp_spizizenii	703612	UniProt	UP000002233	ATCC 6633	ATCC 23059	4053	55.56377991611152
/Probe 193-206_100SPD_diaPASEF/BacLandscape_100SPD_diaPASEF_Burkholderia_cepacia_197_3-28-2024_6462.d	18056	2263	1060140000.0	18600177557	522735209136	2.23	0.035	1.71123	1.46083	1.68409	1.57007	0	0	0.10746	13.877	2.388	0.18	100SPD_DIA	043_Burkholderia_cenocepacia_ATCC25608_DIA100_6462_report.stats.tsv	043_Burkholderia_cenocepacia_ATCC25608_DIA100_6462	Probe 193-206_100SPD_diaPASEF_diann_res	15012	Burkholderia cenocepacia	292	UniProt	UP000002287	ATCC 25608	R1808	7409	30.543933054393307
/Probe 193-206_100SPD_diaPASEF/BacLandscape_100SPD_diaPASEF_Escherichia_coli_205_3-28-2024_6478.d	26104	2259	1492350000.0	19173645204	540152790988	2.26	0.035	2.53746	1.46448	1.85547	1.71983	0	0	0.107736	14.492	2.435	0.233	100SPD_DIA	088_Escherichia_coli_DSM682_DIA100_6478_report.stats.tsv	088_Escherichia_coli_DSM682_DIA100_6478	Probe 193-206_100SPD_diaPASEF_diann_res	21214	Escherichia coli	562	UniProt	UP000008205	DSM 682	E2348/69 / EPEC	4594	49.17283413147584
/Probe 193-206_100SPD_diaPASEF/BacLandscape_100SPD_diaPASEF_Enterococcus_hirae_202_3-28-2024_6472.d	20940	1588	1402560000.0	18441705365	513491863162	2.198	0.034	2.22023	1.57988	1.80257	1.72778	0	0	0.119931	14.531	2.448	0.27	100SPD_DIA	102_Enterococcus_hirae_P25_2_DIA100_6472_report.stats.tsv	102_Enterococcus_hirae_P25_2_DIA100_6472	Probe 193-206_100SPD_diaPASEF_diann_res	16812	Enterococcus hirae	1354	UniProt	UP000352698	P25_2	NCTC12204	2651	59.90192380233874
/Probe 193-206_100SPD_diaPASEF/BacLandscape_100SPD_diaPASEF_Enterococcus_faecium_203_3-28-2024_6474.d	17256	1479	1208210000.0	18500542538	507142520672	2.195	0.034	2.44794	1.42093	1.80254	1.56387	0	0	0.1052	14.195	2.422	0.266	100SPD_DIA	110_Enterococcus_faecium_UW6203_DIA100_6474_report.stats.tsv	110_Enterococcus_faecium_UW6203_DIA100_6474	Probe 193-206_100SPD_diaPASEF_diann_res	13998	Enterococcus faecium	1352	UniProt	UP000010553	UW6203	E1590	2877	51.407716371220026
/Probe 193-206_100SPD_diaPASEF/BacLandscape_100SPD_diaPASEF_Enterococcus_hirae_193_3-28-2024_6454.d	8249	1052	862746000.0	18821801671	534717523422	2.249	0.035	1.86964	1.59743	1.58962	1.50432	0	0	0.111473	13.737	2.394	0.25	100SPD_DIA	122_Enterococcus_durans_P25_3_DIA100_6454_report.stats.tsv	122_Enterococcus_durans_P25_3_DIA100_6454	Probe 193-206_100SPD_diaPASEF_diann_res	6703	Enterococcus durans	1354	UniProt	UP000352698	P25_3	NCTC12204	2651	39.68313843832516
/Probe 193-206_100SPD_diaPASEF/BacLandscape_100SPD_diaPASEF_Klebsiella_aerogenes_198_3-28-2024_6464.d	31119	2769	1520660000.0	17594030716	462806230964	2.266	0.035	1.77675	1.43142	1.74764	1.70701	0	0	0.115038	14.645	2.44	0.192	100SPD_DIA	125_Klebsiella_aerogenes_E56_DIA100_6464_report.stats.tsv	125_Klebsiella_aerogenes_E56_DIA100_6464	Probe 193-206_100SPD_diaPASEF_diann_res	25672	Klebsiella aerogenes	548	UniProt	UP000008881	E56	DSM 30053	4909	56.40660012222448
/Probe 193-206_100SPD_diaPASEF/BacLandscape_100SPD_diaPASEF_Proteus_vulgaris_195_3-28-2024_6458.d	13356	1587	1129010000.0	19715854723	563417564310	2.272	0.035	2.09479	1.50205	1.53159	1.50293	0	0	0.111599	13.836	2.388	0.204	100SPD_DIA	137_Proteus_mirabilis_718-91_DIA100_6458_report.stats.tsv	137_Proteus_mirabilis_718-91_DIA100_6458	Probe 193-206_100SPD_diaPASEF_diann_res	10893	Proteus mirabilis	585	UniProt	UP000254331	718/91	NCTC10376	3963	40.045420136260404
/Probe 193-206_100SPD_diaPASEF/BacLandscape_100SPD_diaPASEF_Pseudomonas_aeruginosa_204_3-28-2024_6476.d	34154	3250	1500520000.0	18094996158	486152187508	2.256	0.035	2.30862	1.53473	1.77078	1.61428	0	0	0.121338	14.499	2.416	0.191	100SPD_DIA	140_Pseudomonas_aeruginosa_ATCC33355_DIA100_6476_report.stats.tsv	140_Pseudomonas_aeruginosa_ATCC33355_DIA100_6476	Probe 193-206_100SPD_diaPASEF_diann_res	28486	Pseudomonas aeruginosa	287	UniProt	UP000002438	ATCC 33355	DSM 22644	5563	58.421714902031276
/Probe 193-206_100SPD_diaPASEF/BacLandscape_100SPD_diaPASEF_Ralstonia_pickettii_199_3-28-2024_6466.d	16351	1805	1018850000.0	17805724019	472128157700	2.208	0.034	1.92374	1.37783	1.66181	1.60257	0	0	0.11045	13.907	2.4	0.192	100SPD_DIA	143_Ralstonia_condita_HST_2644_DIA100_6466_report.stats.tsv	143_Ralstonia_condita_HST_2644_DIA100_6466	Probe 193-206_100SPD_diaPASEF_diann_res	13418	Ralstonia condita	329	UniProt	UP000441032	HST 2644	PSLESD1	4773	37.81688665409595
/Probe 193-206_100SPD_diaPASEF/BacLandscape_100SPD_diaPASEF_Yersinia_enterocolitica_196_3-28-2024_6460.d	27460	2345	1537570000.0	18859969131	524771543100	2.217	0.034	1.8601	1.53479	1.64064	1.59182	0	0	0.120531	14.436	2.432	0.213	100SPD_DIA	167_Yersinia_enterocolitica_DSM11503_DIA100_6460_report.stats.tsv	167_Yersinia_enterocolitica_DSM11503_DIA100_6460	Probe 193-206_100SPD_diaPASEF_diann_res	22351	Yersinia enterocolitica	630	UniProt	UP000000642	DSM 11503	NCTC 13174 / 8081	4026	58.24639841033283
/Probe 193-206_100SPD_diaPASEF/BacLandscape_100SPD_diaPASEF_Acinetobacter_baumannii_201_3-28-2024_6470.d	31536	2403	1549310000.0	18806591950	523165624736	2.142	0.033	2.29368	1.4826	1.68024	1.55475	0	0	0.123703	14.776	2.471	0.239	100SPD_DIA	198_Acinetobacter_baumannii_DSM30007_DIA100_6470_report.stats.tsv	198_Acinetobacter_baumannii_DSM30007_DIA100_6470	Probe 193-206_100SPD_diaPASEF_diann_res	25561	Acinetobacter baumannii	470	UniProt	UP000005740	DSM 30007	DSM 30007	3765	63.82470119521913
/Probe 193-206_100SPD_diaPASEF/BacLandscape_100SPD_diaPASEF_Acinetobacter_baumannii_200_3-28-2024_6468.d	25803	2134	1506910000.0	19096000294	537805090172	2.221	0.035	2.32904	1.55417	1.82733	1.70313	0	0	0.110419	14.505	2.446	0.203	100SPD_DIA	277_Acinetobacter_baumannii_DSM24110_DIA100_6468_report.stats.tsv	277_Acinetobacter_baumannii_DSM24110_DIA100_6468	Probe 193-206_100SPD_diaPASEF_diann_res	20716	Acinetobacter baumannii	470	UniProt	UP000005740	DSM 24110	DSM 30007	3765	56.679946879150066
/Probe 1-96_200SPD_diaPASEF/BacLandscape_200SPD_diaPASEF_Achromobacter_xylosoxidans_subsp_xylosoxidans_22_1-25-2024_4582.d	9912	1580	159945000.0	4352474886	59176272000	2.757	0.033	1.55578	1.07059	3.30905	2.06241	0	0	0.0498507	13.309	2.321	0.126	200SPD_DIA	002_Achromobacter_xylosoxidans_ssp_xylosoxidans_DSM2402_DIA200_4582_report.stats.tsv	002_Achromobacter_xylosoxidans_ssp_xylosoxidans_DSM2402_DIA200_4582	Probe 1-96_200SPD_diaPASEF_diann_res	9029	Achromobacter xylosoxidans_ssp_xylosoxidans	85698	UniProt	UP000060602	DSM 2402	FDAARGOS_147	6134	25.758069775024456
/Probe 1-96_200SPD_diaPASEF/BacLandscape_200SPD_diaPASEF_Acinetobacter_lwoffii_40_1-26-2024_4618.d	10889	1299	245450000.0	5536813871	79524589912	2.674	0.032	2.20369	1.08754	3.46613	2.09041	0	0	0.0491623	13.659	2.384	0.154	200SPD_DIA	005_Acinetobacter_lwoffii_DSM2403_DIA200_4618_report.stats.tsv	005_Acinetobacter_lwoffii_DSM2403_DIA200_4618	Probe 1-96_200SPD_diaPASEF_diann_res	9623	Acinetobacter lwoffii	28090	UniProt	UP000293391	DSM 2403	AL_065	3273	39.68835930339139
/Probe 1-96_200SPD_diaPASEF/BacLandscape_200SPD_diaPASEF_Acinetobacter_pittii_25_1-26-2024_4588.d	11204	1388	155338000.0	3686861069	48346313124	2.702	0.033	1.92726	1.1493	3.49904	2.38393	0	0	0.0481035	13.435	2.352	0.134	200SPD_DIA	007_Acinetobacter_pittii_DSM9312_DIA200_4588_report.stats.tsv	007_Acinetobacter_pittii_DSM9312_DIA200_4588	Probe 1-96_200SPD_diaPASEF_diann_res	10123	Acinetobacter pittii	48296	UniProt	UP000271320	DSM 9312(T)	TG41884	4014	34.57897359242651
/Probe 1-96_200SPD_diaPASEF/BacLandscape_200SPD_diaPASEF_Acinetobacter_pittii_58_1-26-2024_4654.d	13592	1558	326435000.0	6577858987	102377051956	2.776	0.034	2.72698	1.11164	3.99871	1.95829	0	0	0.0566373	13.764	2.387	0.165	200SPD_DIA	008_Acinetobacter_pittii_DSM9318_DIA200_4654_report.stats.tsv	008_Acinetobacter_pittii_DSM9318_DIA200_4654	Probe 1-96_200SPD_diaPASEF_diann_res	11965	Acinetobacter pittii	48296	UniProt	UP000271320	DSM 9318	TG41884	4014	38.814150473343304
/Probe 1-96_200SPD_diaPASEF/BacLandscape_200SPD_diaPASEF_Aeromonas_hydrophila_subsp_hydrophila_33_1-26-2024_4604.d	16430	1914	404048000.0	6982539944	109928749254	2.855	0.035	1.90104	1.07011	3.38179	1.98014	0	0	0.0523022	14.051	2.387	0.154	200SPD_DIA	011_Aeromonas_hydrophila_ssp_hydrophila_DSM30187_DIA200_4604_report.stats.tsv	011_Aeromonas_hydrophila_ssp_hydrophila_DSM30187_DIA200_4604	Probe 1-96_200SPD_diaPASEF_diann_res	14385	Aeromonas hydrophila_ssp_hydrophila	196023	UniProt	UP000000756	DSM 30187(T)	DSM 30187	4121	46.44503761223004
/Probe 1-96_200SPD_diaPASEF/BacLandscape_200SPD_diaPASEF_Aeromonas_hydrophila_subsp_ranae_23_1-25-2024_4584.d	12824	1636	234724000.0	5077255179	71706656556	2.767	0.033	1.84031	1.08106	3.47505	2.32679	0	0	0.0497314	13.582	2.361	0.137	200SPD_DIA	012_Aeromonas_hydrophila_ssp_ranae_DSM17695_DIA200_4584_report.stats.tsv	012_Aeromonas_hydrophila_ssp_ranae_DSM17695_DIA200_4584	Probe 1-96_200SPD_diaPASEF_diann_res	11496	Aeromonas hydrophila_ssp_ranae	208958	UniProt	UP000000756	DSM 17695(T)	DSM 30187	4121	39.699102159669984
/Probe 1-96_200SPD_diaPASEF/BacLandscape_200SPD_diaPASEF_Aeromonas_veronii_38_1-26-2024_4614.d	14539	1703	450162000.0	8699103825	154363818938	2.792	0.034	1.89509	1.22587	3.38551	1.83647	0	0	0.0525816	13.933	2.387	0.167	200SPD_DIA	013_Aeromonas_veronii_DSM7386_DIA200_4614_report.stats.tsv	013_Aeromonas_veronii_DSM7386_DIA200_4614	Probe 1-96_200SPD_diaPASEF_diann_res	12489	Aeromonas veronii	654	UniProt	UP000006087	DSM 7386	AMC34	4109	41.4456072036992
/Probe 1-96_200SPD_diaPASEF/BacLandscape_200SPD_diaPASEF_Alcaligenes_faecalis_subsp_faecalis_21_1-25-2024_4580.d	11224	1413	184559000.0	4596333820	63895193378	2.702	0.033	1.79066	1.0725	3.27356	2.27258	0	0	0.0462097	13.51	2.349	0.129	200SPD_DIA	021_Alcaligenes_faecalis_ssp_faecalis_DSM30030_DIA200_4580_report.stats.tsv	021_Alcaligenes_faecalis_ssp_faecalis_DSM30030_DIA200_4580	Probe 1-96_200SPD_diaPASEF_diann_res	10078	Alcaligenes faecalis_ssp_faecalis	32001	UniProt	UP000830925	DSM 30030(T)	D334	3770	37.48010610079576
/Probe 1-96_200SPD_diaPASEF/BacLandscape_200SPD_diaPASEF_Alcaligenes_faecalis_subsp_parafaecalis_43_1-26-2024_4624.d	9305	1308	205139000.0	5016797598	71875894628	2.834	0.034	1.9164	0.995358	3.3151	2.16967	0	0	0.0496993	13.327	2.347	0.134	200SPD_DIA	022_Alcaligenes_faecalis_ssp_parafaecalis_DSM13975_DIA200_4624_report.stats.tsv	022_Alcaligenes_faecalis_ssp_parafaecalis_DSM13975_DIA200_4624	Probe 1-96_200SPD_diaPASEF_diann_res	8273	Alcaligenes faecalis_ssp_parafaecalis	171260	UniProt	UP000830925	DSM 13975(T)	D334	3770	34.69496021220159
/Probe 1-96_200SPD_diaPASEF/BacLandscape_200SPD_diaPASEF_Bacteroides_fragilis__31_1-26-2024_4600.d	11512	1292	170264000.0	3922101539	51116444400	2.727	0.033	2.04475	1.10413	3.59203	2.31668	0	0	0.0525397	13.035	2.321	0.152	200SPD_DIA	064_Bacteroides_fragilis_DSM2151_DIA200_4600_report.stats.tsv	064_Bacteroides_fragilis_DSM2151_DIA200_4600	Probe 1-96_200SPD_diaPASEF_diann_res	10444	Bacteroides fragilis	817	UniProt	UP000003917	DSM 2151	CL05T12C13	4409	29.303696983442958
/Probe 1-96_200SPD_diaPASEF/BacLandscape_200SPD_diaPASEF_Bordetella_pertussis_88_1-27-2024_4714.d	11727	1350	196535000.0	4309284937	58666234340	2.832	0.034	3.15868	1.14273	4.76142	2.25756	0	0	0.0541389	13.943	2.386	0.169	200SPD_DIA	066_Bordetella_pertussis_DSM5571_DIA200_4714_report.stats.tsv	066_Bordetella_pertussis_DSM5571_DIA200_4714	Probe 1-96_200SPD_diaPASEF_diann_res	10421	Bordetella pertussis	520	UniProt	UP000002676	DSM 5571(T)	NCTC 13251	3258	41.43646408839779
/Probe 1-96_200SPD_diaPASEF/BacLandscape_200SPD_diaPASEF_Brevundimonas_diminuta_92_1-27-2024_4722.d	10233	1390	293437000.0	6910495209	108991822140	2.878	0.035	2.91517	1.12573	4.41799	1.92253	0	0	0.0499855	13.71	2.355	0.171	200SPD_DIA	070_Brevundimonas_diminuta_DSM7234_DIA200_4722_report.stats.tsv	070_Brevundimonas_diminuta_DSM7234_DIA200_4722	Probe 1-96_200SPD_diaPASEF_diann_res	9048	Brevundimonas diminuta	293	UniProt	UP000195766	DSM 7234(T)	3F5N	3128	44.43734015345269
/Probe 1-96_200SPD_diaPASEF/BacLandscape_200SPD_diaPASEF_Brevundimonas_diminuta_87_1-27-2024_4712.d	9634	1378	176381000.0	4942215792	69749774124	2.815	0.034	3.51657	1.13654	4.70794	2.16261	0	0	0.0528032	13.652	2.355	0.157	200SPD_DIA	072_Brevundimonas_diminuta_DSM1635_DIA200_4712_report.stats.tsv	072_Brevundimonas_diminuta_DSM1635_DIA200_4712	Probe 1-96_200SPD_diaPASEF_diann_res	8717	Brevundimonas diminuta	293	UniProt	UP000195766	DSM 1635	3F5N	3128	44.0537084398977
/Probe 1-96_200SPD_diaPASEF/BacLandscape_200SPD_diaPASEF_Brevundimonas_vesicularis_90_1-27-2024_4718.d	15558	1798	390053000.0	7072172815	111121982712	2.872	0.035	3.35687	1.10478	4.51641	2.04006	0	0	0.054178	14.26	2.38	0.179	200SPD_DIA	076_Brevundimonas_vesicularis_DSM7226_DIA200_4718_report.stats.tsv	076_Brevundimonas_vesicularis_DSM7226_DIA200_4718	Probe 1-96_200SPD_diaPASEF_diann_res	13699	Brevundimonas vesicularis	41276	UniProt	UP000197050	DSM 7226(T)	FDAARGOS_289	3269	55.00152951973081
/Probe 1-96_200SPD_diaPASEF/BacLandscape_200SPD_diaPASEF_Brevundimonas_vesicularis_94_1-27-2024_4726.d	12147	1449	365455000.0	7680751061	125227500858	2.887	0.035	2.65602	1.10516	3.8791	1.80034	0	0	0.0530726	14.069	2.375	0.186	200SPD_DIA	078_Brevundimonas_vesicularis_DSM108136_DIA200_4726_report.stats.tsv	078_Brevundimonas_vesicularis_DSM108136_DIA200_4726	Probe 1-96_200SPD_diaPASEF_diann_res	10605	Brevundimonas vesicularis	41276	UniProt	UP000197050	DSM 108136	FDAARGOS_289	3269	44.3254817987152
/Probe 1-96_200SPD_diaPASEF/BacLandscape_200SPD_diaPASEF_Klebsiella_quasipneumoniae_subsp_similipneumoniae_53_1-26-2024_4644.d	14744	1854	415839000.0	6707981436	106850154348	2.916	0.035	2.2506	1.08309	3.47591	2.00905	0	0	0.0536398	13.959	2.389	0.168	200SPD_DIA	098_Klebsiella_quasipneumoniae_ssp_similipneumoniae_DSM28212_DIA200_4644_report.stats.tsv	098_Klebsiella_quasipneumoniae_ssp_similipneumoniae_DSM28212_DIA200_4644	Probe 1-96_200SPD_diaPASEF_diann_res	13004	Klebsiella quasipneumoniae_ssp_similipneumoniae	1667327	UniProt	UP001058353	DSM 28212(T)	KAM644	5913	31.35464231354642
/Probe 1-96_200SPD_diaPASEF/BacLandscape_200SPD_diaPASEF_Stenotrophomonas_maltophilia___28_1-26-2024_4594.d	9300	1390	141999000.0	3974320226	53384164092	2.686	0.032	2.13456	1.095	3.70379	2.26129	0	0	0.0479657	13.19	2.32	0.132	200SPD_DIA	100_Stenotrophomonas_maltophilia_DSM50170_DIA200_4594_report.stats.tsv	100_Stenotrophomonas_maltophilia_DSM50170_DIA200_4594	Probe 1-96_200SPD_diaPASEF_diann_res	8494	Stenotrophomonas maltophilia	40324	UniProt	UP000001867	DSM 50170(T)	R551-3	4026	34.52558370591157
/Probe 1-96_200SPD_diaPASEF/BacLandscape_200SPD_diaPASEF_Klebsiella_quasipneumoniae_subsp_quasipneumoniae_59_1-26-2024_4656.d	16782	2010	496216000.0	7856438830	133065852840	2.78	0.034	3.05748	1.09867	4.23287	1.83703	0	0	0.0516673	13.965	2.38	0.17	200SPD_DIA	107_Klebsiella_quasipneumoniae_ssp_quasipneumoniae_DSM28211_DIA200_4656_report.stats.tsv	107_Klebsiella_quasipneumoniae_ssp_quasipneumoniae_DSM28211_DIA200_4656	Probe 1-96_200SPD_diaPASEF_diann_res	14806	Klebsiella quasipneumoniae_ssp_quasipneumoniae	1667327	UniProt	UP001058353	DSM 28211(T)	KAM644	5913	33.99289700659563
/Probe 1-96_200SPD_diaPASEF/BacLandscape_200SPD_diaPASEF_Enterococcus_faecium__8_1-25-2024_4554.d	8283	1049	173578000.0	4044210061	54094987200	2.777	0.034	1.82973	1.03687	3.71214	2.24357	0	0	0.0501794	13.249	2.347	0.179	200SPD_DIA	111_Enterococcus_faecium_DSM20477_DIA200_4554_report.stats.tsv	111_Enterococcus_faecium_DSM20477_DIA200_4554	Probe 1-96_200SPD_diaPASEF_diann_res	7391	Enterococcus faecium	1352	UniProt	UP000010553	DSM 20477(T)	E1590	2877	36.46159193604449
/Probe 1-96_200SPD_diaPASEF/BacLandscape_200SPD_diaPASEF_Citrobacter_amalonaticus_35_1-26-2024_4608.d	8401	1300	202803000.0	5975054456	88454857476	2.866	0.035	1.85451	1.11228	3.25613	2.10825	0	0	0.0515595	13.321	2.341	0.148	200SPD_DIA	116_Citrobacter_amalonaticus_DSM4593_DIA200_4608_report.stats.tsv	116_Citrobacter_amalonaticus_DSM4593_DIA200_4608	Probe 1-96_200SPD_diaPASEF_diann_res	7496	Citrobacter amalonaticus	35703	UniProt	UP000237003	DSM  4593(T)	S1285	5139	25.296750340533176
/Probe 1-96_200SPD_diaPASEF/BacLandscape_200SPD_diaPASEF_Citrobacter_amalonaticus_45_1-26-2024_4628.d	6869	1107	142200000.0	4454929283	61736519554	2.853	0.034	1.85911	1.10237	3.60968	2.02509	0	0	0.0539322	13.124	2.338	0.144	200SPD_DIA	117_Citrobacter_amalonaticus_DSM17342_DIA200_4628_report.stats.tsv	117_Citrobacter_amalonaticus_DSM17342_DIA200_4628	Probe 1-96_200SPD_diaPASEF_diann_res	6198	Citrobacter amalonaticus	35703	UniProt	UP000237003	DSM 17342	S1285	5139	21.541155866900176
/Probe 1-96_200SPD_diaPASEF/BacLandscape_200SPD_diaPASEF_Citrobacter_freundii_67_1-26-2024_4672.d	6922	1126	181788000.0	5318819219	78781630110	2.896	0.035	3.83023	1.04488	5.30435	1.94406	0	0	0.049382	13.063	2.327	0.158	200SPD_DIA	120_Citrobacter_freundii_DSM14984_DIA200_4672_report.stats.tsv	120_Citrobacter_freundii_DSM14984_DIA200_4672	Probe 1-96_200SPD_diaPASEF_diann_res	6202	Citrobacter freundii	546	UniProt	UP000001889	DSM 14984	ICC168	4792	23.497495826377296
/Probe 1-96_200SPD_diaPASEF/BacLandscape_200SPD_diaPASEF_Citrobacter_freundii_69_1-26-2024_4676.d	6974	1113	190195000.0	5686393931	86053646328	2.896	0.035	4.28865	1.06221	5.54597	1.94156	0	0	0.0525731	13.048	2.333	0.161	200SPD_DIA	123_Citrobacter_freundii_DSM24120_DIA200_4676_report.stats.tsv	123_Citrobacter_freundii_DSM24120_DIA200_4676	Probe 1-96_200SPD_diaPASEF_diann_res	6244	Citrobacter freundii	546	UniProt	UP000001889	DSM 24120	ICC168	4792	23.226210350584306
/Probe 1-96_200SPD_diaPASEF/BacLandscape_200SPD_diaPASEF_Citrobacter_koseri_80_1-26-2024_4698.d	13593	1705	274506000.0	5491001686	80390290898	2.735	0.033	3.54726	1.10028	4.90027	1.95788	0	0	0.0532431	13.817	2.377	0.16	200SPD_DIA	126_Citrobacter_koseri_DSM4570_DIA200_4698_report.stats.tsv	126_Citrobacter_koseri_DSM4570_DIA200_4698	Probe 1-96_200SPD_diaPASEF_diann_res	12069	Citrobacter koseri	545	UniProt	UP000008148	DSM 4570	ATCC BAA-895	5019	33.97091053994819
/Probe 1-96_200SPD_diaPASEF/BacLandscape_200SPD_diaPASEF_Citrobacter_koseri_64_1-26-2024_4666.d	13854	1701	297222000.0	5467867226	82248086716	2.8	0.034	3.71425	1.07547	5.10861	2.21962	0	0	0.0521433	13.825	2.374	0.166	200SPD_DIA	129_Citrobacter_koseri_DSM4596_DIA200_4666_report.stats.tsv	129_Citrobacter_koseri_DSM4596_DIA200_4666	Probe 1-96_200SPD_diaPASEF_diann_res	12441	Citrobacter koseri	545	UniProt	UP000008148	DSM 4596	ATCC BAA-895	5019	33.89121338912134
/Probe 1-96_200SPD_diaPASEF/BacLandscape_200SPD_diaPASEF_Escherichia_coli__5_1-25-2024_4548.d	11880	1467	231540000.0	4800634628	67258064850	2.81	0.034	1.63529	1.09148	3.03213	2.10762	0	0	0.0450168	13.531	2.362	0.146	200SPD_DIA	130_Escherichia_coli_DSM30083_DIA200_4548_report.stats.tsv	130_Escherichia_coli_DSM30083_DIA200_4548	Probe 1-96_200SPD_diaPASEF_diann_res	10620	Escherichia coli	562	UniProt	UP000008205	DSM 30083(T)	E2348/69 / EPEC	4594	31.932956029603833
/Probe 1-96_200SPD_diaPASEF/BacLandscape_200SPD_diaPASEF_Corynebacterium_diphtheriae_66_1-26-2024_4670.d	9688	1136	163328000.0	3658422993	50783785274	2.789	0.034	4.55929	1.11809	5.8818	2.23802	0	0	0.0454093	13.826	2.387	0.155	200SPD_DIA	132_Corynebacterium_diphtheriae_DSM43988_DIA200_4670_report.stats.tsv	132_Corynebacterium_diphtheriae_DSM43988_DIA200_4670	Probe 1-96_200SPD_diaPASEF_diann_res	8697	Corynebacterium diphtheriae	1717	UniProt	UP000002198	DSM 43988	ATCC 700971	2265	50.154525386313466
/Probe 1-96_200SPD_diaPASEF/BacLandscape_200SPD_diaPASEF_Haemophilus_influenzae__56_1-26-2024_4650.d	9438	997	221180000.0	4388265881	62627596028	2.727	0.033	2.26592	1.11776	3.84837	2.07177	0	0	0.0616766	13.312	2.361	0.188	200SPD_DIA	133_Haemophilus_influenzae_DSM4690_DIA200_4650_report.stats.tsv	133_Haemophilus_influenzae_DSM4690_DIA200_4650	Probe 1-96_200SPD_diaPASEF_diann_res	8396	Haemophilus influenzae	727	UniProt	UP000000579	DSM 4690(T)	ATCC 51907	1704	58.509389671361504
/Probe 1-96_200SPD_diaPASEF/BacLandscape_200SPD_diaPASEF_Haemophilus_influenzae__95_1-27-2024_4728.d	7705	873	248726000.0	5954699437	88672852088	2.705	0.033	2.99675	0.994674	4.22627	2.02868	0	0	0.0586764	13.444	2.36	0.19	200SPD_DIA	135_Haemophilus_influenzae_DSM10000_DIA200_4728_report.stats.tsv	135_Haemophilus_influenzae_DSM10000_DIA200_4728	Probe 1-96_200SPD_diaPASEF_diann_res	6758	Haemophilus influenzae	727	UniProt	UP000000579	DSM 10000	ATCC 51907	1704	51.232394366197184
/Probe 1-96_200SPD_diaPASEF/BacLandscape_200SPD_diaPASEF_Corynebacterium_diphtheriae_subsp_diphtheriae_32_1-26-2024_4602.d	9764	1158	199303000.0	4634350050	65558273552	2.734	0.033	2.26651	1.13287	3.75193	2.20309	0	0	0.0513446	13.917	2.386	0.145	200SPD_DIA	138_Corynebacterium_diphtheriae_ssp_diphtheriae_DSM44123_DIA200_4602_report.stats.tsv	138_Corynebacterium_diphtheriae_ssp_diphtheriae_DSM44123_DIA200_4602	Probe 1-96_200SPD_diaPASEF_diann_res	8676	Corynebacterium diphtheriae_ssp_diphtheriae	2315257	UniProt	UP000002198	DSM 44123(T)	ATCC 700971	2265	51.12582781456953
/Probe 1-96_200SPD_diaPASEF/BacLandscape_200SPD_diaPASEF_Haemophilus_influenzae__91_1-27-2024_4720.d	8956	981	221575000.0	4708460728	65315133680	2.723	0.033	3.01001	1.03434	4.41962	2.11159	0	0	0.0555616	13.389	2.364	0.177	200SPD_DIA	139_Haemophilus_influenzae_DSM10001_DIA200_4720_report.stats.tsv	139_Haemophilus_influenzae_DSM10001_DIA200_4720	Probe 1-96_200SPD_diaPASEF_diann_res	7861	Haemophilus influenzae	727	UniProt	UP000000579	DSM 10001	ATCC 51907	1704	57.570422535211264
/Probe 1-96_200SPD_diaPASEF/BacLandscape_200SPD_diaPASEF_Corynebacterium_pseudotuberculosis__39_1-26-2024_4616.d	13147	1344	313909000.0	6105611452	92372160216	2.758	0.033	2.20098	1.03481	3.5845	2.03455	0	0	0.0516251	14.155	2.406	0.164	200SPD_DIA	141_Corynebacterium_pseudotuberculosis_DSM20689_DIA200_4616_report.stats.tsv	141_Corynebacterium_pseudotuberculosis_DSM20689_DIA200_4616	Probe 1-96_200SPD_diaPASEF_diann_res	11372	Corynebacterium pseudotuberculosis	1719	UniProt	UP000000276	DSM 20689(T)	C231	2001	67.1664167916042
/Probe 1-96_200SPD_diaPASEF/BacLandscape_200SPD_diaPASEF_Klebsiella_aerogenes__42_1-26-2024_4622.d	16138	1935	372965000.0	6698619109	105065177708	2.832	0.034	1.77372	1.12334	3.42707	2.1392	0	0	0.0515237	14.215	2.406	0.172	200SPD_DIA	142_Klebsiella_aerogenes_DSM30053_DIA200_4622_report.stats.tsv	142_Klebsiella_aerogenes_DSM30053_DIA200_4622	Probe 1-96_200SPD_diaPASEF_diann_res	14273	Klebsiella aerogenes	548	UniProt	UP000008881	DSM 30053(T)	DSM 30053	4909	39.417396618455896
/Probe 1-96_200SPD_diaPASEF/BacLandscape_200SPD_diaPASEF_Corynebacterium_pseudotuberculosis__89_1-27-2024_4716.d	12281	1298	267865000.0	5715050093	84897266788	2.751	0.033	2.81687	1.09438	4.27028	2.00653	0	0	0.0516385	14.1	2.412	0.171	200SPD_DIA	144_Corynebacterium_pseudotuberculosis_DSM7177_DIA200_4716_report.stats.tsv	144_Corynebacterium_pseudotuberculosis_DSM7177_DIA200_4716	Probe 1-96_200SPD_diaPASEF_diann_res	10595	Corynebacterium pseudotuberculosis	1719	UniProt	UP000000276	DSM 7177	C231	2001	64.86756621689156
/Probe 1-96_200SPD_diaPASEF/BacLandscape_200SPD_diaPASEF_Corynebacterium_pseudotuberculosis__86_1-27-2024_4710.d	11449	1252	208347000.0	4551349235	63894179376	2.747	0.033	3.55206	1.0755	4.99589	2.23706	0	0	0.0483569	14.043	2.404	0.162	200SPD_DIA	147_Corynebacterium_pseudotuberculosis_DSM7178_DIA200_4710_report.stats.tsv	147_Corynebacterium_pseudotuberculosis_DSM7178_DIA200_4710	Probe 1-96_200SPD_diaPASEF_diann_res	10006	Corynebacterium pseudotuberculosis	1719	UniProt	UP000000276	DSM 7178	C231	2001	62.56871564217891
/Probe 1-96_200SPD_diaPASEF/BacLandscape_200SPD_diaPASEF_Corynebacterium_ulcerans___36_1-26-2024_4610.d	11600	1311	211691000.0	4506222045	62487783428	2.7	0.033	1.91112	1.12485	3.6846	2.22928	0	0	0.056095	13.962	2.392	0.154	200SPD_DIA	150_Corynebacterium_ulcerans_DSM46325_DIA200_4610_report.stats.tsv	150_Corynebacterium_ulcerans_DSM46325_DIA200_4610	Probe 1-96_200SPD_diaPASEF_diann_res	10220	Corynebacterium ulcerans	65058	UniProt	UP000008886	DSM 46325(T)	809	2180	60.137614678899084
/Probe 1-96_200SPD_diaPASEF/BacLandscape_200SPD_diaPASEF_Enterobacter_cloacae_subsp_cloacae_3_1-25-2024_4544.d	13736	1764	295244000.0	6051218262	91026600474	2.697	0.033	1.48267	1.10464	2.84208	1.92688	0	0	0.0494576	13.738	2.372	0.143	200SPD_DIA	153_Enterobacter_cloacae_ssp_cloacae_DSM30054_DIA200_4544_report.stats.tsv	153_Enterobacter_cloacae_ssp_cloacae_DSM30054_DIA200_4544	Probe 1-96_200SPD_diaPASEF_diann_res	12275	Enterobacter cloacae_ssp_cloacae	336306	UniProt	UP000053081	DSM 30054(T)	SMART_1094	5177	34.07378790805486
/Probe 1-96_200SPD_diaPASEF/BacLandscape_200SPD_diaPASEF_Enterobacter_hormaechei_subsp_hoffmannii_13_1-25-2024_4564.d	15265	1776	476871000.0	8381408644	143581009488	2.849	0.034	1.62807	1.22411	2.59178	1.77473	0	0	0.0583422	14.145	2.409	0.186	200SPD_DIA	159_Enterobacter_hormaechei_ssp_hoffmannii_DSM14563_DIA200_4564_report.stats.tsv	159_Enterobacter_hormaechei_ssp_hoffmannii_DSM14563_DIA200_4564	Probe 1-96_200SPD_diaPASEF_diann_res	13263	Enterobacter hormaechei_ssp_hoffmannii	1812934	UniProt	UP000742934	DSM 14563(T)	90086	4641	38.26761473820297
/Probe 1-96_200SPD_diaPASEF/BacLandscape_200SPD_diaPASEF_Enterobacter_hormaechei_subsp_hormaechei_12_1-25-2024_4562.d	14387	1815	279750000.0	5482513645	79991205324	2.785	0.034	1.58043	1.14556	2.84611	2.12894	0	0	0.0466761	13.638	2.363	0.156	200SPD_DIA	162_Enterobacter_hormaechei_ssp_hormaechei_DSM12409_DIA200_4562_report.stats.tsv	162_Enterobacter_hormaechei_ssp_hormaechei_DSM12409_DIA200_4562	Probe 1-96_200SPD_diaPASEF_diann_res	12891	Enterobacter hormaechei_ssp_hormaechei	301105	UniProt	UP000002984	DSM 12409(T)	ATCC 49162	4670	38.86509635974304
/Probe 1-96_200SPD_diaPASEF/BacLandscape_200SPD_diaPASEF_Klebsiella_pneumoniae_subsp_pneumonia_57_1-26-2024_4652.d	15778	1931	413148000.0	6861753976	111839791080	2.812	0.034	2.85736	1.11172	4.05863	1.99873	0	0	0.0499326	14.027	2.392	0.175	200SPD_DIA	163_Klebsiella_pneumoniae_ssp_pneumonia_DSM30104_DIA200_4652_report.stats.tsv	163_Klebsiella_pneumoniae_ssp_pneumonia_DSM30104_DIA200_4652	Probe 1-96_200SPD_diaPASEF_diann_res	13928	Klebsiella pneumoniae_ssp_pneumonia	72407	UniProt	UP000007841	DSM 30104(T)	HS11286	5728	33.71159217877095
/Probe 1-96_200SPD_diaPASEF/BacLandscape_200SPD_diaPASEF_Enterobacter_hormaechei_subsp_steigerwaltii_10_1-25-2024_4558.d	14644	1679	412557000.0	7805040684	129244051142	2.762	0.033	1.67015	1.13861	3.07462	1.84918	0	0	0.0536727	13.985	2.383	0.17	200SPD_DIA	165_Enterobacter_hormaechei_ssp_steigerwaltii_DSM16691_DIA200_4558_report.stats.tsv	165_Enterobacter_hormaechei_ssp_steigerwaltii_DSM16691_DIA200_4558	Probe 1-96_200SPD_diaPASEF_diann_res	12871	Enterobacter hormaechei_ssp_steigerwaltii	299766	UniProt	UP001182277	DSM 16691(T)	PEER 323	5338	31.45372798801049
/Probe 1-96_200SPD_diaPASEF/BacLandscape_200SPD_diaPASEF_Leclercia_adecarboxylata___41_1-26-2024_4620.d	13243	1684	286993000.0	5386813494	78607403146	2.68	0.032	2.03518	1.11691	3.5357	2.07555	0	0	0.0510892	13.674	2.373	0.158	200SPD_DIA	173_Leclercia_adecarboxylata_DSM5077_DIA200_4620_report.stats.tsv	173_Leclercia_adecarboxylata_DSM5077_DIA200_4620	Probe 1-96_200SPD_diaPASEF_diann_res	11812	Leclercia adecarboxylata	83655	UniProt	UP001149314	DSM 5077(T)	Lac40	5281	31.887900018935806
/Probe 1-96_200SPD_diaPASEF/BacLandscape_200SPD_diaPASEF_Legionella_pneumophila_subsp_fraseri_65_1-26-2024_4668.d	9330	1284	158145000.0	3759182111	50838099068	2.763	0.033	4.03604	1.11187	5.48955	2.19885	0	0	0.0504367	12.882	2.343	0.155	200SPD_DIA	174_Legionella_pneumophila_ssp_fraseri_DSM7514_DIA200_4668_report.stats.tsv	174_Legionella_pneumophila_ssp_fraseri_DSM7514_DIA200_4668	Probe 1-96_200SPD_diaPASEF_diann_res	8409	Legionella pneumophila_ssp_fraseri	91892	UniProt	UP000254631	DSM 7514(T)	NCTC12000	3072	41.796875
/Probe 1-96_200SPD_diaPASEF/BacLandscape_200SPD_diaPASEF_Legionella_pneumophila_subsp_pascullei_79_1-26-2024_4696.d	13694	1548	196554000.0	4220368355	56782606368	2.609	0.031	3.87002	1.08784	5.34085	2.21212	0	0	0.0542539	13.465	2.377	0.152	200SPD_DIA	180_Legionella_pneumophila_ssp_pascullei_DSM7515_DIA200_4696_report.stats.tsv	180_Legionella_pneumophila_ssp_pascullei_DSM7515_DIA200_4696	Probe 1-96_200SPD_diaPASEF_diann_res	12230	Legionella pneumophila_ssp_pascullei	91890	UniProt	UP000249566	DSM 7515(T)	NCTC12272	3056	50.654450261780106
/Probe 1-96_200SPD_diaPASEF/BacLandscape_200SPD_diaPASEF_Legionella_pneumophila_subsp_pneumophila_68_1-26-2024_4674.d	13762	1597	215182000.0	4150196763	56909088734	2.774	0.034	4.41524	1.11373	5.7243	2.35513	0	0	0.0518381	13.429	2.375	0.161	200SPD_DIA	184_Legionella_pneumophila_ssp_pneumophila_DSM7513_DIA200_4674_report.stats.tsv	184_Legionella_pneumophila_ssp_pneumophila_DSM7513_DIA200_4674	Probe 1-96_200SPD_diaPASEF_diann_res	12349	Legionella pneumophila_ssp_pneumophila	91891	UniProt	UP000000609	DSM 7513(T)	DSM 7513	2930	54.50511945392491
/Probe 1-96_200SPD_diaPASEF/BacLandscape_200SPD_diaPASEF_Leuconostoc_pseudomesenteroides__96_1-27-2024_4730.d	8523	942	155042000.0	3542652766	47204939292	2.672	0.032	2.88591	1.11875	4.20155	2.2124	0	0	0.0485405	13.743	2.368	0.172	200SPD_DIA	200_Leuconostoc_pseudomesenteroides_DSM20193_DIA200_4730_report.stats.tsv	200_Leuconostoc_pseudomesenteroides_DSM20193_DIA200_4730	Probe 1-96_200SPD_diaPASEF_diann_res	7588	Leuconostoc pseudomesenteroides	33968	UniProt	UP000321296	DSM 20193(T)	CBA3630	2115	44.53900709219858
/Probe 1-96_200SPD_diaPASEF/BacLandscape_200SPD_diaPASEF_Micrococcus_luteus__4_1-25-2024_4546.d	12375	1293	205031000.0	4300549891	60627549076	2.757	0.033	1.73608	1.09618	3.35394	2.40313	0	0	0.0500792	14.284	2.43	0.181	200SPD_DIA	210_Micrococcus_luteus_DSM20030_DIA200_4546_report.stats.tsv	210_Micrococcus_luteus_DSM20030_DIA200_4546	Probe 1-96_200SPD_diaPASEF_diann_res	10873	Micrococcus luteus	1270	UniProt	UP000000738	DSM 20030(T)	ATCC 4698/DSM 20030	2207	58.58631626642501
/Probe 1-96_200SPD_diaPASEF/BacLandscape_200SPD_diaPASEF_Micrococcus_luteus__85_1-26-2024_4708.d	9467	1078	172973000.0	4199492128	58452339652	2.798	0.034	3.63677	1.08544	5.06868	2.19156	0	0	0.0543792	14.042	2.408	0.152	200SPD_DIA	212_Micrococcus_luteus_DSM14234_DIA200_4708_report.stats.tsv	212_Micrococcus_luteus_DSM14234_DIA200_4708	Probe 1-96_200SPD_diaPASEF_diann_res	8320	Micrococcus luteus	1270	UniProt	UP000000738	DSM 14234	ATCC 4698/DSM 20030	2207	48.844585410058905
/Probe 1-96_200SPD_diaPASEF/BacLandscape_200SPD_diaPASEF_Moraxella_catarrhalis__50_1-26-2024_4638.d	11062	1053	297856000.0	5646014511	84683712648	2.786	0.034	1.97234	1.05397	3.28625	1.88441	0	0	0.0479809	13.901	2.423	0.169	200SPD_DIA	214_Moraxella_catarrhalis_DSM9143_DIA200_4638_report.stats.tsv	214_Moraxella_catarrhalis_DSM9143_DIA200_4638	Probe 1-96_200SPD_diaPASEF_diann_res	9530	Moraxella catarrhalis	480	UniProt	UP000280228	DSM 9143(T)	46P58B1	2116	49.763705103969755
/Probe 1-96_200SPD_diaPASEF/BacLandscape_200SPD_diaPASEF_Moraxella_catarrhalis__48_1-26-2024_4634.d	11163	1077	288169000.0	6035849416	93044561556	2.718	0.033	2.01158	1.09805	3.38241	2.03212	0	0	0.0475076	13.966	2.426	0.184	200SPD_DIA	216_Moraxella_catarrhalis_DSM11994_DIA200_4634_report.stats.tsv	216_Moraxella_catarrhalis_DSM11994_DIA200_4634	Probe 1-96_200SPD_diaPASEF_diann_res	9560	Moraxella catarrhalis	480	UniProt	UP000280228	DSM 11994	46P58B1	2116	50.89792060491494
/Probe 1-96_200SPD_diaPASEF/BacLandscape_200SPD_diaPASEF_Morganella_morganii_subsp_morganii_47_1-26-2024_4632.d	12219	1489	245499000.0	5012857020	71807053660	2.777	0.034	2.19751	1.2172	3.4794	2.0407	0	0	0.0478709	13.752	2.386	0.164	200SPD_DIA	218_Morganella_morganii_ssp_morganii_DSM30164_DIA200_4632_report.stats.tsv	218_Morganella_morganii_ssp_morganii_DSM30164_DIA200_4632	Probe 1-96_200SPD_diaPASEF_diann_res	10818	Morganella morganii_ssp_morganii	180434	UniProt	UP000011834	DSM 30164(T)	KT	3510	42.421652421652425
/Probe 1-96_200SPD_diaPASEF/BacLandscape_200SPD_diaPASEF_Morganella_morganii_subsp_morganii_46_1-26-2024_4630.d	13132	1475	285537000.0	5500313251	80684774732	2.799	0.034	2.06014	1.20374	3.58505	2.07951	0	0	0.0496074	13.885	2.399	0.174	200SPD_DIA	220_Morganella_morganii_ssp_morganii_DSM30117_DIA200_4630_report.stats.tsv	220_Morganella_morganii_ssp_morganii_DSM30117_DIA200_4630	Probe 1-96_200SPD_diaPASEF_diann_res	11600	Morganella morganii_ssp_morganii	180434	UniProt	UP000011834	DSM 30117	KT	3510	42.02279202279202
/Probe 1-96_200SPD_diaPASEF/BacLandscape_200SPD_diaPASEF_Morganella_morganii_subsp_sibonii_55_1-26-2024_4648.d	10451	1355	266154000.0	5538596856	83281812300	2.827	0.034	2.47669	1.1709	3.88438	2.04747	0	0	0.0502534	13.511	2.371	0.166	200SPD_DIA	222_Morganella_morganii_ssp_sibonii_DSM14850_DIA200_4648_report.stats.tsv	222_Morganella_morganii_ssp_sibonii_DSM14850_DIA200_4648	Probe 1-96_200SPD_diaPASEF_diann_res	9252	Morganella morganii_ssp_sibonii	180435	UniProt	UP000011834	DSM 14850(T)	KT	3510	38.603988603988604
/Probe 1-96_200SPD_diaPASEF/BacLandscape_200SPD_diaPASEF_Morganella_morganii_subsp_sibonii_44_1-26-2024_4626.d	11211	1389	224781000.0	4733956040	66443265144	2.755	0.033	1.79277	1.04221	3.61756	2.1629	0	0	0.0470416	13.469	2.357	0.149	200SPD_DIA	224_Morganella_morganii_ssp_sibonii_DSM6675_DIA200_4626_report.stats.tsv	224_Morganella_morganii_ssp_sibonii_DSM6675_DIA200_4626	Probe 1-96_200SPD_diaPASEF_diann_res	9992	Morganella morganii_ssp_sibonii	180435	UniProt	UP000011834	DSM 6675	KT	3510	39.572649572649574
/Probe 1-96_200SPD_diaPASEF/BacLandscape_200SPD_diaPASEF_Neisseria_gonorrhoeae__52_1-26-2024_4642.d	9874	1022	236467000.0	5446083791	79850841344	2.819	0.034	2.16873	1.12825	3.60272	2.1664	0	0	0.0529198	13.47	2.355	0.17	200SPD_DIA	225_Neisseria_gonorrhoeae_DSM9188_DIA200_4642_report.stats.tsv	225_Neisseria_gonorrhoeae_DSM9188_DIA200_4642	Probe 1-96_200SPD_diaPASEF_diann_res	8751	Neisseria gonorrhoeae	485	UniProt	UP000000535	DSM 9188(T)	ATCC 700825	2106	48.52801519468186
/Probe 1-96_200SPD_diaPASEF/BacLandscape_200SPD_diaPASEF_Neisseria_gonorrhoeae__51_1-26-2024_4640.d	9469	983	188628000.0	4554253883	63689392236	2.704	0.033	2.17168	1.06958	3.91441	2.33947	0	0	0.0505259	13.328	2.354	0.171	200SPD_DIA	226_Neisseria_gonorrhoeae_DSM9189_DIA200_4640_report.stats.tsv	226_Neisseria_gonorrhoeae_DSM9189_DIA200_4640	Probe 1-96_200SPD_diaPASEF_diann_res	8471	Neisseria gonorrhoeae	485	UniProt	UP000000535	DSM 9189	ATCC 700825	2106	46.67616334283001
/Probe 1-96_200SPD_diaPASEF/BacLandscape_200SPD_diaPASEF_Neisseria_meningitidis__49_1-26-2024_4636.d	9035	1015	203368000.0	4740505964	67310739150	2.793	0.034	2.08358	1.06289	3.68508	2.14496	0	0	0.0524169	13.213	2.341	0.171	200SPD_DIA	227_Neisseria_meningitidis_DSM10036_DIA200_4636_report.stats.tsv	227_Neisseria_meningitidis_DSM10036_DIA200_4636	Probe 1-96_200SPD_diaPASEF_diann_res	8066	Neisseria meningitidis	487	UniProt	UP000000425	DSM 10036(T)	MC58	2001	50.72463768115942
/Probe 1-96_200SPD_diaPASEF/BacLandscape_200SPD_diaPASEF_Pantoea_agglomerans__54_1-26-2024_4646.d	14253	1793	283801000.0	5729466911	85457389160	2.652	0.032	2.3462	1.10626	3.56729	2.14555	0	0	0.0515437	13.75	2.376	0.151	200SPD_DIA	228_Pantoea_agglomerans_DSM3493_DIA200_4646_report.stats.tsv	228_Pantoea_agglomerans_DSM3493_DIA200_4646	Probe 1-96_200SPD_diaPASEF_diann_res	12810	Pantoea agglomerans	549	UniProt	UP001158961	DSM 3493(T)	DAPP-PG734	4972	36.06194690265487
/Probe 1-96_200SPD_diaPASEF/BacLandscape_200SPD_diaPASEF_Pantoea_agglomerans__60_1-26-2024_4658.d	12529	1764	284397000.0	6081369152	92108464836	2.702	0.033	2.93512	1.07526	4.29299	2.04205	0	0	0.0514424	13.581	2.359	0.149	200SPD_DIA	229_Pantoea_agglomerans_DSM1619_DIA200_4658_report.stats.tsv	229_Pantoea_agglomerans_DSM1619_DIA200_4658	Probe 1-96_200SPD_diaPASEF_diann_res	11353	Pantoea agglomerans	549	UniProt	UP001158961	DSM 1619	DAPP-PG734	4972	35.478680611423975
/Probe 1-96_200SPD_diaPASEF/BacLandscape_200SPD_diaPASEF_Paracoccus_yeei__83_1-26-2024_4704.d	15227	1801	317632000.0	6068282235	92118939588	2.813	0.034	3.48117	1.08139	4.58392	2.06006	0	0	0.0489982	13.984	2.378	0.161	200SPD_DIA	230_Paracoccus_yeei_DSM30768_DIA200_4704_report.stats.tsv	230_Paracoccus_yeei_DSM30768_DIA200_4704	Probe 1-96_200SPD_diaPASEF_diann_res	13560	Paracoccus yeei	147645	UniProt	UP000191257	DSM 30768	FDAARGOS_252	4275	42.12865497076023
/Probe 1-96_200SPD_diaPASEF/BacLandscape_200SPD_diaPASEF_Proteus_mirabilis__71_1-26-2024_4680.d	11878	1426	224461000.0	4360879208	61795733652	2.714	0.033	4.29935	1.10299	6.20658	2.34322	0	0	0.0513054	13.503	2.356	0.16	200SPD_DIA	232_Proteus_mirabilis_DSM4479_DIA200_4680_report.stats.tsv	232_Proteus_mirabilis_DSM4479_DIA200_4680	Probe 1-96_200SPD_diaPASEF_diann_res	10665	Proteus mirabilis	584	UniProt	UP000008319	DSM 4479(T)	HI4320	3661	38.95110625512155
/Probe 1-96_200SPD_diaPASEF/BacLandscape_200SPD_diaPASEF_Proteus_mirabilis__76_1-26-2024_4690.d	12973	1519	375278000.0	6672021896	104874785856	2.886	0.035	4.3139	1.06829	5.69582	1.76692	0	0	0.052944	13.752	2.378	0.176	200SPD_DIA	233_Proteus_mirabilis_DSM788_DIA200_4690_report.stats.tsv	233_Proteus_mirabilis_DSM788_DIA200_4690	Probe 1-96_200SPD_diaPASEF_diann_res	11302	Proteus mirabilis	584	UniProt	UP000008319	DSM 788	HI4320	3661	41.491395793499045
/Probe 1-96_200SPD_diaPASEF/BacLandscape_200SPD_diaPASEF_Proteus_vulgaris___63_1-26-2024_4664.d	12915	1503	236745000.0	4318439336	61691275288	2.753	0.033	3.54651	1.07645	4.9682	2.20696	0	0	0.0477457	13.604	2.371	0.165	200SPD_DIA	246_Proteus_vulgaris_DSM13387_DIA200_4664_report.stats.tsv	246_Proteus_vulgaris_DSM13387_DIA200_4664	Probe 1-96_200SPD_diaPASEF_diann_res	11625	Proteus vulgaris	585	UniProt	UP000254331	DSM 13387(T)	NCTC10376	3963	37.925813777441334
/Probe 1-96_200SPD_diaPASEF/BacLandscape_200SPD_diaPASEF_Proteus_vulgaris___62_1-26-2024_4662.d	12983	1507	262040000.0	4853128938	71034110036	2.678	0.032	3.55142	0.999152	4.9514	2.22683	0	0	0.0493976	13.429	2.355	0.16	200SPD_DIA	247_Proteus_vulgaris_DSM2140_DIA200_4662_report.stats.tsv	247_Proteus_vulgaris_DSM2140_DIA200_4662	Probe 1-96_200SPD_diaPASEF_diann_res	11695	Proteus vulgaris	585	UniProt	UP000254331	DSM 2140	NCTC10376	3963	38.02674741357557
/Probe 1-96_200SPD_diaPASEF/BacLandscape_200SPD_diaPASEF_Streptococcus_agalactiae_16_1-25-2024_4570.d	10169	1018	329902000.0	6400894514	97348042174	2.721	0.033	1.66199	1.11803	2.91169	1.89129	0	0	0.0509551	13.715	2.388	0.241	200SPD_DIA	249_Streptococcus_agalactiae_DSM6784_DIA200_4570_report.stats.tsv	249_Streptococcus_agalactiae_DSM6784_DIA200_4570	Probe 1-96_200SPD_diaPASEF_diann_res	8819	Streptococcus agalactiae	1311	UniProt	UP000000821	DSM 6784	ATCC BAA-611	2105	48.36104513064133
/Probe 1-96_200SPD_diaPASEF/BacLandscape_200SPD_diaPASEF_Providencia_rettgeri_34_1-26-2024_4606.d	10277	1361	171089000.0	4105280986	55656678552	2.731	0.033	2.00573	1.11934	3.4402	2.21802	0	0	0.0469178	13.262	2.346	0.146	200SPD_DIA	250_Providencia_rettgeri_DSM4542_DIA200_4606_report.stats.tsv	250_Providencia_rettgeri_DSM4542_DIA200_4606	Probe 1-96_200SPD_diaPASEF_diann_res	9252	Providencia rettgeri	587	UniProt	UP001155882	DSM 4542(T)	2021EL-01139	4250	32.023529411764706
/Probe 1-96_200SPD_diaPASEF/BacLandscape_200SPD_diaPASEF_Streptococcus_dysgalactiae_subsp_dysgalactiae_9_1-25-2024_4556.d	8240	940	151487000.0	3499283770	45645180452	2.764	0.033	1.81017	1.17605	3.65445	2.27656	0	0	0.0520823	13.399	2.354	0.171	200SPD_DIA	251_Streptococcus_dysgalactiae_ssp_dysgalactiae_DSM20662_DIA200_4556_report.stats.tsv	251_Streptococcus_dysgalactiae_ssp_dysgalactiae_DSM20662_DIA200_4556	Probe 1-96_200SPD_diaPASEF_diann_res	7341	Streptococcus dysgalactiae_ssp_dysgalactiae	99822	UniProt	UP000254797	DSM 20662(T)	NCTC4670	2191	42.90278411684162
/Probe 1-96_200SPD_diaPASEF/BacLandscape_200SPD_diaPASEF_Providencia_rettgeri_73_1-26-2024_4684.d	13062	1574	274899000.0	5663220430	83651432352	2.788	0.034	4.51881	1.03974	5.86423	1.9787	0	0	0.0499745	13.625	2.367	0.162	200SPD_DIA	252_Providencia_rettgeri_DSM1131_DIA200_4684_report.stats.tsv	252_Providencia_rettgeri_DSM1131_DIA200_4684	Probe 1-96_200SPD_diaPASEF_diann_res	11632	Providencia rettgeri	587	UniProt	UP001155882	DSM 1131(T)	2021EL-01139	4250	37.03529411764706
/Probe 1-96_200SPD_diaPASEF/BacLandscape_200SPD_diaPASEF_Streptococcus_dysgalactiae_subsp_equisimilis_7_1-25-2024_4552.d	8807	996	182203000.0	3814352838	50803921378	2.765	0.033	1.66555	1.12426	3.31409	2.34783	0	0	0.0507434	13.554	2.36	0.165	200SPD_DIA	253_Streptococcus_dysgalactiae_ssp_equisimilis_DSM6176_DIA200_4552_report.stats.tsv	253_Streptococcus_dysgalactiae_ssp_equisimilis_DSM6176_DIA200_4552	Probe 1-96_200SPD_diaPASEF_diann_res	7809	Streptococcus dysgalactiae_ssp_equisimilis	119602	UniProt	UP000009215	DSM 6176	AC-2713	2195	45.37585421412301
/Probe 1-96_200SPD_diaPASEF/BacLandscape_200SPD_diaPASEF_Providencia_stuartii_24_1-26-2024_4586.d	14028	1612	317042000.0	5991383669	88834860264	2.805	0.034	1.77958	1.07605	3.28561	2.07994	0	0	0.0494908	13.745	2.373	0.159	200SPD_DIA	254_Providencia_stuartii_DSM4539_DIA200_4586_report.stats.tsv	254_Providencia_stuartii_DSM4539_DIA200_4586	Probe 1-96_200SPD_diaPASEF_diann_res	12383	Providencia stuartii	588	UniProt	UP000005012	DSM 4539(T)	MRSN 2154	4220	38.199052132701425
/Probe 1-96_200SPD_diaPASEF/BacLandscape_200SPD_diaPASEF_Streptococcus_dysgalactiae_subsp_equisimilis_11_1-25-2024_4560.d	10515	1077	338776000.0	6745352484	103622250000	2.666	0.032	1.74881	1.14274	2.95696	1.96408	0	0	0.0509965	13.841	2.387	0.202	200SPD_DIA	255_Streptococcus_dysgalactiae_ssp_equisimilis_DSM23147_DIA200_4560_report.stats.tsv	255_Streptococcus_dysgalactiae_ssp_equisimilis_DSM23147_DIA200_4560	Probe 1-96_200SPD_diaPASEF_diann_res	9123	Streptococcus dysgalactiae_ssp_equisimilis	119602	UniProt	UP000009215	DSM 23147(T)	AC-2713	2195	49.066059225512525
/Probe 1-96_200SPD_diaPASEF/BacLandscape_200SPD_diaPASEF_Providencia_stuartii_74_1-26-2024_4686.d	11644	1481	170898000.0	4054085364	54828847224	2.704	0.033	4.35354	1.02488	5.70063	2.22435	0	0	0.0470316	13.428	2.348	0.142	200SPD_DIA	256_Providencia_stuartii_DSM2250_DIA200_4686_report.stats.tsv	256_Providencia_stuartii_DSM2250_DIA200_4686	Probe 1-96_200SPD_diaPASEF_diann_res	10545	Providencia stuartii	588	UniProt	UP000005012	DSM 2250	MRSN 2154	4220	35.094786729857816
/Probe 1-96_200SPD_diaPASEF/BacLandscape_200SPD_diaPASEF_Streptococcus_pneumoniae___14_1-25-2024_4566.d	6391	833	59291800.0	2449207246	29790493848	2.659	0.032	1.72602	1.12624	3.41533	2.76114	0	0	0.0453057	12.689	2.264	0.139	200SPD_DIA	261_Streptococcus_pneumoniae_DSM11865_DIA200_4566_report.stats.tsv	261_Streptococcus_pneumoniae_DSM11865_DIA200_4566	Probe 1-96_200SPD_diaPASEF_diann_res	5912	Streptococcus pneumoniae	1313	UniProt	UP000000585	DSM 11865	ATCC BAA-334	2109	39.49739212897108
/Probe 1-96_200SPD_diaPASEF/BacLandscape_200SPD_diaPASEF_Streptococcus_pyogenes__17_1-25-2024_4572.d	8787	939	208139000.0	4387281427	60038790936	2.706	0.033	1.7347	0.982761	3.18975	2.07427	0	0	0.0488317	13.625	2.369	0.183	200SPD_DIA	263_Streptococcus_pyogenes_DSM2071_DIA200_4572_report.stats.tsv	263_Streptococcus_pyogenes_DSM2071_DIA200_4572	Probe 1-96_200SPD_diaPASEF_diann_res	7744	Streptococcus pyogenes	1314	UniProt	UP000000750	DSM 2071	ATCC 700294 / SF370 / Serotype M1	1690	55.56213017751479
/Probe 1-96_200SPD_diaPASEF/BacLandscape_200SPD_diaPASEF_Pseudomonas_stutzeri_27_1-26-2024_4592.d	12038	1593	175154000.0	3951512058	53098219434	2.778	0.034	1.89938	1.16734	3.4807	2.29096	0	0	0.0496996	13.455	2.344	0.125	200SPD_DIA	264_Pseudomonas_stutzeri_DSM5190_DIA200_4592_report.stats.tsv	264_Pseudomonas_stutzeri_DSM5190_DIA200_4592	Probe 1-96_200SPD_diaPASEF_diann_res	10912	Pseudomonas stutzeri	316	UniProt	UP000000233	DSM 5190(T)	A1501	4092	38.929618768328446
/Probe 1-96_200SPD_diaPASEF/BacLandscape_200SPD_diaPASEF_Streptococcus_pyogenes__15_1-25-2024_4568.d	8131	881	183737000.0	4264082985	58213553888	2.543	0.031	1.62794	1.04375	3.16536	2.19333	0	0	0.0495097	13.499	2.357	0.166	200SPD_DIA	265_Streptococcus_pyogenes_DSM2072_DIA200_4568_report.stats.tsv	265_Streptococcus_pyogenes_DSM2072_DIA200_4568	Probe 1-96_200SPD_diaPASEF_diann_res	7251	Streptococcus pyogenes	1314	UniProt	UP000000750	DSM 2072	ATCC 700294 / SF370 / Serotype M1	1690	52.1301775147929
/Probe 1-96_200SPD_diaPASEF/BacLandscape_200SPD_diaPASEF_Pseudomonas_stutzeri_93_1-27-2024_4724.d	8202	1254	167207000.0	5180182697	74248081424	2.891	0.035	2.94238	1.09951	4.32373	2.07835	0	0	0.0489866	13.297	2.347	0.141	200SPD_DIA	266_Pseudomonas_stutzeri_DSM13592_DIA200_4724_report.stats.tsv	266_Pseudomonas_stutzeri_DSM13592_DIA200_4724	Probe 1-96_200SPD_diaPASEF_diann_res	7293	Pseudomonas stutzeri	316	UniProt	UP000000233	DSM 13592	A1501	4092	30.64516129032258
/Probe 1-96_200SPD_diaPASEF/BacLandscape_200SPD_diaPASEF_Streptococcus_sanguinis_19_1-25-2024_4576.d	6942	1027	91312300.0	2681689291	33768444192	2.573	0.031	1.78111	1.11079	3.55048	2.42568	0	0	0.0465568	12.975	2.302	0.152	200SPD_DIA	267_Streptococcus_sanguinis_DSM20068_DIA200_4576_report.stats.tsv	267_Streptococcus_sanguinis_DSM20068_DIA200_4576	Probe 1-96_200SPD_diaPASEF_diann_res	6343	Streptococcus sanguinis	1305	UniProt	UP000002148	DSM 20068(T)	SK36	2269	45.26223005729396
/Probe 1-96_200SPD_diaPASEF/BacLandscape_200SPD_diaPASEF_Streptococcus_sanguinis_18_1-25-2024_4574.d	9653	1106	225539000.0	5054993768	70520761488	2.759	0.033	1.77856	1.02686	3.17482	2.03709	0	0	0.0494556	13.51	2.345	0.183	200SPD_DIA	269_Streptococcus_sanguinis_DSM20567_DIA200_4574_report.stats.tsv	269_Streptococcus_sanguinis_DSM20567_DIA200_4574	Probe 1-96_200SPD_diaPASEF_diann_res	8525	Streptococcus sanguinis	1305	UniProt	UP000002148	DSM 20567	SK36	2269	48.74394006170119
/Probe 1-96_200SPD_diaPASEF/BacLandscape_200SPD_diaPASEF_Shigella_boydii_29_1-26-2024_4596.d	12919	1431	320613000.0	5733730577	84677242010	2.819	0.034	1.71113	1.1134	3.3169	2.12971	0	0	0.0526205	13.773	2.378	0.157	200SPD_DIA	270_Shigella_boydii_DSM7532_DIA200_4596_report.stats.tsv	270_Shigella_boydii_DSM7532_DIA200_4596	Probe 1-96_200SPD_diaPASEF_diann_res	11356	Shigella boydii	621	UniProt	UP000001030	DSM 7532(T)	BS512	4143	34.54018826937002
/Probe 1-96_200SPD_diaPASEF/BacLandscape_200SPD_diaPASEF_Vibrio_cholerae_20_1-25-2024_4578.d	13522	1685	237736000.0	4858539533	67444413312	2.734	0.033	1.85038	1.04392	3.41485	2.24391	0	0	0.0558607	13.529	2.357	0.137	200SPD_DIA	271_Vibrio_cholerae_DSM100200_DIA200_4578_report.stats.tsv	271_Vibrio_cholerae_DSM100200_DIA200_4578	Probe 1-96_200SPD_diaPASEF_diann_res	12146	Vibrio cholerae	666	UniProt	UP000000584	DSM 100200(T)	ATCC 39315	3781	44.5649299127215
/Probe 1-96_200SPD_diaPASEF/BacLandscape_200SPD_diaPASEF_Shigella_dysenteriae_81_1-26-2024_4700.d	10307	1265	195155000.0	4491224466	62400817404	2.656	0.032	3.51578	1.03917	5.12837	2.10158	0	0	0.0504611	13.479	2.365	0.162	200SPD_DIA	272_Shigella_dysenteriae_DSM103303_DIA200_4700_report.stats.tsv	272_Shigella_dysenteriae_DSM103303_DIA200_4700	Probe 1-96_200SPD_diaPASEF_diann_res	9227	Shigella dysenteriae	622	UniProt	UP000002716	DSM 103303	Sd197	3897	32.46086733384655
/Probe 1-96_200SPD_diaPASEF/BacLandscape_200SPD_diaPASEF_Vibrio_cholerae_61_1-26-2024_4660.d	13372	1641	268508000.0	5231257126	76152915344	2.842	0.034	3.16254	1.07507	4.67776	2.15177	0	0	0.0503114	13.685	2.38	0.159	200SPD_DIA	273_Vibrio_cholerae_DSM101014_DIA200_4660_report.stats.tsv	273_Vibrio_cholerae_DSM101014_DIA200_4660	Probe 1-96_200SPD_diaPASEF_diann_res	11981	Vibrio cholerae	666	UniProt	UP000000584	DSM 101014	ATCC 39315	3781	43.401216609362606
/Probe 1-96_200SPD_diaPASEF/BacLandscape_200SPD_diaPASEF_Shigella_flexneri_37_1-26-2024_4612.d	11941	1369	259821000.0	5273108890	75281520238	2.682	0.032	2.10572	1.12699	3.63176	2.02941	0	0	0.0506115	13.721	2.379	0.162	200SPD_DIA	274_Shigella_flexneri_DSM4782_DIA200_4612_report.stats.tsv	274_Shigella_flexneri_DSM4782_DIA200_4612	Probe 1-96_200SPD_diaPASEF_diann_res	10618	Shigella flexneri	623	UniProt	UP000001006	DSM 4782(T)	301	4103	33.365829880575184
/Probe 1-96_200SPD_diaPASEF/BacLandscape_200SPD_diaPASEF_Yersinia_pseudotuberculosis_78_1-26-2024_4694.d	13211	1438	328478000.0	6007317646	90526325976	2.805	0.034	3.9952	1.03823	5.38312	1.94351	0	0	0.0500006	13.851	2.39	0.169	200SPD_DIA	275_Yersinia_pseudotuberculosis_DSM22972_DIA200_4694_report.stats.tsv	275_Yersinia_pseudotuberculosis_DSM22972_DIA200_4694	Probe 1-96_200SPD_diaPASEF_diann_res	11529	Yersinia pseudotuberculosis	633	UniProt	UP000001011	DSM 22972	IP32953	4016	35.80677290836653
/Probe 1-96_200SPD_diaPASEF/BacLandscape_200SPD_diaPASEF_Shigella_sonnei__84_1-26-2024_4706.d	13844	1536	449716000.0	8107569422	135607074988	2.832	0.034	3.3149	1.26857	4.66658	1.98304	0	0	0.0527293	14.026	2.4	0.2	200SPD_DIA	278_Shigella_sonnei_DSM25715_DIA200_4706_report.stats.tsv	278_Shigella_sonnei_DSM25715_DIA200_4706	Probe 1-96_200SPD_diaPASEF_diann_res	11910	Shigella sonnei	624	UniProt	UP000002529	DSM 25715	Ss046	4068	37.75811209439528
/Probe 1-96_200SPD_diaPASEF/BacLandscape_200SPD_diaPASEF_Sphingomonas_paucimobilis_82_1-26-2024_4702.d	15396	1866	314912000.0	5806855917	86533615794	2.739	0.033	3.38259	1.11779	4.35066	2.1804	0	0	0.056568	14.065	2.373	0.167	200SPD_DIA	280_Sphingomonas_paucimobilis_DSM30198_DIA200_4702_report.stats.tsv	280_Sphingomonas_paucimobilis_DSM30198_DIA200_4702	Probe 1-96_200SPD_diaPASEF_diann_res	13792	Sphingomonas paucimobilis	13689	UniProt	UP000594836	DSM 30198	DSM 30198	4127	45.21444148291737
/Probe 1-96_200SPD_diaPASEF/BacLandscape_200SPD_diaPASEF_Staphylococcus_capitis_subsp_capitis_30_1-26-2024_4598.d	8645	1016	139102000.0	3346347466	43342892196	2.772	0.033	1.83228	1.10014	3.43038	2.29728	0	0	0.0495587	13.416	2.383	0.198	200SPD_DIA	281_Staphylococcus_capitis_ssp_capitis_DSM20326_DIA200_4598_report.stats.tsv	281_Staphylococcus_capitis_ssp_capitis_DSM20326_DIA200_4598	Probe 1-96_200SPD_diaPASEF_diann_res	7660	Staphylococcus capitis_ssp_capitis	72758	UniProt	UP000550736	DSM 20326(T)	"""12-86"""	2537	40.047299960583366
/Probe 1-96_200SPD_diaPASEF/BacLandscape_200SPD_diaPASEF_Staphylococcus_capitis_subsp_urealyticus_70_1-26-2024_4678.d	7227	933	59892000.0	1879421161	22183191216	2.517	0.03	4.43029	1.1587	6.01992	2.6264	0	0	0.0477063	13.092	2.357	0.214	200SPD_DIA	282_Staphylococcus_capitis_ssp_urealyticus_DSM6717_DIA200_4678_report.stats.tsv	282_Staphylococcus_capitis_ssp_urealyticus_DSM6717_DIA200_4678	Probe 1-96_200SPD_diaPASEF_diann_res	6602	Staphylococcus capitis_ssp_urealyticus	74703	UniProt	UP000550736	DSM 6717(T)	"""12-86"""	2537	36.775719353567204
/Probe 1-96_200SPD_diaPASEF/BacLandscape_200SPD_diaPASEF_Staphylococcus_pasteuri__72_1-26-2024_4682.d	6163	856	103624000.0	3148952333	41329817388	2.748	0.033	4.30024	1.03051	5.91179	2.29655	0	0	0.050621	12.914	2.364	0.243	200SPD_DIA	283_Staphylococcus_pasteuri_DSM10656_DIA200_4682_report.stats.tsv	283_Staphylococcus_pasteuri_DSM10656_DIA200_4682	Probe 1-96_200SPD_diaPASEF_diann_res	5493	Staphylococcus pasteuri	45972	UniProt	UP000261016	DSM 10656(T)	OM08-17AT	2545	33.63457760314342
/Probe 1-96_200SPD_diaPASEF/BacLandscape_200SPD_diaPASEF_Staphylococcus_pasteuri__75_1-26-2024_4688.d	3676	624	27406700.0	1517197035	17199738718	2.686	0.032	4.08386	1.16002	5.47986	2.61258	0	0	0.0471253	12.678	2.317	0.18	200SPD_DIA	284_Staphylococcus_pasteuri_DSM10657_DIA200_4688_report.stats.tsv	284_Staphylococcus_pasteuri_DSM10657_DIA200_4688	Probe 1-96_200SPD_diaPASEF_diann_res	3386	Staphylococcus pasteuri	45972	UniProt	UP000261016	DSM 10657	OM08-17AT	2545	24.518664047151276
/Probe 97-192_200SPD_diaPASEF/BacLandscape_200SPD_diaPASEF_Achromobacter_xylosoxidans__183_3-23-2024_6206.d	11753	1800	458913000.0	10336201879	202707111930	2.926	0.035	2.08901	1.31631	3.0399	1.68908	0	0	0.0521151	13.63	2.335	0.156	200SPD_DIA	001_Achromobacter_xylosoxidans_HST_62_DIA200_6206_report.stats.tsv	001_Achromobacter_xylosoxidans_HST_62_DIA200_6206	Probe 97-192_200SPD_diaPASEF_diann_res	10436	Achromobacter xylosoxidans	85698	UniProt	UP000060602	HST 62	FDAARGOS_147	6134	29.344636452559502
/Probe 97-192_200SPD_diaPASEF/BacLandscape_200SPD_diaPASEF_Acinetobacter_baumannii_142_3-23-2024_6124.d	15453	1759	776909000.0	12278485678	267564401340	3.003	0.036	4.09266	1.51748	5.19186	1.74351	0	0	0.0555703	14.206	2.382	0.199	200SPD_DIA	003_Acinetobacter_baumannii_DSM30011_DIA200_6124_report.stats.tsv	003_Acinetobacter_baumannii_DSM30011_DIA200_6124	Probe 97-192_200SPD_diaPASEF_diann_res	13316	Acinetobacter baumannii	470	UniProt	UP000005740	DSM 30011	DSM 30007	3765	46.71978751660026
/Probe 97-192_200SPD_diaPASEF/BacLandscape_200SPD_diaPASEF_Aeromonas_hydrophila_subsp._hydrophila_181_3-23-2024_6202.d	15254	1896	401154000.0	8419981383	142081325960	2.755	0.033	2.4385	1.22497	3.35368	1.88544	0	0	0.0506175	13.771	2.362	0.152	200SPD_DIA	004_Aeromonas_hydrophila_ssp_hydrophila_DSM30183_DIA200_6202_report.stats.tsv	004_Aeromonas_hydrophila_ssp_hydrophila_DSM30183_DIA200_6202	Probe 97-192_200SPD_diaPASEF_diann_res	13591	Aeromonas hydrophila_ssp_hydrophila	196023	UniProt	UP000000756	DSM 30183	DSM 30187	4121	46.008250424654214
/Probe 97-192_200SPD_diaPASEF/BacLandscape_200SPD_diaPASEF_Bacillus_atrophaeus__165_3-23-2024_6170.d	6282	1075	367515000.0	10093722536	195821093514	2.939	0.036	2.61336	1.36413	3.91821	1.58889	0	0	0.0531467	13.114	2.322	0.184	200SPD_DIA	014_Bacillus_atrophaeus_LSSC3_DIA200_6170_report.stats.tsv	014_Bacillus_atrophaeus_LSSC3_DIA200_6170	Probe 97-192_200SPD_diaPASEF_diann_res	5459	Bacillus atrophaeus	1452	UniProt	UP000001570	LSSC3	168	4260	25.234741784037556
/Probe 97-192_200SPD_diaPASEF/BacLandscape_200SPD_diaPASEF_Bacillus_cereus__153_3-23-2024_6146.d	12126	1518	710429000.0	11906871759	259957242600	2.902	0.035	3.00211	1.57729	4.14063	1.57951	0	0	0.0519857	13.75	2.358	0.207	200SPD_DIA	016_Bacillus_cereus_ATCC10987_DIA200_6146_report.stats.tsv	016_Bacillus_cereus_ATCC10987_DIA200_6146	Probe 97-192_200SPD_diaPASEF_diann_res	10438	Bacillus cereus	1396	UniProt	UP000001417	ATCC 10987	ATCC 14579	5240	28.969465648854964
/Probe 97-192_200SPD_diaPASEF/BacLandscape_200SPD_diaPASEF_Bacillus_atrophaeus_151_3-23-2024_6142.d	6463	1174	379046000.0	10715296730	216648557010	3.032	0.037	3.17265	1.36202	4.20091	1.50521	0	0	0.0513356	13.032	2.299	0.175	200SPD_DIA	018_Bacillus_atrophaeus_GBSC56_DIA200_6142_report.stats.tsv	018_Bacillus_atrophaeus_GBSC56_DIA200_6142	Probe 97-192_200SPD_diaPASEF_diann_res	5658	Bacillus atrophaeus	1452	UniProt	UP000001570	GBSC56	168	4260	27.55868544600939
/Probe 97-192_200SPD_diaPASEF/BacLandscape_200SPD_diaPASEF_Bacillus_atrophaeus_146_3-23-2024_6132.d	6620	1125	462290000.0	12064165224	263889052354	2.991	0.036	3.17688	1.42415	4.39101	1.50981	0	0	0.0568094	13.23	2.313	0.19	200SPD_DIA	019_Bacillus_atrophaeus_NMTD54_DIA200_6132_report.stats.tsv	019_Bacillus_atrophaeus_NMTD54_DIA200_6132	Probe 97-192_200SPD_diaPASEF_diann_res	5727	Bacillus atrophaeus	1452	UniProt	UP000001570	NMTD54	168	4260	26.408450704225352
/Probe 97-192_200SPD_diaPASEF/BacLandscape_200SPD_diaPASEF_Bacillus_atrophaeus_161_3-23-2024_6162.d	5563	1010	274978000.0	9700135349	182113250772	3.007	0.036	2.72945	1.26486	3.97118	1.55115	0	0	0.0536432	13.044	2.307	0.172	200SPD_DIA	020_Bacillus_atrophaeus_TS1_DIA200_6162_report.stats.tsv	020_Bacillus_atrophaeus_TS1_DIA200_6162	Probe 97-192_200SPD_diaPASEF_diann_res	4887	Bacillus atrophaeus	1452	UniProt	UP000001570	TS1	168	4260	23.708920187793428
/Probe 97-192_200SPD_diaPASEF/BacLandscape_200SPD_diaPASEF_Bacillus_cereus__134_3-23-2024_6108.d	14642	1744	609745000.0	10383292370	204863428250	2.875	0.035	4.26103	1.31512	5.48014	1.74147	0	0	0.0487139	13.617	2.342	0.206	200SPD_DIA	024_Bacillus_cereus_DSM31_DIA200_6108_report.stats.tsv	024_Bacillus_cereus_DSM31_DIA200_6108	Probe 97-192_200SPD_diaPASEF_diann_res	12895	Bacillus cereus	1396	UniProt	UP000001417	DSM 31	ATCC 14579	5240	33.2824427480916
/Probe 97-192_200SPD_diaPASEF/BacLandscape_200SPD_diaPASEF_Bacillus_halotolerans_145_3-23-2024_6130.d	16402	1786	712926000.0	10793345803	219719766594	2.847	0.034	4.19262	1.37166	5.09101	1.70038	0	0	0.0549243	13.771	2.358	0.196	200SPD_DIA	026_Bacillus_halotolerans_LNXM37_DIA200_6130_report.stats.tsv	026_Bacillus_halotolerans_LNXM37_DIA200_6130	Probe 97-192_200SPD_diaPASEF_diann_res	14269	Bacillus halotolerans	260554	UniProt	UP000234803	LNXM37	V48-19	4109	43.4655633974203
/Probe 97-192_200SPD_diaPASEF/BacLandscape_200SPD_diaPASEF_Bacillus_safensis_166_3-23-2024_6172.d	14232	1641	728985000.0	11706640286	250319539404	2.904	0.035	2.40733	1.49486	3.34544	1.63219	0	0	0.0526237	13.839	2.38	0.208	200SPD_DIA	028_Bacillus_safensis_GBSW22_DIA200_6172_report.stats.tsv	028_Bacillus_safensis_GBSW22_DIA200_6172	Probe 97-192_200SPD_diaPASEF_diann_res	12184	Bacillus safensis	561879	UniProt	UP000325032	GBSW22	PgKB20	3746	43.80672717565403
200SPD_dia/030_Bacillus_sp._LLTC93_DIA200_6126.d	12994	783	549930000.0	10936408270	224543230448	2.858	0.035	3.871	1.36425	5.05111	1.78495	0	0	0.0591535	13.372	2.339	0.198	200SPD_DIA	030_Bacillus_sp._LLTC93_DIA200_6126_report.stats.tsv	030_Bacillus_sp._LLTC93_DIA200_6126	Probe 97-192_200SPD_diaPASEF_diann_res	11363	Bacillus sp.	2108274	UniProt	UP000239823	LLTC93	LLTC93	3812	20.540398740818468
200SPD_dia/032_Bacillus_sp._RJGP41_DIA200_6174.d	12642	859	558783000.0	10188690262	198134639880	2.843	0.034	2.42159	1.40955	3.58517	1.73305	0	0	0.0549944	13.289	2.313	0.17	200SPD_DIA	032_Bacillus_sp._RJGP41_DIA200_6174_report.stats.tsv	032_Bacillus_sp._RJGP41_DIA200_6174	Probe 97-192_200SPD_diaPASEF_diann_res	11149	Bacillus sp.	2108534	UniProt	UP000239042	RJGP41	RJGP41	5072	16.936119873817034
/Probe 97-192_200SPD_diaPASEF/BacLandscape_200SPD_diaPASEF_Bacillus_subtilis_ssp._subtilis_154_3-23-2024_6148.d	15941	1791	692395000.0	10640115645	211619898334	2.903	0.035	3.4233	1.3246	4.56565	1.71377	0	0	0.0535046	13.722	2.36	0.199	200SPD_DIA	034_Bacillus_subtilis_ssp_subtilis_SYST2_DIA200_6148_report.stats.tsv	034_Bacillus_subtilis_ssp_subtilis_SYST2_DIA200_6148	Probe 97-192_200SPD_diaPASEF_diann_res	13873	Bacillus subtilis_ssp_subtilis	135461	UniProt	UP000001570	SYST2	168	4260	42.04225352112676
/Probe 97-192_200SPD_diaPASEF/BacLandscape_200SPD_diaPASEF_Bacillus_subtilis_ssp._subtilis_157_3-23-2024_6154.d	15524	1789	820793000.0	11523909060	242704628252	2.981	0.036	2.7741	1.41843	3.93134	1.61901	0	0	0.0537612	13.878	2.369	0.205	200SPD_DIA	036_Bacillus_subtilis_ssp_subtilis_NMSX4_DIA200_6154_report.stats.tsv	036_Bacillus_subtilis_ssp_subtilis_NMSX4_DIA200_6154	Probe 97-192_200SPD_diaPASEF_diann_res	13456	Bacillus subtilis_ssp_subtilis	135461	UniProt	UP000001570	NMSX4	168	4260	41.99530516431925
/Probe 97-192_200SPD_diaPASEF/BacLandscape_200SPD_diaPASEF_Bacillus_subtilis__148_3-23-2024_6136.d	17466	1821	793862000.0	11585188793	245296779234	2.861	0.035	3.40629	1.44093	4.60404	1.72005	0	0	0.0528563	13.829	2.36	0.203	200SPD_DIA	038_Bacillus_subtilis_DSM10_DIA200_6136_report.stats.tsv	038_Bacillus_subtilis_DSM10_DIA200_6136	Probe 97-192_200SPD_diaPASEF_diann_res	15126	Bacillus subtilis	1423	UniProt	UP000306535	DSM 10	DSM 10	4390	41.48063781321184
/Probe 97-192_200SPD_diaPASEF/BacLandscape_200SPD_diaPASEF_Bacillus_thuringiensis_164_3-23-2024_6168.d	10938	1407	566367000.0	10803685435	220648469458	2.93	0.035	2.60011	1.33346	3.80683	1.54524	0	0	0.0491082	13.613	2.35	0.197	200SPD_DIA	040_Bacillus_thuringiensis_GBAC46_DIA200_6168_report.stats.tsv	040_Bacillus_thuringiensis_GBAC46_DIA200_6168	Probe 97-192_200SPD_diaPASEF_diann_res	9499	Bacillus thuringiensis	1428	UniProt	UP000195991	GBAC46	IEBC_T61001	6099	23.06935563207083
/Probe 97-192_200SPD_diaPASEF/BacLandscape_200SPD_diaPASEF_Bacillus_thuringiensis_160_3-23-2024_6160.d	11169	1391	528255000.0	10143567306	200762940942	2.951	0.036	2.60657	1.31228	3.65331	1.60259	0	0	0.0507501	13.675	2.353	0.192	200SPD_DIA	042_Bacillus_thuringiensis_NMTD81_DIA200_6160_report.stats.tsv	042_Bacillus_thuringiensis_NMTD81_DIA200_6160	Probe 97-192_200SPD_diaPASEF_diann_res	9734	Bacillus thuringiensis	1428	UniProt	UP000195991	NMTD81	IEBC_T61001	6099	22.807017543859647
/Probe 97-192_200SPD_diaPASEF/BacLandscape_200SPD_diaPASEF_Bacillus_velezensis_162_3-23-2024_6164.d	11815	1426	469327000.0	9604857758	179307676648	2.922	0.035	3.21039	1.30291	4.0172	1.80548	0	0	0.0521293	13.532	2.342	0.188	200SPD_DIA	044_Bacillus_velezensis_GBSW11_DIA200_6164_report.stats.tsv	044_Bacillus_velezensis_GBSW11_DIA200_6164	Probe 97-192_200SPD_diaPASEF_diann_res	10407	Bacillus velezensis	492670	UniProt	UP000180036	GBSW11	K2	3790	37.62532981530343
/Probe 97-192_200SPD_diaPASEF/BacLandscape_200SPD_diaPASEF_Burkholderia_cepacia__114_3-22-2024_6068.d	9307	1645	430788000.0	11085511940	223203526674	3.102	0.038	3.15359	1.46288	4.22576	1.58407	0	0	0.0483711	13.236	2.285	0.148	200SPD_DIA	045_Burkholderia_cepacia_DSM50181_DIA200_6068_report.stats.tsv	045_Burkholderia_cepacia_DSM50181_DIA200_6068	Probe 97-192_200SPD_diaPASEF_diann_res	8321	Burkholderia cepacia	292	UniProt	UP000002287	DSM 50181	R1808	7409	22.20272641382103
/Probe 97-192_200SPD_diaPASEF/BacLandscape_200SPD_diaPASEF_Bacillus_velezensis__141_3-23-2024_6122.d	11961	1416	528052000.0	10339452776	204278751860	2.902	0.035	4.23683	1.34297	5.26599	1.80367	0	0	0.0526458	13.547	2.352	0.22	200SPD_DIA	046_Bacillus_velezensis_DSM23117_DIA200_6122_report.stats.tsv	046_Bacillus_velezensis_DSM23117_DIA200_6122	Probe 97-192_200SPD_diaPASEF_diann_res	10480	Bacillus velezensis	492670	UniProt	UP000180036	DSM23117	K2	3790	37.361477572559366
/Probe 97-192_200SPD_diaPASEF/BacLandscape_200SPD_diaPASEF_Bacillus_wiedmannii_156_3-23-2024_6152.d	14637	1697	647542000.0	10085602083	196879479504	2.857	0.035	3.34279	1.42463	4.70038	1.71565	0	0	0.0521993	13.687	2.359	0.197	200SPD_DIA	048_Bacillus_wiedmannii_GBSC29_DIA200_6152_report.stats.tsv	048_Bacillus_wiedmannii_GBSC29_DIA200_6152	Probe 97-192_200SPD_diaPASEF_diann_res	12778	Bacillus wiedmannii	1890302	UniProt	UP000221415	GBSC29	AFS078153	5753	29.497653398227015
/Probe 97-192_200SPD_diaPASEF/BacLandscape_200SPD_diaPASEF_Bacillus_wiedmannii_158_3-23-2024_6156.d	13918	1608	708250000.0	10970016622	225257102754	2.965	0.036	2.49769	1.44122	3.70697	1.66713	0	0	0.0554299	13.863	2.365	0.202	200SPD_DIA	050_Bacillus_wiedmannii_GBSC45_DIA200_6156_report.stats.tsv	050_Bacillus_wiedmannii_GBSC45_DIA200_6156	Probe 97-192_200SPD_diaPASEF_diann_res	12051	Bacillus wiedmannii	1890302	UniProt	UP000221415	GBSC45	AFS078153	5753	27.950634451590474
/Probe 97-192_200SPD_diaPASEF/BacLandscape_200SPD_diaPASEF_Campylobacter_coli_111_3-22-2024_6062.d	12939	1209	656040000.0	11287901476	225028215660	2.909	0.035	2.84572	1.40451	3.80849	1.6048	0	0	0.0512732	13.11	2.299	0.218	200SPD_DIA	051_Campylobacter_coli_DSM4689_DIA200_6062_report.stats.tsv	051_Campylobacter_coli_DSM4689_DIA200_6062	Probe 97-192_200SPD_diaPASEF_diann_res	11324	Campylobacter coli	195	UniProt	UP000361993	DSM 4689(T)	NC_C6016	1916	63.100208768267215
/Probe 97-192_200SPD_diaPASEF/BacLandscape_200SPD_diaPASEF_Bacillus_wiedmannii_159_3-23-2024_6158.d	14105	1633	679206000.0	10710546066	218592519694	2.898	0.035	2.8078	1.33718	3.90322	1.77077	0	0	0.0498343	13.787	2.361	0.203	200SPD_DIA	052_Bacillus_wiedmannii_LLCG23_DIA200_6158_report.stats.tsv	052_Bacillus_wiedmannii_LLCG23_DIA200_6158	Probe 97-192_200SPD_diaPASEF_diann_res	12210	Bacillus wiedmannii	1890302	UniProt	UP000221415	LLCG23	AFS078153	5753	28.385190335477144
/Probe 97-192_200SPD_diaPASEF/BacLandscape_200SPD_diaPASEF_Campylobacter_coli_116_3-22-2024_6072.d	12015	1193	564817000.0	10295295866	188520259052	2.924	0.035	3.54339	1.53937	4.40102	1.62281	0	0	0.0520917	12.742	2.247	0.174	200SPD_DIA	053_Campylobacter_coli_DSM24132_DIA200_6072_report.stats.tsv	053_Campylobacter_coli_DSM24132_DIA200_6072	Probe 97-192_200SPD_diaPASEF_diann_res	10752	Campylobacter coli	195	UniProt	UP000361993	DSM 24132	NC_C6016	1916	62.265135699373694
/Probe 97-192_200SPD_diaPASEF/BacLandscape_200SPD_diaPASEF_Bacillus_wiedmannii_155_3-23-2024_6150.d	13744	1606	617594000.0	9924047163	191792033168	2.931	0.035	3.45146	1.35237	4.74968	1.61279	0	0	0.0524699	13.626	2.352	0.199	200SPD_DIA	054_Bacillus_wiedmannii_NMSL88_DIA200_6150_report.stats.tsv	054_Bacillus_wiedmannii_NMSL88_DIA200_6150	Probe 97-192_200SPD_diaPASEF_diann_res	11950	Bacillus wiedmannii	1890302	UniProt	UP000221415	NMSL88	AFS078153	5753	27.915869980879542
/Probe 97-192_200SPD_diaPASEF/BacLandscape_200SPD_diaPASEF_Campylobacter_jejuni_118_3-22-2024_6076.d	11317	1131	558159000.0	11340189202	223322609272	2.914	0.035	3.60008	1.42306	4.82255	1.66043	0	0	0.0532022	12.92	2.273	0.207	200SPD_DIA	056_Campylobacter_jejuni_DSM24114_DIA200_6076_report.stats.tsv	056_Campylobacter_jejuni_DSM24114_DIA200_6076	Probe 97-192_200SPD_diaPASEF_diann_res	9967	Campylobacter jejuni	197	UniProt	UP000000799	DSM 24114	ATCC 700819	1623	69.68576709796673
/Probe 97-192_200SPD_diaPASEF/BacLandscape_200SPD_diaPASEF_Bacillus_wiedmannii_163_3-23-2024_6166.d	14014	1658	617497000.0	10453553933	209363513340	2.799	0.034	2.28713	1.33722	3.44821	1.72585	0	0	0.0534789	13.736	2.36	0.194	200SPD_DIA	057_Bacillus_wiedmannii_NMSW23_DIA200_6166_report.stats.tsv	057_Bacillus_wiedmannii_NMSW23_DIA200_6166	Probe 97-192_200SPD_diaPASEF_diann_res	12215	Bacillus wiedmannii	1890302	UniProt	UP000221415	NMSW23	AFS078153	5753	28.81974621936381
/Probe 97-192_200SPD_diaPASEF/BacLandscape_200SPD_diaPASEF_Burkholderia_cepacia__150_3-23-2024_6140.d	10567	1570	524372000.0	11135845604	229485609336	3.044	0.037	3.33652	1.54262	4.47842	1.63225	0	0	0.0505311	13.483	2.325	0.165	200SPD_DIA	058_Burkholderia_cepacia_DSM7288_DIA200_6140_report.stats.tsv	058_Burkholderia_cepacia_DSM7288_DIA200_6140	Probe 97-192_200SPD_diaPASEF_diann_res	9279	Burkholderia cepacia	292	UniProt	UP000002287	DSM 7288(T)	R1808	7409	21.190444054528275
/Probe 97-192_200SPD_diaPASEF/BacLandscape_200SPD_diaPASEF_Citrobacter_freundii_147_3-23-2024_6134.d	9007	1457	583239000.0	12258495211	270374240826	2.969	0.036	3.04802	1.60798	4.32759	1.54131	0	0	0.0506614	13.505	2.326	0.17	200SPD_DIA	060_Citrobacter_freundii_DSM30039_DIA200_6134_report.stats.tsv	060_Citrobacter_freundii_DSM30039_DIA200_6134	Probe 97-192_200SPD_diaPASEF_diann_res	7763	Citrobacter freundii	546	UniProt	UP000001889	DSM 30039(T)	ICC168	4792	30.40484140233723
/Probe 97-192_200SPD_diaPASEF/BacLandscape_200SPD_diaPASEF_Enterobacter_cloacae__136_3-23-2024_6112.d	11961	1675	611881000.0	11947975589	259690602340	3.004	0.036	4.27196	1.49123	5.48099	1.71111	0	0	0.0534839	13.649	2.335	0.182	200SPD_DIA	062_Enterobacter_quasiroggenkampii_E34_DIA200_6112_report.stats.tsv	062_Enterobacter_quasiroggenkampii_E34_DIA200_6112	Probe 97-192_200SPD_diaPASEF_diann_res	10455	Enterobacter quasiroggenkampii	550	UniProt	UP001161707	E34	GD03711	5248	31.916920731707314
/Probe 97-192_200SPD_diaPASEF/BacLandscape_200SPD_diaPASEF_Clostridioides_difficile_124_3-22-2024_6088.d	12510	1404	625703000.0	11424808818	231218372632	2.894	0.035	4.21377	1.50492	5.37163	1.61037	0	0	0.0517079	13.578	2.309	0.253	200SPD_DIA	067_Clostridioides_difficile_DSM12056_DIA200_6088_report.stats.tsv	067_Clostridioides_difficile_DSM12056_DIA200_6088	Probe 97-192_200SPD_diaPASEF_diann_res	11031	Clostridioides difficile	1496	UniProt	UP000001978	DSM 12056	strain 630	3762	37.32057416267943
/Probe 97-192_200SPD_diaPASEF/BacLandscape_200SPD_diaPASEF_Bordetella_pertussis_99_3-22-2024_6038.d	14542	1668	605579000.0	11651572663	230778607404	2.78	0.034	1.87606	1.59074	2.82509	1.84863	0	0	0.0499413	13.964	2.332	0.163	200SPD_DIA	068_Bordetella_pertussis_DSM4924_DIA200_6038_report.stats.tsv	068_Bordetella_pertussis_DSM4924_DIA200_6038	Probe 97-192_200SPD_diaPASEF_diann_res	12640	Bordetella pertussis	520	UniProt	UP000002676	DSM 4924	NCTC 13251	3258	51.19705340699816
/Probe 97-192_200SPD_diaPASEF/BacLandscape_200SPD_diaPASEF_Brevundimonas_intermedia_98_3-22-2024_6036.d	7319	1167	521263000.0	13040393971	280515128892	3.063	0.037	1.76922	1.57476	2.61751	1.46479	0	0	0.0494557	13.642	2.316	0.175	200SPD_DIA	074_Brevundimonas_intermedia_DSM4732_DIA200_6036_report.stats.tsv	074_Brevundimonas_intermedia_DSM4732_DIA200_6036	Probe 97-192_200SPD_diaPASEF_diann_res	6359	Brevundimonas intermedia	74315	UniProt	UP000298216	DSM 4732(T)	B-10	3176	36.74433249370277
/Probe 97-192_200SPD_diaPASEF/BacLandscape_200SPD_diaPASEF_Clostridium_perfringens__105_3-22-2024_6050.d	13309	1353	848562000.0	12724728692	268221778054	2.875	0.035	1.90625	1.61188	2.94356	1.64125	0	0	0.0533199	13.496	2.296	0.251	200SPD_DIA	075_Clostridium_perfringens_DSM756_DIA200_6050_report.stats.tsv	075_Clostridium_perfringens_DSM756_DIA200_6050	Probe 97-192_200SPD_diaPASEF_diann_res	11599	Clostridium perfringens	1502	UniProt	UP000001823	DSM 756(T)	DSM 756	2873	47.0936303515489
/Probe 97-192_200SPD_diaPASEF/BacLandscape_200SPD_diaPASEF_Clostridium_perfringens__125_3-22-2024_6090.d	10867	1265	711043000.0	11660131401	240228934130	3.013	0.036	4.29729	1.55044	5.42001	1.56258	0	0	0.0513588	13.4	2.295	0.237	200SPD_DIA	077_Clostridium_perfringens_DSM798_DIA200_6090_report.stats.tsv	077_Clostridium_perfringens_DSM798_DIA200_6090	Probe 97-192_200SPD_diaPASEF_diann_res	9614	Clostridium perfringens	1502	UniProt	UP000000818	DSM 798	strain 13	2721	46.490260933480336
/Probe 97-192_200SPD_diaPASEF/BacLandscape_200SPD_diaPASEF_Clostridium_tetani__128_3-22-2024_6096.d	10775	1170	654298000.0	12486580386	266434899168	2.913	0.035	4.05078	1.59287	5.08977	1.5992	0	0	0.0571989	13.505	2.294	0.242	200SPD_DIA	079_Clostridium_tetani_DSM11744_DIA200_6096_report.stats.tsv	079_Clostridium_tetani_DSM11744_DIA200_6096	Probe 97-192_200SPD_diaPASEF_diann_res	9515	Clostridium tetani	1513	UniProt	UP000001412	DSM 11744	E88	2415	48.4472049689441
/Probe 97-192_200SPD_diaPASEF/BacLandscape_200SPD_diaPASEF_Clostridium_tetani__103_3-22-2024_6046.d	11115	1204	702628000.0	12954422925	272439957938	2.932	0.035	1.85851	1.62031	2.96131	1.66053	0	0	0.0554082	13.406	2.28	0.232	200SPD_DIA	080_Clostridium_tetani_DSM11745_DIA200_6046_report.stats.tsv	080_Clostridium_tetani_DSM11745_DIA200_6046	Probe 97-192_200SPD_diaPASEF_diann_res	9801	Clostridium tetani	1513	UniProt	UP000001412	DSM 11745	E88	2415	49.85507246376812
/Probe 97-192_200SPD_diaPASEF/BacLandscape_200SPD_diaPASEF_Cutibacterium_acnes_subsp._acnes_101_3-22-2024_6042.d	11881	1339	563407000.0	10479491172	193678105514	2.809	0.034	2.08623	1.28251	2.88552	1.57685	0	0	0.0509881	14.242	2.383	0.179	200SPD_DIA	082_Cutibacterium_acnes_ssp_acnes_DSM1897_DIA200_6042_report.stats.tsv	082_Cutibacterium_acnes_ssp_acnes_DSM1897_DIA200_6042	Probe 97-192_200SPD_diaPASEF_diann_res	10175	Cutibacterium acnes_ssp_acnes	1734925	UniProt	UP000000603	DSM 1897(T)	DSM 16379	2294	58.369659982563206
/Probe 97-192_200SPD_diaPASEF/BacLandscape_200SPD_diaPASEF_Cutibacterium_acnes_subsp._acnes_102_3-22-2024_6044.d	13402	1464	611269000.0	11419436014	219458642020	2.844	0.034	1.95413	1.36678	2.79834	1.61952	0	0	0.0538985	14.282	2.383	0.183	200SPD_DIA	083_Cutibacterium_acnes_ssp_acnes_DSM16379_DIA200_6044_report.stats.tsv	083_Cutibacterium_acnes_ssp_acnes_DSM16379_DIA200_6044	Probe 97-192_200SPD_diaPASEF_diann_res	11435	Cutibacterium acnes_ssp_acnes	1734925	UniProt	UP000000603	DSM 16379	DSM 16379	2294	63.818657367044466
/Probe 97-192_200SPD_diaPASEF/BacLandscape_200SPD_diaPASEF_Cutibacterium_acnes_subsp._acnes_104_3-22-2024_6048.d	11638	1366	676720000.0	11993524057	244251578986	2.965	0.036	1.86609	1.44569	2.96858	1.6463	0	0	0.0570994	14.259	2.383	0.187	200SPD_DIA	084_Cutibacterium_acnes_ssp_acnes_DSM108415_DIA200_6048_report.stats.tsv	084_Cutibacterium_acnes_ssp_acnes_DSM108415_DIA200_6048	Probe 97-192_200SPD_diaPASEF_diann_res	9925	Cutibacterium acnes_ssp_acnes	1734925	UniProt	UP000000603	DSM 108415	DSM 16379	2294	59.54664341761116
/Probe 97-192_200SPD_diaPASEF/BacLandscape_200SPD_diaPASEF_Cutibacterium_granulosum__126_3-22-2024_6092.d	12439	1386	748998000.0	12399962828	270475950996	2.914	0.035	4.97809	1.47984	6.05901	1.67056	0	0	0.0530949	14.482	2.402	0.19	200SPD_DIA	085_Cutibacterium_granulosum_DSM20700_DIA200_6092_report.stats.tsv	085_Cutibacterium_granulosum_DSM20700_DIA200_6092	Probe 97-192_200SPD_diaPASEF_diann_res	10539	Cutibacterium granulosum	33011	UniProt	UP000016307	DSM 20700(T)	DSM 20700	1962	70.64220183486239
/Probe 97-192_200SPD_diaPASEF/BacLandscape_200SPD_diaPASEF_Cutibacterium_granulosum__127_3-22-2024_6094.d	12088	1383	592826000.0	10407756217	201280269010	2.934	0.036	4.69489	1.34305	5.59834	1.70922	0	0	0.0504588	14.314	2.382	0.182	200SPD_DIA	086_Cutibacterium_granulosum_DSM20458_DIA200_6094_report.stats.tsv	086_Cutibacterium_granulosum_DSM20458_DIA200_6094	Probe 97-192_200SPD_diaPASEF_diann_res	10412	Cutibacterium granulosum	33011	UniProt	UP000016307	DSM 20458	DSM 20700	1962	70.48929663608563
/Probe 97-192_200SPD_diaPASEF/BacLandscape_200SPD_diaPASEF_Helicobacter_pylori___108_3-22-2024_6056.d	9332	991	569523000.0	12321172515	256293714568	2.912	0.035	1.96675	1.42247	3.34365	1.70703	0	0	0.0520911	13.289	2.33	0.214	200SPD_DIA	092_Helicobacter_pylori_DSM7492_DIA200_6056_report.stats.tsv	092_Helicobacter_pylori_DSM7492_DIA200_6056	Probe 97-192_200SPD_diaPASEF_diann_res	7884	Helicobacter pylori	210	UniProt	UP000000429	DSM 7492	ATCC 700392	1554	63.77091377091377
/Probe 97-192_200SPD_diaPASEF/BacLandscape_200SPD_diaPASEF_Helicobacter_pylori___107_3-22-2024_6054.d	9726	1002	527460000.0	11798602309	229656919588	2.887	0.035	2.15782	1.43775	3.27541	1.76276	0	0	0.0548533	13.084	2.313	0.198	200SPD_DIA	093_Helicobacter_pylori_DSM10242_DIA200_6054_report.stats.tsv	093_Helicobacter_pylori_DSM10242_DIA200_6054	Probe 97-192_200SPD_diaPASEF_diann_res	8281	Helicobacter pylori	210	UniProt	UP000000429	DSM 10242	ATCC 700392	1554	64.47876447876449
/Probe 97-192_200SPD_diaPASEF/BacLandscape_200SPD_diaPASEF_Escherichia_coli__135_3-23-2024_6110.d	11835	1517	555025000.0	10356447034	202054259622	2.969	0.036	4.72006	1.29158	5.52022	1.67024	0	0	0.0497562	13.744	2.334	0.182	200SPD_DIA	109_Escherichia_coli_DSM3871_DIA200_6110_report.stats.tsv	109_Escherichia_coli_DSM3871_DIA200_6110	Probe 97-192_200SPD_diaPASEF_diann_res	10501	Escherichia coli	562	UniProt	UP000008205	DSM 3871	E2348/69 / EPEC	4594	33.02133217239878
/Probe 97-192_200SPD_diaPASEF/BacLandscape_200SPD_diaPASEF_Enterococcus_faecalis__169_3-23-2024_6178.d	11277	1289	378163000.0	8360874127	142719698144	2.811	0.034	2.73898	1.23426	3.60724	1.77701	0	0	0.0567765	13.723	2.348	0.18	200SPD_DIA	112_Enterococcus_faecalis_DSM20371_DIA200_6178_report.stats.tsv	112_Enterococcus_faecalis_DSM20371_DIA200_6178	Probe 97-192_200SPD_diaPASEF_diann_res	10007	Enterococcus faecalis	1351	UniProt	UP000001415	DSM 20371	ATCC 700802	3240	39.783950617283956
/Probe 97-192_200SPD_diaPASEF/BacLandscape_200SPD_diaPASEF_Enterococcus_faecium__182_3-23-2024_6204.d	9056	1073	381963000.0	8693614944	152573724270	2.77	0.033	2.09028	1.24884	3.18397	1.8167	0	0	0.0496478	13.595	2.359	0.196	200SPD_DIA	114_Enterococcus_faecium_UW6713_DIA200_6204_report.stats.tsv	114_Enterococcus_faecium_UW6713_DIA200_6204	Probe 97-192_200SPD_diaPASEF_diann_res	7922	Enterococcus faecium	1352	UniProt	UP000010553	UW6713	E1590	2877	37.295794230100796
/Probe 97-192_200SPD_diaPASEF/BacLandscape_200SPD_diaPASEF_Klebsiella_oxytoca__172_3-23-2024_6184.d	12839	1792	421648000.0	8760793027	154680450250	2.888	0.035	2.6083	1.24037	3.70286	1.74379	0	0	0.0586167	13.601	2.349	0.156	200SPD_DIA	115_Klebsiella_oxytoca_CCUG_15788_DIA200_6184_report.stats.tsv	115_Klebsiella_oxytoca_CCUG_15788_DIA200_6184	Probe 97-192_200SPD_diaPASEF_diann_res	11465	Klebsiella oxytoca	571	UniProt	UP000247485	CCUG 15788	67	5789	30.9552599758162
/Probe 97-192_200SPD_diaPASEF/BacLandscape_200SPD_diaPASEF_Pseudomonas_aeruginosa___149_3-23-2024_6138.d	20214	2507	772723000.0	11087742164	231155179080	3.004	0.036	3.30906	1.43379	4.46401	1.67861	0	0	0.0522907	13.895	2.345	0.17	200SPD_DIA	118_Pseudomonas_aeruginosa_DSM50071_DIA200_6138_report.stats.tsv	118_Pseudomonas_aeruginosa_DSM50071_DIA200_6138	Probe 97-192_200SPD_diaPASEF_diann_res	17954	Pseudomonas aeruginosa	287	UniProt	UP000002438	DSM 50071(T)(=ATCC 10145)	DSM 22644	5563	45.06561207981305
/Probe 97-192_200SPD_diaPASEF/BacLandscape_200SPD_diaPASEF_Pseudomonas_aeruginosa___170_3-23-2024_6180.d	15589	2045	416607000.0	8578174247	147284881546	2.862	0.035	2.73818	1.22783	3.63421	1.8645	0	0	0.049908	13.691	2.335	0.149	200SPD_DIA	119_Pseudomonas_aeruginosa_DSM1117_DIA200_6180_report.stats.tsv	119_Pseudomonas_aeruginosa_DSM1117_DIA200_6180	Probe 97-192_200SPD_diaPASEF_diann_res	14026	Pseudomonas aeruginosa	287	UniProt	UP000002438	DSM 1117(=ATCC 27853)	DSM 22644	5563	36.76074060758584
/Probe 97-192_200SPD_diaPASEF/BacLandscape_200SPD_diaPASEF_Pseudomonas_aeruginosa___178_3-23-2024_6196.d	14494	1976	404405000.0	8441616822	143676608496	2.993	0.036	2.69577	1.26663	3.55592	1.85114	0	0	0.0468226	13.693	2.341	0.153	200SPD_DIA	121_Pseudomonas_aeruginosa_DSM29238_DIA200_6196_report.stats.tsv	121_Pseudomonas_aeruginosa_DSM29238_DIA200_6196	Probe 97-192_200SPD_diaPASEF_diann_res	13029	Pseudomonas aeruginosa	287	UniProt	UP000002438	DSM 29238	DSM 22644	5563	35.52040266043502
/Probe 97-192_200SPD_diaPASEF/BacLandscape_200SPD_diaPASEF_Ralstonia_pickettii_139_3-23-2024_6118.d	13539	1563	554765000.0	10392894193	204375766628	3.004	0.036	4.4561	1.32051	5.66472	1.7036	0	0	0.0515238	13.918	2.354	0.198	200SPD_DIA	127_Ralstonia_pickettii_DSM6297_DIA200_6118_report.stats.tsv	127_Ralstonia_pickettii_DSM6297_DIA200_6118	Probe 97-192_200SPD_diaPASEF_diann_res	11893	Ralstonia pickettii	329	UniProt	UP000441032	DSM 6297(T)(=ATCC 27511)	PSLESD1	4773	32.74670018856065
/Probe 97-192_200SPD_diaPASEF/BacLandscape_200SPD_diaPASEF_Klebsiella_oxytoca__192_3-23-2024_6224.d	11608	1775	536980000.0	10705301151	216519297474	2.839	0.034	1.9318	1.4167	3.02687	1.56003	0	0	0.0550156	13.576	2.354	0.171	200SPD_DIA	128_Klebsiella_oxytoca_Oman_61_DIA200_6224_report.stats.tsv	128_Klebsiella_oxytoca_Oman_61_DIA200_6224	Probe 97-192_200SPD_diaPASEF_diann_res	10175	Klebsiella oxytoca	571	UniProt	UP000247485	Oman 61	67	5789	30.661599585420625
/Probe 97-192_200SPD_diaPASEF/BacLandscape_200SPD_diaPASEF_Klebsiella_pneumoniae_subsp._ozaenae_190_3-23-2024_6220.d	15944	1954	639580000.0	10939856560	222966238596	2.76	0.033	1.8635	1.43743	2.8547	1.6023	0	0	0.0477139	14.118	2.387	0.172	200SPD_DIA	131_Klebsiella_pneumoniae_ssp_ozaenae_ATCC25926_DIA200_6220_report.stats.tsv	131_Klebsiella_pneumoniae_ssp_ozaenae_ATCC25926_DIA200_6220	Probe 97-192_200SPD_diaPASEF_diann_res	13934	Klebsiella pneumoniae_ssp_ozaenae	574	UniProt	UP000007841	ATCC 25926	HS11286	5728	34.11312849162011
/Probe 97-192_200SPD_diaPASEF/BacLandscape_200SPD_diaPASEF_Proteus_mirabilis__191_3-23-2024_6222.d	7885	1166	422331000.0	10317657678	204524037096	2.994	0.036	2.00621	1.3374	2.88467	1.5087	0	0	0.0526456	13.562	2.36	0.181	200SPD_DIA	134_Proteus_columbae_MN12_DIA200_6222_report.stats.tsv	134_Proteus_columbae_MN12_DIA200_6222	Probe 97-192_200SPD_diaPASEF_diann_res	6806	Proteus columbae	584	UniProt	UP000008319	MN12	HI4320	3661	31.84922152417372
/Probe 97-192_200SPD_diaPASEF/BacLandscape_200SPD_diaPASEF_Corynebacterium_diphtheriae_100_3-22-2024_6040.d	12919	1333	704931000.0	12196026563	251762660776	2.932	0.035	1.74296	1.42023	2.96691	1.54902	0	0	0.0512534	14.378	2.39	0.17	200SPD_DIA	136_Corynebacterium_diphtheriae_DSM43989_DIA200_6040_report.stats.tsv	136_Corynebacterium_diphtheriae_DSM43989_DIA200_6040	Probe 97-192_200SPD_diaPASEF_diann_res	10901	Corynebacterium diphtheriae	1717	UniProt	UP000002198	DSM 43989	ATCC 700971	2265	58.85209713024283
/Probe 97-192_200SPD_diaPASEF/BacLandscape_200SPD_diaPASEF_Ralstonia_pickettii_173_3-23-2024_6186.d	9983	1513	376900000.0	9490837721	174321524296	3.015	0.037	2.55022	1.34615	3.6034	1.78498	0	0	0.0567411	13.34	2.325	0.156	200SPD_DIA	145_Ralstonia_insidiosa_Rp_127_DIA200_6186_report.stats.tsv	145_Ralstonia_insidiosa_Rp_127_DIA200_6186	Probe 97-192_200SPD_diaPASEF_diann_res	8829	Ralstonia insidiosa	329	UniProt	UP000441032	Rp 127	PSLESD1	4773	31.699141001466586
/Probe 97-192_200SPD_diaPASEF/BacLandscape_200SPD_diaPASEF_Staphylococcus_aureus__186_3-23-2024_6212.d	12750	1337	436846000.0	8552245764	147452575050	2.862	0.035	2.01749	1.14782	3.01551	1.72944	0	0	0.0522886	13.807	2.397	0.213	200SPD_DIA	146_Staphylococcus_aureus_DSM4910_DIA200_6212_report.stats.tsv	146_Staphylococcus_aureus_DSM4910_DIA200_6212	Probe 97-192_200SPD_diaPASEF_diann_res	11087	Staphylococcus aureus	1280	UniProt	UP000008816	DSM 4910	NCTC 8325	2889	46.278989269643475
/Probe 97-192_200SPD_diaPASEF/BacLandscape_200SPD_diaPASEF_Salmonella_enterica_subsp._enterica_Serovar_enteritidis___177_3-23-2024_6194.d	15267	1868	591355000.0	10286533767	201432081878	2.911	0.035	2.27597	1.38849	3.08994	1.75275	0	0	0.0494693	13.83	2.366	0.168	200SPD_DIA	148_Salmonella_enterica_sv_enteritidis_LT21-Ib_08-01796_DIA200_6194_report.stats.tsv	148_Salmonella_enterica_sv_enteritidis_LT21-Ib_08-01796_DIA200_6194	Probe 97-192_200SPD_diaPASEF_diann_res	13377	Salmonella enterica_sv_enteritidis	149539	UniProt	UP000839889	Lt21/lb 08/01796	WAPHL-SAL-A01127	4868	38.37304847986853
/Probe 97-192_200SPD_diaPASEF/BacLandscape_200SPD_diaPASEF_Staphylococcus_aureus__188_3-23-2024_6216.d	13268	1409	420779000.0	8681546278	150719340066	2.8	0.034	2.82422	1.12841	3.83424	1.81994	0	0	0.054438	13.713	2.399	0.222	200SPD_DIA	149_Staphylococcus_aureus_DSM25693_DIA200_6216_report.stats.tsv	149_Staphylococcus_aureus_DSM25693_DIA200_6216	Probe 97-192_200SPD_diaPASEF_diann_res	11554	Staphylococcus aureus	1280	UniProt	UP000008816	DSM 25693	NCTC 8325	2889	48.7712011076497
/Probe 97-192_200SPD_diaPASEF/BacLandscape_200SPD_diaPASEF_Salmonella_enterica_subsp._enterica_Serovar_typhimurium___171_3-23-2024_6182.d	15489	1889	446371000.0	8583030907	149186720228	2.886	0.035	2.59429	1.26318	3.64796	1.82819	0	0	0.0524397	13.944	2.388	0.187	200SPD_DIA	151_Salmonella_enterica_sv_typhimurium_DT104_08-01627_DIA200_6182_report.stats.tsv	151_Salmonella_enterica_sv_typhimurium_DT104_08-01627_DIA200_6182	Probe 97-192_200SPD_diaPASEF_diann_res	13708	Salmonella enterica_sv_typhimurium	90371	UniProt	UP000839889	DT104 08/01627	WAPHL-SAL-A01127	4868	38.80443714050945
/Probe 97-192_200SPD_diaPASEF/BacLandscape_200SPD_diaPASEF_Staphylococcus_epidermidis__131_3-23-2024_6102.d	10519	1149	337982000.0	8400018526	140270230798	2.792	0.034	5.03605	1.18462	6.12924	1.89558	0	0	0.0541931	13.479	2.362	0.236	200SPD_DIA	152_Staphylococcus_epidermidis_DSM1798_DIA200_6102_report.stats.tsv	152_Staphylococcus_epidermidis_DSM1798_DIA200_6102	Probe 97-192_200SPD_diaPASEF_diann_res	9211	Staphylococcus epidermidis	1282	UniProt	UP000000531	DSM 1798	ATCC 35984	2492	46.107544141252006
/Probe 97-192_200SPD_diaPASEF/BacLandscape_200SPD_diaPASEF_Shigella_boydii__174_3-23-2024_6188.d	13343	1559	544269000.0	9741871557	184822809534	2.906	0.035	2.33741	1.20864	3.59558	1.64716	0	0	0.0524354	13.812	2.366	0.177	200SPD_DIA	154_Shigella_boydii_06-06820_DIA200_6188_report.stats.tsv	154_Shigella_boydii_06-06820_DIA200_6188	Probe 97-192_200SPD_diaPASEF_diann_res	11674	Shigella boydii	621	UniProt	UP000001030	06/06820	BS512	4143	37.62973690562394
/Probe 97-192_200SPD_diaPASEF/BacLandscape_200SPD_diaPASEF_Klebsiella_aerogenes___180_3-23-2024_6200.d	16174	2039	575593000.0	9715751778	183748334344	2.922	0.035	2.15222	1.30089	3.23239	1.72836	0	0	0.049598	13.97	2.364	0.169	200SPD_DIA	156_Klebsiella_aerogenes_E19_DIA200_6200_report.stats.tsv	156_Klebsiella_aerogenes_E19_DIA200_6200	Probe 97-192_200SPD_diaPASEF_diann_res	14292	Klebsiella aerogenes	548	UniProt	UP000008881	E19	DSM 30053	4909	41.53595436952536
/Probe 97-192_200SPD_diaPASEF/BacLandscape_200SPD_diaPASEF_Shigella_flexneri__176_3-23-2024_6192.d	14193	1642	650521000.0	10985745569	224567875656	2.778	0.034	2.11098	1.34973	3.27356	1.75862	0	0	0.0535222	13.778	2.356	0.181	200SPD_DIA	157_Shigella_flexneri_3A_07-02503_DIA200_6192_report.stats.tsv	157_Shigella_flexneri_3A_07-02503_DIA200_6192	Probe 97-192_200SPD_diaPASEF_diann_res	12400	Shigella flexneri	623	UniProt	UP000001006	3A 07/02503	301	4103	40.01949792834512
/Probe 97-192_200SPD_diaPASEF/BacLandscape_200SPD_diaPASEF_Staphylococcus_hominis_subspec._hominis_133_3-23-2024_6106.d	10065	1145	378705000.0	8794430008	151127207048	2.897	0.035	5.06665	1.09943	6.1299	1.84202	0	0	0.0500901	13.595	2.371	0.254	200SPD_DIA	158_Staphylococcus_hominis_ssp_hominis_DSM20328_DIA200_6106_report.stats.tsv	158_Staphylococcus_hominis_ssp_hominis_DSM20328_DIA200_6106	Probe 97-192_200SPD_diaPASEF_diann_res	8815	Staphylococcus hominis_ssp_hominis	145391	UniProt	UP000241540	DSM 20328(T)	SNUC 5336	2351	48.70267971076137
/Probe 97-192_200SPD_diaPASEF/BacLandscape_200SPD_diaPASEF_Staphylococcus_aureus__132_3-23-2024_6104.d	12486	1259	483294000.0	9602328836	177462705114	2.756	0.033	4.82462	1.22779	5.95554	1.79977	0	0	0.0518766	13.616	2.361	0.217	200SPD_DIA	160_Staphylococcus_aureus_DSM20231_DIA200_6104_report.stats.tsv	160_Staphylococcus_aureus_DSM20231_DIA200_6104	Probe 97-192_200SPD_diaPASEF_diann_res	10908	Staphylococcus aureus	1280	UniProt	UP000008816	DSM 20231(T)	NCTC 8325	2889	43.57909311180339
/Probe 97-192_200SPD_diaPASEF/BacLandscape_200SPD_diaPASEF_Staphylococcus_lugdunensis_(CoNS)_137_3-23-2024_6114.d	13314	1359	399405000.0	8297342007	138197095094	2.836	0.034	4.8719	1.11575	6.04658	1.8343	0	0	0.0544948	13.67	2.378	0.245	200SPD_DIA	161_Staphylococcus_lugdunensis_DSM4804_DIA200_6114_report.stats.tsv	161_Staphylococcus_lugdunensis_DSM4804_DIA200_6114	Probe 97-192_200SPD_diaPASEF_diann_res	11593	Staphylococcus lugdunensis	28035	UniProt	UP000004055	DSM 4804(T)(=ATCC 43809)	M23590	2421	56.13382899628253
/Probe 97-192_200SPD_diaPASEF/BacLandscape_200SPD_diaPASEF_Staphylococcus_lugdunensis_(CoNS)_184_3-23-2024_6208.d	12686	1375	376309000.0	8308253287	138808120256	2.757	0.033	2.35518	1.24705	3.37359	1.85403	0	0	0.047088	13.602	2.394	0.215	200SPD_DIA	164_Staphylococcus_lugdunensis_09-00515_DIA200_6208_report.stats.tsv	164_Staphylococcus_lugdunensis_09-00515_DIA200_6208	Probe 97-192_200SPD_diaPASEF_diann_res	11055	Staphylococcus lugdunensis	28035	UniProt	UP000004055	09-00515	M23590	2421	56.79471292854193
/Probe 97-192_200SPD_diaPASEF/BacLandscape_200SPD_diaPASEF_Klebsiella_oxytoca__152_3-23-2024_6144.d	12649	1939	720247000.0	12564452180	281803521958	2.96	0.036	3.11221	1.52243	3.89076	1.51687	0	0	0.0555018	13.648	2.336	0.17	200SPD_DIA	168_Klebsiella_oxytoca_DSM5175_DIA200_6144_report.stats.tsv	168_Klebsiella_oxytoca_DSM5175_DIA200_6144	Probe 97-192_200SPD_diaPASEF_diann_res	10990	Klebsiella oxytoca	571	UniProt	UP000247485	DSM DSM5175(T)(=ATCC 13182)	67	5789	33.49455864570738
/Probe 97-192_200SPD_diaPASEF/BacLandscape_200SPD_diaPASEF_Staphylococcus_epidermidis__168_3-23-2024_6176.d	11008	1181	301326000.0	7388494874	115340562864	2.78	0.034	3.05003	1.16059	4.14241	1.86624	0	0	0.0534794	13.531	2.389	0.225	200SPD_DIA	169_Staphylococcus_epidermidis_DSM20044_DIA200_6176_report.stats.tsv	169_Staphylococcus_epidermidis_DSM20044_DIA200_6176	Probe 97-192_200SPD_diaPASEF_diann_res	9602	Staphylococcus epidermidis	1282	UniProt	UP000000531	DSM 20044(=CCM 2124)	ATCC 35984	2492	47.391653290529696
/Probe 97-192_200SPD_diaPASEF/BacLandscape_200SPD_diaPASEF_Clostridium_perfringens__97_3-22-2024_6034.d	11647	1241	641735000.0	11301697934	205767077100	2.926	0.035	2.01243	1.45949	2.70773	1.64323	0	0	0.0517395	13.243	2.287	0.234	200SPD_DIA	178_Clostridium_perfringens_DSM628_DIA200_6034_report.stats.tsv	178_Clostridium_perfringens_DSM628_DIA200_6034	Probe 97-192_200SPD_diaPASEF_diann_res	10226	Clostridium perfringens	1502	UniProt	UP000000818	DSM 628	strain 13	2721	45.60823226754869
/Probe 97-192_200SPD_diaPASEF/BacLandscape_200SPD_diaPASEF_Prevotella_intermedia___106_3-22-2024_6052.d	7736	1066	274864000.0	9456735965	156937875148	2.962	0.036	2.48825	1.29947	3.36503	1.732	0	0	0.0451382	12.369	2.207	0.183	200SPD_DIA	181_Prevotella_intermedia_DSM20706_DIA200_6052_report.stats.tsv	181_Prevotella_intermedia_DSM20706_DIA200_6052	Probe 97-192_200SPD_diaPASEF_diann_res	7127	Prevotella intermedia	28131	UniProt	UP000229630	DSM 20706(T)	KCOM 2837	2335	45.65310492505353
/Probe 97-192_200SPD_diaPASEF/BacLandscape_200SPD_diaPASEF_Clostridioides_difficile_120_3-22-2024_6080.d	12147	1387	671811000.0	11184696473	220904870782	2.903	0.035	3.79414	1.50952	4.76697	1.58905	0	0	0.0497872	13.392	2.286	0.219	200SPD_DIA	182_Clostridioides_difficile_DSM12057_DIA200_6080_report.stats.tsv	182_Clostridioides_difficile_DSM12057_DIA200_6080	Probe 97-192_200SPD_diaPASEF_diann_res	10752	Clostridioides difficile	1496	UniProt	UP000001978	DSM 12057	strain 630	3762	36.868686868686865
/Probe 97-192_200SPD_diaPASEF/BacLandscape_200SPD_diaPASEF_Prevotella_melaninogenica__123_3-22-2024_6086.d	10626	1234	406161000.0	10385085971	197646831278	3.018	0.037	4.41117	1.2914	5.60278	1.76667	0	0	0.0511032	12.872	2.259	0.186	200SPD_DIA	183_Prevotella_melaninogenica_DSM7089_DIA200_6086_report.stats.tsv	183_Prevotella_melaninogenica_DSM7089_DIA200_6086	Probe 97-192_200SPD_diaPASEF_diann_res	9673	Prevotella melaninogenica	28132	UniProt	UP000500843	DSM 7089(T)	FDAARGOS_760	2446	50.44971381847915
/Probe 97-192_200SPD_diaPASEF/BacLandscape_200SPD_diaPASEF_Prevotella_melaninogenica__113_3-22-2024_6066.d	11693	1254	492277000.0	10656870623	203002153030	2.952	0.036	3.40474	1.39595	4.18732	1.74008	0	0	0.0491202	12.908	2.273	0.18	200SPD_DIA	185_Prevotella_melaninogenica_DSM26980_DIA200_6066_report.stats.tsv	185_Prevotella_melaninogenica_DSM26980_DIA200_6066	Probe 97-192_200SPD_diaPASEF_diann_res	10499	Prevotella melaninogenica	28132	UniProt	UP000500843	DSM 26980	FDAARGOS_760	2446	51.26737530662305
/Probe 97-192_200SPD_diaPASEF/BacLandscape_200SPD_diaPASEF_Salmonella_bongori_122_3-22-2024_6084.d	14903	1783	596807000.0	10609911034	202969997616	2.835	0.034	4.522	1.25707	5.59455	1.62528	0	0	0.0561586	13.701	2.332	0.17	200SPD_DIA	191_Salmonella_bongori_DSM13772_DIA200_6084_report.stats.tsv	191_Salmonella_bongori_DSM13772_DIA200_6084	Probe 97-192_200SPD_diaPASEF_diann_res	13184	Salmonella bongori	54736	UniProt	UP000015042	DSM 13772(T)	N268-08	4751	37.52894127552094
/Probe 97-192_200SPD_diaPASEF/BacLandscape_200SPD_diaPASEF_Salmonella_enterica_subsp._enterica_Serovar_enteritidis___117_3-22-2024_6074.d	15333	1799	684276000.0	11621292331	239747191706	2.889	0.035	3.6347	1.42112	4.59585	1.62699	0	0	0.0471467	13.786	2.334	0.166	200SPD_DIA	193_Salmonella_enterica_sv_enteritidis_DSM107295_DIA200_6074_report.stats.tsv	193_Salmonella_enterica_sv_enteritidis_DSM107295_DIA200_6074	Probe 97-192_200SPD_diaPASEF_diann_res	13461	Salmonella enterica_sv_enteritidis	149539	UniProt	UP000839889	DSM 107295	WAPHL-SAL-A01127	4868	36.955628594905505
/Probe 97-192_200SPD_diaPASEF/BacLandscape_200SPD_diaPASEF_Salmonella_enterica_subsp._enterica_Serovar_paratyphi__A_121_3-22-2024_6082.d	14046	1740	736159000.0	11960535330	254949068030	2.937	0.036	4.22136	1.36864	5.60846	1.6669	0	0	0.0523357	13.986	2.356	0.179	200SPD_DIA	195_Salmonella_enterica_sv_paratyphi_167_DIA200_6082_report.stats.tsv	195_Salmonella_enterica_sv_paratyphi_167_DIA200_6082	Probe 97-192_200SPD_diaPASEF_diann_res	12196	Salmonella enterica_sv_paratyphi	54388	UniProt	UP000001599	A167	RKS4594	4601	37.81786568137361
/Probe 97-192_200SPD_diaPASEF/BacLandscape_200SPD_diaPASEF_Salmonella_enterica_subsp._enterica_Serovar_typhimurium___115_3-22-2024_6070.d	15608	1919	670978000.0	11505968553	234287505756	2.854	0.035	3.28368	1.42381	4.2581	1.69789	0	0	0.0500582	13.838	2.335	0.161	200SPD_DIA	199_Salmonella_enterica_sv_typhimurium_DSM17058_DIA200_6070_report.stats.tsv	199_Salmonella_enterica_sv_typhimurium_DSM17058_DIA200_6070	Probe 97-192_200SPD_diaPASEF_diann_res	13745	Salmonella enterica_sv_typhimurium	90371	UniProt	UP000839889	DSM 17058(T)	WAPHL-SAL-A01127	4868	39.42070665571077
/Probe 97-192_200SPD_diaPASEF/BacLandscape_200SPD_diaPASEF_Serratia_marcescens__110_3-22-2024_6060.d	15418	1992	628837000.0	11670511696	244044372432	2.914	0.035	2.73158	1.60419	3.79214	1.57158	0	0	0.0524358	13.734	2.33	0.153	200SPD_DIA	203_Serratia_ureilytica_RS2.1_DIA200_6060_report.stats.tsv	203_Serratia_ureilytica_RS2.1_DIA200_6060	Probe 97-192_200SPD_diaPASEF_diann_res	13602	Serratia ureilytica	615	UniProt	UP000222404	RS2.1	KHCo-24B	4899	40.661359461114515
/Probe 97-192_200SPD_diaPASEF/BacLandscape_200SPD_diaPASEF_Serratia_marcescens__119_3-22-2024_6078.d	15817	2114	796734000.0	12788330999	284562147188	2.983	0.036	3.66281	1.55554	4.65559	1.54002	0	0	0.0543197	13.9	2.332	0.162	200SPD_DIA	205_Serratia_bockelmannii_Wasserisolat04_DIA200_6078_report.stats.tsv	205_Serratia_bockelmannii_Wasserisolat04_DIA200_6078	Probe 97-192_200SPD_diaPASEF_diann_res	13843	Serratia bockelmannii	615	UniProt	UP000222404	Wasserisolat	KHCo-24B	4899	43.15166360481731
/Probe 97-192_200SPD_diaPASEF/BacLandscape_200SPD_diaPASEF_Listeria_monocytogenes___130_3-22-2024_6100.d	11524	1453	531014000.0	9565061318	175269051888	2.958	0.036	4.59706	1.33946	5.73969	1.6129	0	0	0.0501221	13.383	2.307	0.193	200SPD_DIA	206_Listeria_monocytogenes_DSM15675_DIA200_6100_report.stats.tsv	206_Listeria_monocytogenes_DSM15675_DIA200_6100	Probe 97-192_200SPD_diaPASEF_diann_res	10098	Listeria monocytogenes	1639	UniProt	UP000000817	DSM 15675	ATCC BAA-679 / EGD-e	2844	51.090014064697606
/Probe 97-192_200SPD_diaPASEF/BacLandscape_200SPD_diaPASEF_Listeria_monocytogenes___129_3-22-2024_6098.d	11688	1379	539601000.0	10132780082	194782702364	2.901	0.035	4.43132	1.38862	5.46295	1.60616	0	0	0.0516405	13.501	2.327	0.221	200SPD_DIA	208_Listeria_monocytogenes_DSM19094_DIA200_6098_report.stats.tsv	208_Listeria_monocytogenes_DSM19094_DIA200_6098	Probe 97-192_200SPD_diaPASEF_diann_res	10167	Listeria monocytogenes	1639	UniProt	UP000000817	DSM 19094	ATCC BAA-679 / EGD-e	2844	48.48804500703235
/Probe 97-192_200SPD_diaPASEF/BacLandscape_200SPD_diaPASEF_Staphylococcus_haemolyticus_189_3-23-2024_6218.d	9867	1134	233619000.0	7170077254	108133942976	2.728	0.033	2.39122	1.10788	3.7879	2.04751	0	0	0.0516918	13.675	2.395	0.23	200SPD_DIA	209_Staphylococcus_haemolyticus_DSM20228_DIA200_6218_report.stats.tsv	209_Staphylococcus_haemolyticus_DSM20228_DIA200_6218	Probe 97-192_200SPD_diaPASEF_diann_res	8702	Staphylococcus haemolyticus	1283	UniProt	UP000000543	DSM 20228	JCSC1435	2640	42.95454545454545
/Probe 97-192_200SPD_diaPASEF/Bad_-_BacLandscape_200SPD_diaPASEF_Staphylococcus_saprophyticus_subsp._bovis_109_3-22-2024_6058.d	7620	1078	162323000.0	6769056960	100576154800	2.451	0.029	3.60659	1.10956	4.35747	2.09824	0	0	0.0583062	13.361	2.321	0.19	200SPD_DIA	213_Staphylococcus_saprophyticus_ssp_bovis_DSM18669_DIA200_6058_report.stats.tsv	213_Staphylococcus_saprophyticus_ssp_bovis_DSM18669_DIA200_6058	Probe 97-192_200SPD_diaPASEF_diann_res	6857	Staphylococcus saprophyticus_ssp_bovis	29385	UniProt	UP000006371	DSM 18669(T)	DSM 20229	2404	44.84193011647255
/Probe 97-192_200SPD_diaPASEF/BacLandscape_200SPD_diaPASEF_Staphylococcus_saprophyticus_(CoNS)_112_3-22-2024_6064.d	9814	1200	271165000.0	8114850876	131474433348	2.816	0.034	3.48444	1.24879	4.51883	1.80707	0	0	0.048339	13.463	2.346	0.228	200SPD_DIA	215_Staphylococcus_saprophyticus_DSM30626_DIA200_6064_report.stats.tsv	215_Staphylococcus_saprophyticus_DSM30626_DIA200_6064	Probe 97-192_200SPD_diaPASEF_diann_res	8705	Staphylococcus saprophyticus	29385	UniProt	UP000006371	DSM 30626	DSM 20229	2404	49.91680532445923
/Probe 97-192_200SPD_diaPASEF/BacLandscape_200SPD_diaPASEF_Stenotrophomonas_maltophilia___175_3-23-2024_6190.d	11772	1596	384936000.0	8933747613	159539857162	2.928	0.035	2.55635	1.23204	3.43961	1.6997	0	0	0.0490202	13.589	2.337	0.146	200SPD_DIA	245_Stenotrophomonas_geniculata_Sm_51_DIA200_6190_report.stats.tsv	245_Stenotrophomonas_geniculata_Sm_51_DIA200_6190	Probe 97-192_200SPD_diaPASEF_diann_res	10503	Stenotrophomonas geniculata	40324	UniProt	UP000001867	Sm 51	R551-3	4026	39.642324888226526
/Probe 97-192_200SPD_diaPASEF/BacLandscape_200SPD_diaPASEF_Streptococcus_pyogenes__144_3-23-2024_6128.d	10641	1044	512043000.0	9441225722	173343955346	2.831	0.034	4.15265	1.2671	5.09145	1.64248	0	0	0.0485378	13.669	2.343	0.208	200SPD_DIA	248_Streptococcus_pyogenes_DSM20565_DIA200_6128_report.stats.tsv	248_Streptococcus_pyogenes_DSM20565_DIA200_6128	Probe 97-192_200SPD_diaPASEF_diann_res	9314	Streptococcus pyogenes	1314	UniProt	UP000000750	DSM 20565(T)	ATCC 700294 / SF370 / Serotype M1	1690	61.77514792899408
/Probe 97-192_200SPD_diaPASEF/BacLandscape_200SPD_diaPASEF_Yersinia_enterocolitica_140_3-23-2024_6120.d	14593	1787	658477000.0	10921762083	221768437040	2.971	0.036	4.17062	1.3535	5.43313	1.70068	0	0	0.0540132	13.965	2.353	0.176	200SPD_DIA	258_Yersinia_enterocolitica_DSM4780_DIA200_6120_report.stats.tsv	258_Yersinia_enterocolitica_DSM4780_DIA200_6120	Probe 97-192_200SPD_diaPASEF_diann_res	12876	Yersinia enterocolitica	630	UniProt	UP000000642	DSM 4780(T)	NCTC 13174 / 8081	4026	44.386487829110784
/Probe 97-192_200SPD_diaPASEF/BacLandscape_200SPD_diaPASEF_Yersinia_enterocolitica_179_3-23-2024_6198.d	13636	1700	555187000.0	9486442775	177723485144	2.933	0.035	2.40301	1.25037	3.4628	1.73718	0	0	0.0519347	13.875	2.382	0.175	200SPD_DIA	260_Yersinia_enterocolitica_DSM9676_DIA200_6198_report.stats.tsv	260_Yersinia_enterocolitica_DSM9676_DIA200_6198	Probe 97-192_200SPD_diaPASEF_diann_res	11924	Yersinia enterocolitica	630	UniProt	UP000000642	DSM 9676	NCTC 13174 / 8081	4026	42.22553402881272
/Probe 97-192_200SPD_diaPASEF/BacLandscape_200SPD_diaPASEF_Yersinia_pseudotuberculosis___138_3-23-2024_6116.d	14296	1607	619824000.0	11472392250	242035883700	2.757	0.033	4.03242	1.31557	5.30406	1.61737	0	0	0.0506003	14.028	2.365	0.195	200SPD_DIA	262_Yersinia_pseudotuberculosis_DSM8992_DIA200_6116_report.stats.tsv	262_Yersinia_pseudotuberculosis_DSM8992_DIA200_6116	Probe 97-192_200SPD_diaPASEF_diann_res	12498	Yersinia pseudotuberculosis	633	UniProt	UP000001011	DSM 8992(T)	IP32953	4016	40.014940239043824
/Probe 193-206_200SPD_diaPASEF/BacLandscape_200SPD_diaPASEF_Citrobacter_amalonaticus_194_7-8-2025_12101.d	7952	1316	426544000.0	17973893861	354176827500	2.561	0.031	1.88384	1.65633	2.61839	1.99656	0	0	0.051879	13.641	2.29	0.176	200SPD_DIA	023_Citrobacter_amalonaticus_04-08695_DIA200_12101_report.stats.tsv	023_Citrobacter_amalonaticus_04-08695_DIA200_12101	Probe 193-206_200SPD_diaPASEF_diann_res	6986	Citrobacter amalonaticus	35703	UniProt	UP000237003	04/08695	S1285	5139	25.608094960108968
/Probe 193-206_200SPD_diaPASEF/BacLandscape_200SPD_diaPASEF_Bacillus_subtilis_ssp._spizizenii_206_7-8-2025_12125.d	13082	1548	579101000.0	16056551351	282608262180	2.549	0.031	4.19369	1.51636	2.74499	2.22913	0	0	0.0547975	13.789	2.323	0.203	200SPD_DIA	027_Bacillus_subtilis_ssp_spizizenii_ATCC6633_DIA200_12125_report.stats.tsv	027_Bacillus_subtilis_ssp_spizizenii_ATCC6633_DIA200_12125	Probe 193-206_200SPD_diaPASEF_diann_res	11424	Bacillus subtilis_ssp_spizizenii	703612	UniProt	UP000002233	ATCC 6633	ATCC 23059	4053	38.19393042190969
/Probe 193-206_200SPD_diaPASEF/BacLandscape_200SPD_diaPASEF_Burkholderia_cepacia_197_7-8-2025_12107.d	7921	1293	332366000.0	16428055805	286137429840	2.596	0.031	2.21297	1.47463	2.17345	1.96765	0	0	0.0510335	13.369	2.28	0.157	200SPD_DIA	043_Burkholderia_cenocepacia_ATCC25608_DIA200_12107_report.stats.tsv	043_Burkholderia_cenocepacia_ATCC25608_DIA200_12107	Probe 193-206_200SPD_diaPASEF_diann_res	7070	Burkholderia cenocepacia	292	UniProt	UP000002287	ATCC 25608	R1808	7409	17.451747874207047
/Probe 193-206_200SPD_diaPASEF/BacLandscape_200SPD_diaPASEF_Escherichia_coli_205_7-8-2025_12123.d	9877	1404	418659000.0	15865247575	282274672140	2.574	0.031	3.60696	1.49662	2.79477	2.09671	0	0	0.0487631	14.004	2.327	0.186	200SPD_DIA	088_Escherichia_coli_DSM682_DIA200_12123_report.stats.tsv	088_Escherichia_coli_DSM682_DIA200_12123	Probe 193-206_200SPD_diaPASEF_diann_res	8788	Escherichia coli	562	UniProt	UP000008205	DSM 682	E2348/69 / EPEC	4594	30.561602089682193
/Probe 193-206_200SPD_diaPASEF/BacLandscape_200SPD_diaPASEF_Enterococcus_hirae_202_7-8-2025_12117.d	9170	1144	424426000.0	15767255067	273626023776	2.501	0.03	3.20784	1.5538	2.42046	2.0792	0	0	0.0505506	13.897	2.323	0.205	200SPD_DIA	102_Enterococcus_hirae_P25_2_DIA200_12117_report.stats.tsv	102_Enterococcus_hirae_P25_2_DIA200_12117	Probe 193-206_200SPD_diaPASEF_diann_res	8048	Enterococcus hirae	1354	UniProt	UP000352698	P25_2	NCTC12204	2651	43.15352697095436
/Probe 193-206_200SPD_diaPASEF/BacLandscape_200SPD_diaPASEF_Enterococcus_faecium_203_7-8-2025_12119.d	7267	1016	357187000.0	15437171401	267025528428	2.504	0.03	3.38207	1.39027	2.43314	2.05647	0	0	0.0459651	13.673	2.302	0.193	200SPD_DIA	110_Enterococcus_faecium_UW6203_DIA200_12119_report.stats.tsv	110_Enterococcus_faecium_UW6203_DIA200_12119	Probe 193-206_200SPD_diaPASEF_diann_res	6424	Enterococcus faecium	1352	UniProt	UP000010553	UW6203	E1590	2877	35.31456378171707
/Probe 193-206_200SPD_diaPASEF/BacLandscape_200SPD_diaPASEF_Enterococcus_hirae_193_7-8-2025_12098.d	3817	695	222742000.0	13682246087	244333741440	2.529	0.03	1.61713	1.4104	3.16571	1.85926	0	0	0.0497203	13.462	2.282	0.171	200SPD_DIA	122_Enterococcus_durans_P25_3_DIA200_12098_report.stats.tsv	122_Enterococcus_durans_P25_3_DIA200_12098	Probe 193-206_200SPD_diaPASEF_diann_res	3412	Enterococcus durans	1354	UniProt	UP000352698	P25_3	NCTC12204	2651	26.216522067144478
/Probe 193-206_200SPD_diaPASEF/BacLandscape_200SPD_diaPASEF_Klebsiella_aerogenes_198_7-8-2025_12109.d	10077	1560	344498000.0	15394247266	247080779544	2.558	0.031	2.21148	1.43362	2.46186	2.2182	0	0	0.04514	13.929	2.297	0.153	200SPD_DIA	125_Klebsiella_aerogenes_E56_DIA200_12109_report.stats.tsv	125_Klebsiella_aerogenes_E56_DIA200_12109	Probe 193-206_200SPD_diaPASEF_diann_res	9112	Klebsiella aerogenes	548	UniProt	UP000008881	E56	DSM 30053	4909	31.778366266041964
/Probe 193-206_200SPD_diaPASEF/BacLandscape_200SPD_diaPASEF_Proteus_vulgaris_195_7-8-2025_12103.d	6160	1099	333657000.0	17854181346	337352317740	2.502	0.03	1.93174	1.55438	2.32169	1.99427	0	0	0.0470374	13.413	2.281	0.18	200SPD_DIA	137_Proteus_mirabilis_718-91_DIA200_12103_report.stats.tsv	137_Proteus_mirabilis_718-91_DIA200_12103	Probe 193-206_200SPD_diaPASEF_diann_res	5448	Proteus mirabilis	585	UniProt	UP000254331	718/91	NCTC10376	3963	27.731516527882917
/Probe 193-206_200SPD_diaPASEF/BacLandscape_200SPD_diaPASEF_Pseudomonas_aeruginosa_204_7-8-2025_12121.d	10601	1656	341656000.0	15817181499	267519806220	2.524	0.03	3.4258	1.49212	2.48224	2.12621	0	0	0.0448909	13.798	2.286	0.145	200SPD_DIA	140_Pseudomonas_aeruginosa_ATCC33355_DIA200_12121_report.stats.tsv	140_Pseudomonas_aeruginosa_ATCC33355_DIA200_12121	Probe 193-206_200SPD_diaPASEF_diann_res	9593	Pseudomonas aeruginosa	287	UniProt	UP000002438	ATCC 33355	DSM 22644	5563	29.76811073161963
/Probe 193-206_200SPD_diaPASEF/BacLandscape_200SPD_diaPASEF_Ralstonia_pickettii_199_7-8-2025_12111.d	8474	1260	419346000.0	15635504540	261042014628	2.592	0.031	2.60088	1.52009	2.39232	2.04504	0	0	0.0510014	13.582	2.304	0.168	200SPD_DIA	143_Ralstonia_condita_HST_2644_DIA200_12111_report.stats.tsv	143_Ralstonia_condita_HST_2644_DIA200_12111	Probe 193-206_200SPD_diaPASEF_diann_res	7450	Ralstonia condita	329	UniProt	UP000441032	HST 2644	PSLESD1	4773	26.398491514770583
/Probe 193-206_200SPD_diaPASEF/BacLandscape_200SPD_diaPASEF_Yersinia_enterocolitica_196_7-8-2025_12105.d	12987	1681	557017000.0	16592969020	295098523236	2.495	0.03	2.0362	1.565	2.45738	2.19273	0	0	0.0524034	13.929	2.326	0.185	200SPD_DIA	167_Yersinia_enterocolitica_DSM11503_DIA200_12105_report.stats.tsv	167_Yersinia_enterocolitica_DSM11503_DIA200_12105	Probe 193-206_200SPD_diaPASEF_diann_res	11409	Yersinia enterocolitica	630	UniProt	UP000000642	DSM 11503	NCTC 13174 / 8081	4026	41.75360158966716
/Probe 193-206_200SPD_diaPASEF/BacLandscape_200SPD_diaPASEF_Acinetobacter_baumannii_201_7-8-2025_12115.d	11390	1532	425665000.0	17688312286	349304707860	2.54	0.031	2.53106	1.66817	2.24617	2.13352	0	0	0.0511382	14.025	2.316	0.176	200SPD_DIA	198_Acinetobacter_baumannii_DSM30007_DIA200_12115_report.stats.tsv	198_Acinetobacter_baumannii_DSM30007_DIA200_12115	Probe 193-206_200SPD_diaPASEF_diann_res	10045	Acinetobacter baumannii	470	UniProt	UP000005740	DSM 30007	DSM 30007	3765	40.690571049136786
/Probe 193-206_200SPD_diaPASEF/BacLandscape_200SPD_diaPASEF_Acinetobacter_baumannii_200_7-8-2025_12113.d	13493	1570	601313000.0	16518573744	295387059348	2.534	0.031	2.57637	1.47401	2.34644	2.0561	0	0	0.0515212	14.115	2.335	0.17	200SPD_DIA	277_Acinetobacter_baumannii_DSM24110_DIA200_12113_report.stats.tsv	277_Acinetobacter_baumannii_DSM24110_DIA200_12113	Probe 193-206_200SPD_diaPASEF_diann_res	11765	Acinetobacter baumannii	470	UniProt	UP000005740	DSM 24110	DSM 30007	3765	41.699867197875164
/Probe 1-96_500SPD_diaPASEF/BacLandscape_500SPD_diaPASEF_Achromobacter_xylosoxidans_subsp_xylosoxidans_22_1-27-2024_4774.d	5706	1083	80507500.0	2570885756	21292482992	1.971	0.017	2.42528	1.08935	3.50114	2.09449	0	0	0.0147247	13.122	2.278	0.127	500SPD_DIA	002_Achromobacter_xylosoxidans_ssp_xylosoxidans_DSM2402_DIA500_4774_report.stats.tsv	002_Achromobacter_xylosoxidans_ssp_xylosoxidans_DSM2402_DIA500_4774	Probe 1-96_500SPD_diaPASEF_diann_res	5331	Achromobacter xylosoxidans_ssp_xylosoxidans	85698	UniProt	UP000060602	DSM 2402	FDAARGOS_147	6134	17.655689598956638
/Probe 1-96_500SPD_diaPASEF/BacLandscape_500SPD_diaPASEF_Acinetobacter_lwoffii_40_1-27-2024_4810.d	6416	973	114970000.0	3155772274	26875688464	1.91	0.016	2.27022	1.11984	3.50837	1.91815	0	0	0.0149295	13.562	2.331	0.14	500SPD_DIA	005_Acinetobacter_lwoffii_DSM2403_DIA500_4810_report.stats.tsv	005_Acinetobacter_lwoffii_DSM2403_DIA500_4810	Probe 1-96_500SPD_diaPASEF_diann_res	5853	Acinetobacter lwoffii	28090	UniProt	UP000293391	DSM 2403	AL_065	3273	29.728078215704244
/Probe 1-96_500SPD_diaPASEF/BacLandscape_500SPD_diaPASEF_Acinetobacter_pittii_25_1-27-2024_4780.d	5874	950	78820200.0	2128697102	16864641096	2.047	0.017	2.30862	1.15703	3.67124	2.23825	0	0	0.0146827	13.237	2.301	0.127	500SPD_DIA	007_Acinetobacter_pittii_DSM9312_DIA500_4780_report.stats.tsv	007_Acinetobacter_pittii_DSM9312_DIA500_4780	Probe 1-96_500SPD_diaPASEF_diann_res	5466	Acinetobacter pittii	48296	UniProt	UP000271320	DSM 9312(T)	TG41884	4014	23.667164922770304
/Probe 1-96_500SPD_diaPASEF/BacLandscape_500SPD_diaPASEF_Acinetobacter_pittii_58_1-27-2024_4846.d	7959	1211	158148000.0	3741760449	33176896888	2.045	0.017	2.59287	1.2317	3.70942	1.92488	0	0	0.0147734	13.752	2.347	0.156	500SPD_DIA	008_Acinetobacter_pittii_DSM9318_DIA500_4846_report.stats.tsv	008_Acinetobacter_pittii_DSM9318_DIA500_4846	Probe 1-96_500SPD_diaPASEF_diann_res	7219	Acinetobacter pittii	48296	UniProt	UP000271320	DSM 9318	TG41884	4014	30.16940707523667
/Probe 1-96_500SPD_diaPASEF/BacLandscape_500SPD_diaPASEF_Aeromonas_hydrophila_subsp_hydrophila_33_1-27-2024_4796.d	9273	1282	164951000.0	3603794641	31748740776	1.965	0.016	2.60351	1.07038	3.72479	1.98971	0	0	0.015552	13.704	2.335	0.141	500SPD_DIA	011_Aeromonas_hydrophila_ssp_hydrophila_DSM30187_DIA500_4796_report.stats.tsv	011_Aeromonas_hydrophila_ssp_hydrophila_DSM30187_DIA500_4796	Probe 1-96_500SPD_diaPASEF_diann_res	8417	Aeromonas hydrophila_ssp_hydrophila	196023	UniProt	UP000000756	DSM 30187(T)	DSM 30187	4121	31.108954137345307
/Probe 1-96_500SPD_diaPASEF/BacLandscape_500SPD_diaPASEF_Aeromonas_hydrophila_subsp_ranae_23_1-27-2024_4776.d	7249	1088	105020000.0	3009542771	25741924232	1.99	0.017	2.72503	1.1516	3.90693	2.06386	0	0	0.0158374	13.547	2.317	0.127	500SPD_DIA	012_Aeromonas_hydrophila_ssp_ranae_DSM17695_DIA500_4776_report.stats.tsv	012_Aeromonas_hydrophila_ssp_ranae_DSM17695_DIA500_4776	Probe 1-96_500SPD_diaPASEF_diann_res	6626	Aeromonas hydrophila_ssp_ranae	208958	UniProt	UP000000756	DSM 17695(T)	DSM 30187	4121	26.40135889347246
/Probe 1-96_500SPD_diaPASEF/BacLandscape_500SPD_diaPASEF_Aeromonas_veronii_38_1-27-2024_4806.d	8183	1144	179377000.0	4554519560	44963711800	1.911	0.016	2.11797	1.21001	3.47407	1.80769	0	0	0.0150681	13.776	2.342	0.165	500SPD_DIA	013_Aeromonas_veronii_DSM7386_DIA500_4806_report.stats.tsv	013_Aeromonas_veronii_DSM7386_DIA500_4806	Probe 1-96_500SPD_diaPASEF_diann_res	7318	Aeromonas veronii	654	UniProt	UP000006087	DSM 7386	AMC34	4109	27.841323923095647
/Probe 1-96_500SPD_diaPASEF/BacLandscape_500SPD_diaPASEF_Alcaligenes_faecalis_subsp_faecalis_21_1-27-2024_4772.d	6707	1048	94710600.0	2665279279	22526705480	1.962	0.016	2.35178	1.15451	3.62925	2.15251	0	0	0.0141728	13.359	2.302	0.114	500SPD_DIA	021_Alcaligenes_faecalis_ssp_faecalis_DSM30030_DIA500_4772_report.stats.tsv	021_Alcaligenes_faecalis_ssp_faecalis_DSM30030_DIA500_4772	Probe 1-96_500SPD_diaPASEF_diann_res	6220	Alcaligenes faecalis_ssp_faecalis	32001	UniProt	UP000830925	DSM 30030(T)	D334	3770	27.798408488063657
/Probe 1-96_500SPD_diaPASEF/BacLandscape_500SPD_diaPASEF_Alcaligenes_faecalis_subsp_parafaecalis_43_1-27-2024_4816.d	5744	907	111040000.0	3066313552	26059049808	2.008	0.017	2.55323	1.08046	3.56792	1.88627	0	0	0.016312	13.305	2.293	0.132	500SPD_DIA	022_Alcaligenes_faecalis_ssp_parafaecalis_DSM13975_DIA500_4816_report.stats.tsv	022_Alcaligenes_faecalis_ssp_parafaecalis_DSM13975_DIA500_4816	Probe 1-96_500SPD_diaPASEF_diann_res	5248	Alcaligenes faecalis_ssp_parafaecalis	171260	UniProt	UP000830925	DSM 13975(T)	D334	3770	24.05835543766578
/Probe 1-96_500SPD_diaPASEF/BacLandscape_500SPD_diaPASEF_Bacteroides_fragilis__31_1-27-2024_4792.d	6666	942	96515300.0	2448586602	19390375472	2.032	0.017	2.67169	1.16642	3.9635	2.12305	0	0	0.0149453	12.946	2.277	0.148	500SPD_DIA	064_Bacteroides_fragilis_DSM2151_DIA500_4792_report.stats.tsv	064_Bacteroides_fragilis_DSM2151_DIA500_4792	Probe 1-96_500SPD_diaPASEF_diann_res	6214	Bacteroides fragilis	817	UniProt	UP000003917	DSM 2151	CL05T12C13	4409	21.365388977092312
/Probe 1-96_500SPD_diaPASEF/BacLandscape_500SPD_diaPASEF_Bordetella_pertussis_88_1-28-2024_4906.d	7254	1028	119755000.0	2751514413	22535292872	2.053	0.017	1.995	1.12504	3.30405	1.99254	0	0	0.0150629	13.776	2.334	0.162	500SPD_DIA	066_Bordetella_pertussis_DSM5571_DIA500_4906_report.stats.tsv	066_Bordetella_pertussis_DSM5571_DIA500_4906	Probe 1-96_500SPD_diaPASEF_diann_res	6655	Bordetella pertussis	520	UniProt	UP000002676	DSM 5571(T)	NCTC 13251	3258	31.553100061387358
/Probe 1-96_500SPD_diaPASEF/BacLandscape_500SPD_diaPASEF_Brevundimonas_diminuta_92_1-28-2024_4914.d	4924	856	73942300.0	2524564845	20264484120	2.082	0.017	2.16202	1.14139	3.63102	2.11381	0	0	0.0157053	13.685	2.326	0.154	500SPD_DIA	070_Brevundimonas_diminuta_DSM7234_DIA500_4914_report.stats.tsv	070_Brevundimonas_diminuta_DSM7234_DIA500_4914	Probe 1-96_500SPD_diaPASEF_diann_res	4592	Brevundimonas diminuta	293	UniProt	UP000195766	DSM 7234(T)	3F5N	3128	27.365728900255753
/Probe 1-96_500SPD_diaPASEF/BacLandscape_500SPD_diaPASEF_Brevundimonas_diminuta_87_1-28-2024_4904.d	5768	1054	98770700.0	2966443881	25043391962	2.076	0.017	1.95487	1.18165	3.17331	1.96602	0	0	0.0149793	13.474	2.307	0.141	500SPD_DIA	072_Brevundimonas_diminuta_DSM1635_DIA500_4904_report.stats.tsv	072_Brevundimonas_diminuta_DSM1635_DIA500_4904	Probe 1-96_500SPD_diaPASEF_diann_res	5341	Brevundimonas diminuta	293	UniProt	UP000195766	DSM 1635	3F5N	3128	33.69565217391305
/Probe 1-96_500SPD_diaPASEF/BacLandscape_500SPD_diaPASEF_Brevundimonas_vesicularis_90_1-28-2024_4910.d	8519	1301	159617000.0	3501275588	30642597144	2.071	0.017	1.82683	1.11519	3.35875	2.18849	0	0	0.0156126	14.03	2.316	0.155	500SPD_DIA	076_Brevundimonas_vesicularis_DSM7226_DIA500_4910_report.stats.tsv	076_Brevundimonas_vesicularis_DSM7226_DIA500_4910	Probe 1-96_500SPD_diaPASEF_diann_res	7895	Brevundimonas vesicularis	41276	UniProt	UP000197050	DSM 7226(T)	FDAARGOS_289	3269	39.7981033955338
/Probe 1-96_500SPD_diaPASEF/BacLandscape_500SPD_diaPASEF_Brevundimonas_vesicularis_94_1-28-2024_4918.d	6815	1037	101774000.0	2931790019	24294397168	2.031	0.017	1.82203	1.12347	3.34404	2.13139	0	0	0.0156164	13.841	2.325	0.159	500SPD_DIA	078_Brevundimonas_vesicularis_DSM108136_DIA500_4918_report.stats.tsv	078_Brevundimonas_vesicularis_DSM108136_DIA500_4918	Probe 1-96_500SPD_diaPASEF_diann_res	6273	Brevundimonas vesicularis	41276	UniProt	UP000197050	DSM 108136	FDAARGOS_289	3269	31.7222392168859
/Probe 1-96_500SPD_diaPASEF/BacLandscape_500SPD_diaPASEF_Klebsiella_quasipneumoniae_subsp_similipneumoniae_53_1-27-2024_4836.d	9147	1304	197283000.0	4235995645	39741469888	1.915	0.016	2.5908	1.10738	3.67453	1.87151	0	0	0.0155323	14.024	2.35	0.166	500SPD_DIA	098_Klebsiella_quasipneumoniae_ssp_similipneumoniae_DSM28212_DIA500_4836_report.stats.tsv	098_Klebsiella_quasipneumoniae_ssp_similipneumoniae_DSM28212_DIA500_4836	Probe 1-96_500SPD_diaPASEF_diann_res	8248	Klebsiella quasipneumoniae_ssp_similipneumoniae	1667327	UniProt	UP001058353	DSM 28212(T)	KAM644	5913	22.05310333164214
/Probe 1-96_500SPD_diaPASEF/BacLandscape_500SPD_diaPASEF_Stenotrophomonas_maltophilia___28_1-27-2024_4786.d	5441	951	84164800.0	2520400232	20903018834	2.055	0.017	2.75349	1.06747	4.12808	1.97193	0	0	0.0146443	13.154	2.278	0.125	500SPD_DIA	100_Stenotrophomonas_maltophilia_DSM50170_DIA500_4786_report.stats.tsv	100_Stenotrophomonas_maltophilia_DSM50170_DIA500_4786	Probe 1-96_500SPD_diaPASEF_diann_res	5071	Stenotrophomonas maltophilia	40324	UniProt	UP000001867	DSM 50170(T)	R551-3	4026	23.621460506706406
/Probe 1-96_500SPD_diaPASEF/BacLandscape_500SPD_diaPASEF_Klebsiella_quasipneumoniae_subsp_quasipneumoniae_59_1-27-2024_4848.d	9651	1436	231057000.0	4667717556	44292683552	1.983	0.017	2.42747	1.13031	3.38222	1.6194	0	0	0.0166601	14.106	2.343	0.17	500SPD_DIA	107_Klebsiella_quasipneumoniae_ssp_quasipneumoniae_DSM28211_DIA500_4848_report.stats.tsv	107_Klebsiella_quasipneumoniae_ssp_quasipneumoniae_DSM28211_DIA500_4848	Probe 1-96_500SPD_diaPASEF_diann_res	8668	Klebsiella quasipneumoniae_ssp_quasipneumoniae	1667327	UniProt	UP001058353	DSM 28211(T)	KAM644	5913	24.28547268729917
/Probe 1-96_500SPD_diaPASEF/BacLandscape_500SPD_diaPASEF_Enterococcus_faecium__8_1-27-2024_4746.d	4975	749	82043100.0	2264028621	18782328536	1.916	0.016	2.40347	1.14853	4.02672	2.05782	0	0	0.0151748	13.149	2.307	0.158	500SPD_DIA	111_Enterococcus_faecium_DSM20477_DIA500_4746_report.stats.tsv	111_Enterococcus_faecium_DSM20477_DIA500_4746	Probe 1-96_500SPD_diaPASEF_diann_res	4568	Enterococcus faecium	1352	UniProt	UP000010553	DSM 20477(T)	E1590	2877	26.034063260340634
/Probe 1-96_500SPD_diaPASEF/BacLandscape_500SPD_diaPASEF_Citrobacter_amalonaticus_35_1-27-2024_4800.d	4700	886	96258800.0	3471755763	31404437544	1.964	0.016	2.02416	1.1003	3.23903	1.7729	0	0	0.0150348	13.218	2.294	0.143	500SPD_DIA	116_Citrobacter_amalonaticus_DSM4593_DIA500_4800_report.stats.tsv	116_Citrobacter_amalonaticus_DSM4593_DIA500_4800	Probe 1-96_500SPD_diaPASEF_diann_res	4330	Citrobacter amalonaticus	35703	UniProt	UP000237003	DSM  4593(T)	S1285	5139	17.240708309009534
/Probe 1-96_500SPD_diaPASEF/BacLandscape_500SPD_diaPASEF_Citrobacter_amalonaticus_45_1-27-2024_4820.d	4133	791	73005800.0	2705207992	22449967824	2.006	0.017	2.28288	1.0741	3.66523	1.95021	0	0	0.014318	13.075	2.289	0.14	500SPD_DIA	117_Citrobacter_amalonaticus_DSM17342_DIA500_4820_report.stats.tsv	117_Citrobacter_amalonaticus_DSM17342_DIA500_4820	Probe 1-96_500SPD_diaPASEF_diann_res	3827	Citrobacter amalonaticus	35703	UniProt	UP000237003	DSM 17342	S1285	5139	15.392099630278263
/Probe 1-96_500SPD_diaPASEF/BacLandscape_500SPD_diaPASEF_Citrobacter_freundii_67_1-27-2024_4864.d	4620	870	112749000.0	3902069153	35703295656	2.003	0.017	2.06364	1.13402	3.39461	1.85716	0	0	0.0154915	13.353	2.314	0.156	500SPD_DIA	120_Citrobacter_freundii_DSM14984_DIA500_4864_report.stats.tsv	120_Citrobacter_freundii_DSM14984_DIA500_4864	Probe 1-96_500SPD_diaPASEF_diann_res	4188	Citrobacter freundii	546	UniProt	UP000001889	DSM 14984	ICC168	4792	18.15525876460768
/Probe 1-96_500SPD_diaPASEF/BacLandscape_500SPD_diaPASEF_Citrobacter_freundii_69_1-27-2024_4868.d	4469	789	104094000.0	3755370998	33953736984	1.987	0.017	2.15095	1.02817	3.52982	1.81114	0	0	0.015792	13.369	2.325	0.159	500SPD_DIA	123_Citrobacter_freundii_DSM24120_DIA500_4868_report.stats.tsv	123_Citrobacter_freundii_DSM24120_DIA500_4868	Probe 1-96_500SPD_diaPASEF_diann_res	4035	Citrobacter freundii	546	UniProt	UP000001889	DSM 24120	ICC168	4792	16.46494156928214
/Probe 1-96_500SPD_diaPASEF/BacLandscape_500SPD_diaPASEF_Citrobacter_koseri_80_1-28-2024_4890.d	7974	1201	145584000.0	3302167097	28708036696	1.987	0.017	2.55944	1.03899	3.70004	2.00953	0	0	0.0157484	13.702	2.337	0.161	500SPD_DIA	126_Citrobacter_koseri_DSM4570_DIA500_4890_report.stats.tsv	126_Citrobacter_koseri_DSM4570_DIA500_4890	Probe 1-96_500SPD_diaPASEF_diann_res	7237	Citrobacter koseri	545	UniProt	UP000008148	DSM 4570	ATCC BAA-895	5019	23.929069535764096
/Probe 1-96_500SPD_diaPASEF/BacLandscape_500SPD_diaPASEF_Citrobacter_koseri_64_1-27-2024_4858.d	7854	1158	137983000.0	3203675249	28011464008	1.915	0.016	2.59978	1.07857	3.74295	1.98835	0	0	0.01642	13.848	2.337	0.155	500SPD_DIA	129_Citrobacter_koseri_DSM4596_DIA500_4858_report.stats.tsv	129_Citrobacter_koseri_DSM4596_DIA500_4858	Probe 1-96_500SPD_diaPASEF_diann_res	7167	Citrobacter koseri	545	UniProt	UP000008148	DSM 4596	ATCC BAA-895	5019	23.072325164375375
/Probe 1-96_500SPD_diaPASEF/BacLandscape_500SPD_diaPASEF_Escherichia_coli__5_1-27-2024_4740.d	6758	1017	112063000.0	2658170870	22495048176	2.016	0.017	2.64659	1.06373	3.9669	2.15056	0	0	0.0146654	13.369	2.304	0.13	500SPD_DIA	130_Escherichia_coli_DSM30083_DIA500_4740_report.stats.tsv	130_Escherichia_coli_DSM30083_DIA500_4740	Probe 1-96_500SPD_diaPASEF_diann_res	6214	Escherichia coli	562	UniProt	UP000008205	DSM 30083(T)	E2348/69 / EPEC	4594	22.13757074444928
/Probe 1-96_500SPD_diaPASEF/BacLandscape_500SPD_diaPASEF_Corynebacterium_diphtheriae_66_1-27-2024_4862.d	6651	918	104270000.0	2578647733	21519332128	2.02	0.017	2.5155	1.06414	4.02037	2.18451	0	0	0.0161581	14.012	2.365	0.145	500SPD_DIA	132_Corynebacterium_diphtheriae_DSM43988_DIA500_4862_report.stats.tsv	132_Corynebacterium_diphtheriae_DSM43988_DIA500_4862	Probe 1-96_500SPD_diaPASEF_diann_res	6023	Corynebacterium diphtheriae	1717	UniProt	UP000002198	DSM 43988	ATCC 700971	2265	40.52980132450331
/Probe 1-96_500SPD_diaPASEF/BacLandscape_500SPD_diaPASEF_Haemophilus_influenzae__56_1-27-2024_4842.d	6074	820	125623000.0	2865671792	24164963192	1.987	0.017	2.46406	1.12956	3.57491	1.91417	0	0	0.0156683	13.313	2.324	0.189	500SPD_DIA	133_Haemophilus_influenzae_DSM4690_DIA500_4842_report.stats.tsv	133_Haemophilus_influenzae_DSM4690_DIA500_4842	Probe 1-96_500SPD_diaPASEF_diann_res	5482	Haemophilus influenzae	727	UniProt	UP000000579	DSM 4690(T)	ATCC 51907	1704	48.12206572769953
/Probe 1-96_500SPD_diaPASEF/BacLandscape_500SPD_diaPASEF_Haemophilus_influenzae__95_1-28-2024_4920.d	4666	621	101234000.0	2896305147	23826866000	2.021	0.017	1.7962	1.06456	2.96522	1.90262	0	0	0.0164031	13.283	2.31	0.17	500SPD_DIA	135_Haemophilus_influenzae_DSM10000_DIA500_4920_report.stats.tsv	135_Haemophilus_influenzae_DSM10000_DIA500_4920	Probe 1-96_500SPD_diaPASEF_diann_res	4252	Haemophilus influenzae	727	UniProt	UP000000579	DSM 10000	ATCC 51907	1704	36.443661971830984
/Probe 1-96_500SPD_diaPASEF/BacLandscape_500SPD_diaPASEF_Corynebacterium_diphtheriae_subsp_diphtheriae_32_1-27-2024_4794.d	6032	891	105269000.0	2613266192	22162790448	2.023	0.017	2.63233	1.02985	3.91649	2.1242	0	0	0.0149816	13.75	2.343	0.138	500SPD_DIA	138_Corynebacterium_diphtheriae_ssp_diphtheriae_DSM44123_DIA500_4794_report.stats.tsv	138_Corynebacterium_diphtheriae_ssp_diphtheriae_DSM44123_DIA500_4794	Probe 1-96_500SPD_diaPASEF_diann_res	5486	Corynebacterium diphtheriae_ssp_diphtheriae	2315257	UniProt	UP000002198	DSM 44123(T)	ATCC 700971	2265	39.33774834437086
/Probe 1-96_500SPD_diaPASEF/BacLandscape_500SPD_diaPASEF_Haemophilus_influenzae__91_1-28-2024_4912.d	5664	747	108926000.0	2800624805	22840471744	1.924	0.016	2.04787	0.986863	3.27119	1.87913	0	0	0.0161489	13.441	2.33	0.173	500SPD_DIA	139_Haemophilus_influenzae_DSM10001_DIA500_4912_report.stats.tsv	139_Haemophilus_influenzae_DSM10001_DIA500_4912	Probe 1-96_500SPD_diaPASEF_diann_res	5128	Haemophilus influenzae	727	UniProt	UP000000579	DSM 10001	ATCC 51907	1704	43.83802816901409
/Probe 1-96_500SPD_diaPASEF/BacLandscape_500SPD_diaPASEF_Corynebacterium_pseudotuberculosis__39_1-27-2024_4808.d	7721	1079	124896000.0	3215187226	28247020048	1.853	0.015	2.69817	1.0767	4.01499	2.10327	0	0	0.0146826	13.946	2.349	0.139	500SPD_DIA	141_Corynebacterium_pseudotuberculosis_DSM20689_DIA500_4808_report.stats.tsv	141_Corynebacterium_pseudotuberculosis_DSM20689_DIA500_4808	Probe 1-96_500SPD_diaPASEF_diann_res	7038	Corynebacterium pseudotuberculosis	1719	UniProt	UP000000276	DSM 20689(T)	C231	2001	53.92303848075962
/Probe 1-96_500SPD_diaPASEF/BacLandscape_500SPD_diaPASEF_Klebsiella_aerogenes__42_1-27-2024_4814.d	9450	1404	166287000.0	3676529871	33349064176	1.975	0.017	2.38423	1.12308	3.72441	1.914	0	0	0.0148837	13.986	2.345	0.164	500SPD_DIA	142_Klebsiella_aerogenes_DSM30053_DIA500_4814_report.stats.tsv	142_Klebsiella_aerogenes_DSM30053_DIA500_4814	Probe 1-96_500SPD_diaPASEF_diann_res	8612	Klebsiella aerogenes	548	UniProt	UP000008881	DSM 30053(T)	DSM 30053	4909	28.600529639437767
/Probe 1-96_500SPD_diaPASEF/BacLandscape_500SPD_diaPASEF_Corynebacterium_pseudotuberculosis__89_1-28-2024_4908.d	7189	982	95876000.0	2648798420	21696626166	1.943	0.016	2.31593	1.10505	3.42176	1.97664	0	0	0.013793	13.805	2.357	0.145	500SPD_DIA	144_Corynebacterium_pseudotuberculosis_DSM7177_DIA500_4908_report.stats.tsv	144_Corynebacterium_pseudotuberculosis_DSM7177_DIA500_4908	Probe 1-96_500SPD_diaPASEF_diann_res	6555	Corynebacterium pseudotuberculosis	1719	UniProt	UP000000276	DSM 7177	C231	2001	49.075462268865564
/Probe 1-96_500SPD_diaPASEF/BacLandscape_500SPD_diaPASEF_Corynebacterium_pseudotuberculosis__86_1-28-2024_4902.d	7320	1027	108361000.0	2772093077	22905538600	1.886	0.016	2.12366	1.10497	3.43702	2.03476	0	0	0.0148911	13.83	2.357	0.146	500SPD_DIA	147_Corynebacterium_pseudotuberculosis_DSM7178_DIA500_4902_report.stats.tsv	147_Corynebacterium_pseudotuberculosis_DSM7178_DIA500_4902	Probe 1-96_500SPD_diaPASEF_diann_res	6619	Corynebacterium pseudotuberculosis	1719	UniProt	UP000000276	DSM 7178	C231	2001	51.324337831084456
/Probe 1-96_500SPD_diaPASEF/BacLandscape_500SPD_diaPASEF_Corynebacterium_ulcerans___36_1-27-2024_4802.d	7372	1024	120746000.0	2831928446	24030032800	1.989	0.017	2.44175	1.09573	3.73033	2.23848	0	0	0.0159612	13.789	2.341	0.145	500SPD_DIA	150_Corynebacterium_ulcerans_DSM46325_DIA500_4802_report.stats.tsv	150_Corynebacterium_ulcerans_DSM46325_DIA500_4802	Probe 1-96_500SPD_diaPASEF_diann_res	6709	Corynebacterium ulcerans	65058	UniProt	UP000008886	DSM 46325(T)	809	2180	46.972477064220186
/Probe 1-96_500SPD_diaPASEF/BacLandscape_500SPD_diaPASEF_Enterobacter_cloacae_subsp_cloacae_3_1-27-2024_4736.d	6817	1130	101084000.0	2486593044	21501837384	2.0	0.017	2.59776	1.08478	3.89574	1.96777	0	0	0.014596	13.506	2.311	0.126	500SPD_DIA	153_Enterobacter_cloacae_ssp_cloacae_DSM30054_DIA500_4736_report.stats.tsv	153_Enterobacter_cloacae_ssp_cloacae_DSM30054_DIA500_4736	Probe 1-96_500SPD_diaPASEF_diann_res	6347	Enterobacter cloacae_ssp_cloacae	336306	UniProt	UP000053081	DSM 30054(T)	SMART_1094	5177	21.827313115704076
/Probe 1-96_500SPD_diaPASEF/BacLandscape_500SPD_diaPASEF_Enterobacter_hormaechei_subsp_hoffmannii_13_1-27-2024_4756.d	8268	1201	173040000.0	3796275928	35671135696	1.974	0.017	2.41262	1.19696	3.5968	2.0326	0	0	0.0165729	13.812	2.348	0.163	500SPD_DIA	159_Enterobacter_hormaechei_ssp_hoffmannii_DSM14563_DIA500_4756_report.stats.tsv	159_Enterobacter_hormaechei_ssp_hoffmannii_DSM14563_DIA500_4756	Probe 1-96_500SPD_diaPASEF_diann_res	7500	Enterobacter hormaechei_ssp_hoffmannii	1812934	UniProt	UP000742934	DSM 14563(T)	90086	4641	25.878043525102353
/Probe 1-96_500SPD_diaPASEF/BacLandscape_500SPD_diaPASEF_Enterobacter_hormaechei_subsp_hormaechei_12_1-27-2024_4754.d	7891	1208	123955000.0	2862581665	24898242952	1.995	0.017	2.65822	1.11769	3.65202	2.06962	0	0	0.0150379	13.494	2.311	0.145	500SPD_DIA	162_Enterobacter_hormaechei_ssp_hormaechei_DSM12409_DIA500_4754_report.stats.tsv	162_Enterobacter_hormaechei_ssp_hormaechei_DSM12409_DIA500_4754	Probe 1-96_500SPD_diaPASEF_diann_res	7258	Enterobacter hormaechei_ssp_hormaechei	301105	UniProt	UP000002984	DSM 12409(T)	ATCC 49162	4670	25.867237687366167
/Probe 1-96_500SPD_diaPASEF/BacLandscape_500SPD_diaPASEF_Klebsiella_pneumoniae_subsp_pneumonia_57_1-27-2024_4844.d	9015	1332	170919000.0	3608245589	32132498072	1.996	0.017	2.82015	1.15702	4.01375	1.97481	0	0	0.0155824	14.064	2.356	0.167	500SPD_DIA	163_Klebsiella_pneumoniae_ssp_pneumonia_DSM30104_DIA500_4844_report.stats.tsv	163_Klebsiella_pneumoniae_ssp_pneumonia_DSM30104_DIA500_4844	Probe 1-96_500SPD_diaPASEF_diann_res	8151	Klebsiella pneumoniae_ssp_pneumonia	72407	UniProt	UP000007841	DSM 30104(T)	HS11286	5728	23.25418994413408
/Probe 1-96_500SPD_diaPASEF/BacLandscape_500SPD_diaPASEF_Enterobacter_hormaechei_subsp_steigerwaltii_10_1-27-2024_4750.d	8060	1183	170317000.0	3876637567	36920405920	1.962	0.016	2.60965	1.13407	3.72446	1.98031	0	0	0.0146825	13.762	2.333	0.158	500SPD_DIA	165_Enterobacter_hormaechei_ssp_steigerwaltii_DSM16691_DIA500_4750_report.stats.tsv	165_Enterobacter_hormaechei_ssp_steigerwaltii_DSM16691_DIA500_4750	Probe 1-96_500SPD_diaPASEF_diann_res	7327	Enterobacter hormaechei_ssp_steigerwaltii	299766	UniProt	UP001182277	DSM 16691(T)	PEER 323	5338	22.16185837392282
/Probe 1-96_500SPD_diaPASEF/BacLandscape_500SPD_diaPASEF_Leclercia_adecarboxylata___41_1-27-2024_4812.d	7268	1143	126739000.0	2761610096	22922534450	1.986	0.017	2.5455	1.02248	3.78076	1.93037	0	0	0.0152475	13.443	2.317	0.15	500SPD_DIA	173_Leclercia_adecarboxylata_DSM5077_DIA500_4812_report.stats.tsv	173_Leclercia_adecarboxylata_DSM5077_DIA500_4812	Probe 1-96_500SPD_diaPASEF_diann_res	6703	Leclercia adecarboxylata	83655	UniProt	UP001149314	DSM 5077(T)	Lac40	5281	21.643628100738496
/Probe 1-96_500SPD_diaPASEF/BacLandscape_500SPD_diaPASEF_Legionella_pneumophila_subsp_fraseri_65_1-27-2024_4860.d	5615	962	97198700.0	2625169073	20804372896	2.052	0.017	2.80865	1.09536	4.10465	2.00015	0	0	0.0154335	12.977	2.314	0.144	500SPD_DIA	174_Legionella_pneumophila_ssp_fraseri_DSM7514_DIA500_4860_report.stats.tsv	174_Legionella_pneumophila_ssp_fraseri_DSM7514_DIA500_4860	Probe 1-96_500SPD_diaPASEF_diann_res	5156	Legionella pneumophila_ssp_fraseri	91892	UniProt	UP000254631	DSM 7514(T)	NCTC12000	3072	31.315104166666668
/Probe 1-96_500SPD_diaPASEF/BacLandscape_500SPD_diaPASEF_Legionella_pneumophila_subsp_pascullei_79_1-28-2024_4888.d	8219	1155	115518000.0	2664747470	21065500152	1.964	0.016	2.47689	1.13641	3.61431	2.20951	0	0	0.0165268	13.431	2.339	0.15	500SPD_DIA	180_Legionella_pneumophila_ssp_pascullei_DSM7515_DIA500_4888_report.stats.tsv	180_Legionella_pneumophila_ssp_pascullei_DSM7515_DIA500_4888	Probe 1-96_500SPD_diaPASEF_diann_res	7498	Legionella pneumophila_ssp_pascullei	91890	UniProt	UP000249566	DSM 7515(T)	NCTC12272	3056	37.794502617801044
/Probe 1-96_500SPD_diaPASEF/BacLandscape_500SPD_diaPASEF_Legionella_pneumophila_subsp_pneumophila_68_1-27-2024_4866.d	8757	1200	125585000.0	2814414010	22821064646	1.992	0.017	2.06796	1.13176	3.52274	2.25559	0	0	0.0157342	13.447	2.343	0.155	500SPD_DIA	184_Legionella_pneumophila_ssp_pneumophila_DSM7513_DIA500_4866_report.stats.tsv	184_Legionella_pneumophila_ssp_pneumophila_DSM7513_DIA500_4866	Probe 1-96_500SPD_diaPASEF_diann_res	8022	Legionella pneumophila_ssp_pneumophila	91891	UniProt	UP000000609	DSM 7513(T)	DSM 7513	2930	40.955631399317404
/Probe 1-96_500SPD_diaPASEF/BacLandscape_500SPD_diaPASEF_Leuconostoc_pseudomesenteroides__96_1-28-2024_4922.d	4873	745	79798700.0	2203161083	17124750206	1.941	0.016	2.04102	1.1076	3.30292	2.22048	0	0	0.0148677	13.48	2.304	0.15	500SPD_DIA	200_Leuconostoc_pseudomesenteroides_DSM20193_DIA500_4922_report.stats.tsv	200_Leuconostoc_pseudomesenteroides_DSM20193_DIA500_4922	Probe 1-96_500SPD_diaPASEF_diann_res	4472	Leuconostoc pseudomesenteroides	33968	UniProt	UP000321296	DSM 20193(T)	CBA3630	2115	35.22458628841608
/Probe 1-96_500SPD_diaPASEF/BacLandscape_500SPD_diaPASEF_Micrococcus_luteus__4_1-27-2024_4738.d	5062	827	33759000.0	1093504272	8703355944	1.981	0.017	2.57336	1.13416	4.30541	2.65345	0	0	0.0148199	13.861	2.341	0.136	500SPD_DIA	210_Micrococcus_luteus_DSM20030_DIA500_4738_report.stats.tsv	210_Micrococcus_luteus_DSM20030_DIA500_4738	Probe 1-96_500SPD_diaPASEF_diann_res	4734	Micrococcus luteus	1270	UniProt	UP000000738	DSM 20030(T)	ATCC 4698/DSM 20030	2207	37.47168101495242
/Probe 1-96_500SPD_diaPASEF/BacLandscape_500SPD_diaPASEF_Micrococcus_luteus__85_1-28-2024_4900.d	5815	871	100215000.0	2729187189	23282691704	2.053	0.017	1.79753	1.15198	3.10545	2.06434	0	0	0.0155937	13.836	2.348	0.134	500SPD_DIA	212_Micrococcus_luteus_DSM14234_DIA500_4900_report.stats.tsv	212_Micrococcus_luteus_DSM14234_DIA500_4900	Probe 1-96_500SPD_diaPASEF_diann_res	5323	Micrococcus luteus	1270	UniProt	UP000000738	DSM 14234	ATCC 4698/DSM 20030	2207	39.46533756230177
/Probe 1-96_500SPD_diaPASEF/BacLandscape_500SPD_diaPASEF_Moraxella_catarrhalis__50_1-27-2024_4830.d	7589	879	161450000.0	3601270638	32857172504	1.905	0.016	2.50261	1.08932	3.68263	1.99946	0	0	0.0156483	13.889	2.378	0.16	500SPD_DIA	214_Moraxella_catarrhalis_DSM9143_DIA500_4830_report.stats.tsv	214_Moraxella_catarrhalis_DSM9143_DIA500_4830	Probe 1-96_500SPD_diaPASEF_diann_res	6765	Moraxella catarrhalis	480	UniProt	UP000280228	DSM 9143(T)	46P58B1	2116	41.540642722117205
/Probe 1-96_500SPD_diaPASEF/BacLandscape_500SPD_diaPASEF_Moraxella_catarrhalis__48_1-27-2024_4826.d	7040	855	137722000.0	3386062989	30093731752	1.961	0.016	2.03971	1.20474	3.40159	1.97151	0	0	0.0155612	13.777	2.367	0.17	500SPD_DIA	216_Moraxella_catarrhalis_DSM11994_DIA500_4826_report.stats.tsv	216_Moraxella_catarrhalis_DSM11994_DIA500_4826	Probe 1-96_500SPD_diaPASEF_diann_res	6270	Moraxella catarrhalis	480	UniProt	UP000280228	DSM 11994	46P58B1	2116	40.406427221172024
/Probe 1-96_500SPD_diaPASEF/BacLandscape_500SPD_diaPASEF_Morganella_morganii_subsp_morganii_47_1-27-2024_4824.d	7465	1071	128434000.0	2991959462	25430846744	2.039	0.017	2.55809	1.0922	3.90508	1.95544	0	0	0.0146208	13.529	2.325	0.154	500SPD_DIA	218_Morganella_morganii_ssp_morganii_DSM30164_DIA500_4824_report.stats.tsv	218_Morganella_morganii_ssp_morganii_DSM30164_DIA500_4824	Probe 1-96_500SPD_diaPASEF_diann_res	6799	Morganella morganii_ssp_morganii	180434	UniProt	UP000011834	DSM 30164(T)	KT	3510	30.512820512820515
/Probe 1-96_500SPD_diaPASEF/BacLandscape_500SPD_diaPASEF_Morganella_morganii_subsp_morganii_46_1-27-2024_4822.d	7801	1125	135117000.0	3096233642	26502198616	2.012	0.017	2.29716	1.14404	3.5482	1.98337	0	0	0.0143788	13.71	2.339	0.162	500SPD_DIA	220_Morganella_morganii_ssp_morganii_DSM30117_DIA500_4822_report.stats.tsv	220_Morganella_morganii_ssp_morganii_DSM30117_DIA500_4822	Probe 1-96_500SPD_diaPASEF_diann_res	7063	Morganella morganii_ssp_morganii	180434	UniProt	UP000011834	DSM 30117	KT	3510	32.05128205128205
/Probe 1-96_500SPD_diaPASEF/BacLandscape_500SPD_diaPASEF_Morganella_morganii_subsp_sibonii_55_1-27-2024_4840.d	6610	1021	130328000.0	3310220913	29344535052	1.948	0.016	2.58798	1.11395	3.64193	1.89502	0	0	0.0140979	13.544	2.335	0.16	500SPD_DIA	222_Morganella_morganii_ssp_sibonii_DSM14850_DIA500_4840_report.stats.tsv	222_Morganella_morganii_ssp_sibonii_DSM14850_DIA500_4840	Probe 1-96_500SPD_diaPASEF_diann_res	5991	Morganella morganii_ssp_sibonii	180435	UniProt	UP000011834	DSM 14850(T)	KT	3510	29.088319088319086
/Probe 1-96_500SPD_diaPASEF/BacLandscape_500SPD_diaPASEF_Morganella_morganii_subsp_sibonii_44_1-27-2024_4818.d	6520	1021	115299000.0	2779822537	22910105182	2.032	0.017	2.24024	1.06886	3.53183	1.98285	0	0	0.0140149	13.458	2.304	0.144	500SPD_DIA	224_Morganella_morganii_ssp_sibonii_DSM6675_DIA500_4818_report.stats.tsv	224_Morganella_morganii_ssp_sibonii_DSM6675_DIA500_4818	Probe 1-96_500SPD_diaPASEF_diann_res	5963	Morganella morganii_ssp_sibonii	180435	UniProt	UP000011834	DSM 6675	KT	3510	29.088319088319086
/Probe 1-96_500SPD_diaPASEF/BacLandscape_500SPD_diaPASEF_Neisseria_gonorrhoeae__52_1-27-2024_4834.d	6225	832	125399000.0	3471306186	30823705712	1.991	0.017	2.72207	1.1096	4.14542	1.90452	0	0	0.0160846	13.441	2.294	0.16	500SPD_DIA	225_Neisseria_gonorrhoeae_DSM9188_DIA500_4834_report.stats.tsv	225_Neisseria_gonorrhoeae_DSM9188_DIA500_4834	Probe 1-96_500SPD_diaPASEF_diann_res	5698	Neisseria gonorrhoeae	485	UniProt	UP000000535	DSM 9188(T)	ATCC 700825	2106	39.50617283950617
/Probe 1-96_500SPD_diaPASEF/BacLandscape_500SPD_diaPASEF_Neisseria_gonorrhoeae__51_1-27-2024_4832.d	6237	840	119270000.0	3110618787	26891234750	2.015	0.017	2.80959	1.02406	4.20385	2.06184	0	0	0.0153287	13.374	2.313	0.167	500SPD_DIA	226_Neisseria_gonorrhoeae_DSM9189_DIA500_4832_report.stats.tsv	226_Neisseria_gonorrhoeae_DSM9189_DIA500_4832	Probe 1-96_500SPD_diaPASEF_diann_res	5685	Neisseria gonorrhoeae	485	UniProt	UP000000535	DSM 9189	ATCC 700825	2106	39.88603988603989
/Probe 1-96_500SPD_diaPASEF/BacLandscape_500SPD_diaPASEF_Neisseria_meningitidis__49_1-27-2024_4828.d	5589	805	115787000.0	3039767899	25923781406	1.983	0.017	2.24187	1.07651	3.53648	1.82689	0	0	0.0171363	13.061	2.28	0.16	500SPD_DIA	227_Neisseria_meningitidis_DSM10036_DIA500_4828_report.stats.tsv	227_Neisseria_meningitidis_DSM10036_DIA500_4828	Probe 1-96_500SPD_diaPASEF_diann_res	5153	Neisseria meningitidis	487	UniProt	UP000000425	DSM 10036(T)	MC58	2001	40.229885057471265
/Probe 1-96_500SPD_diaPASEF/BacLandscape_500SPD_diaPASEF_Pantoea_agglomerans__54_1-27-2024_4838.d	8336	1361	154540000.0	3380198686	30055107408	2.034	0.017	2.69529	1.11002	3.89206	1.93338	0	0	0.0157873	13.744	2.328	0.147	500SPD_DIA	228_Pantoea_agglomerans_DSM3493_DIA500_4838_report.stats.tsv	228_Pantoea_agglomerans_DSM3493_DIA500_4838	Probe 1-96_500SPD_diaPASEF_diann_res	7626	Pantoea agglomerans	549	UniProt	UP001158961	DSM 3493(T)	DAPP-PG734	4972	27.37329042638777
/Probe 1-96_500SPD_diaPASEF/BacLandscape_500SPD_diaPASEF_Pantoea_agglomerans__60_1-27-2024_4850.d	7632	1260	151033000.0	3664653948	33204367216	2.012	0.017	2.38458	1.11013	3.51909	1.85559	0	0	0.0153199	13.818	2.33	0.152	500SPD_DIA	229_Pantoea_agglomerans_DSM1619_DIA500_4850_report.stats.tsv	229_Pantoea_agglomerans_DSM1619_DIA500_4850	Probe 1-96_500SPD_diaPASEF_diann_res	7002	Pantoea agglomerans	549	UniProt	UP001158961	DSM 1619	DAPP-PG734	4972	25.341914722445697
/Probe 1-96_500SPD_diaPASEF/BacLandscape_500SPD_diaPASEF_Paracoccus_yeei__83_1-28-2024_4896.d	9440	1451	182843000.0	3891667188	35756616504	2.013	0.017	2.27413	1.15555	3.50674	1.84896	0	0	0.0162421	14.047	2.339	0.16	500SPD_DIA	230_Paracoccus_yeei_DSM30768_DIA500_4896_report.stats.tsv	230_Paracoccus_yeei_DSM30768_DIA500_4896	Probe 1-96_500SPD_diaPASEF_diann_res	8634	Paracoccus yeei	147645	UniProt	UP000191257	DSM 30768	FDAARGOS_252	4275	33.941520467836256
/Probe 1-96_500SPD_diaPASEF/BacLandscape_500SPD_diaPASEF_Proteus_mirabilis__71_1-28-2024_4872.d	7503	1071	137269000.0	3110286092	26777145448	1.925	0.016	2.54794	1.10872	3.58309	1.9141	0	0	0.0152701	13.795	2.35	0.165	500SPD_DIA	232_Proteus_mirabilis_DSM4479_DIA500_4872_report.stats.tsv	232_Proteus_mirabilis_DSM4479_DIA500_4872	Probe 1-96_500SPD_diaPASEF_diann_res	6814	Proteus mirabilis	584	UniProt	UP000008319	DSM 4479(T)	HI4320	3661	29.254302103250478
/Probe 1-96_500SPD_diaPASEF/BacLandscape_500SPD_diaPASEF_Proteus_mirabilis__76_1-28-2024_4882.d	7924	1129	172463000.0	3857842033	34802732616	1.937	0.016	2.12434	1.12098	3.42134	1.82247	0	0	0.0155652	13.849	2.344	0.166	500SPD_DIA	233_Proteus_mirabilis_DSM788_DIA500_4882_report.stats.tsv	233_Proteus_mirabilis_DSM788_DIA500_4882	Probe 1-96_500SPD_diaPASEF_diann_res	7114	Proteus mirabilis	584	UniProt	UP000008319	DSM 788	HI4320	3661	30.8385686970773
/Probe 1-96_500SPD_diaPASEF/BacLandscape_500SPD_diaPASEF_Proteus_vulgaris___63_1-27-2024_4856.d	7741	1115	123988000.0	2841868628	23725072152	1.896	0.016	2.67236	1.08111	3.95468	2.09236	0	0	0.0153668	13.628	2.339	0.161	500SPD_DIA	246_Proteus_vulgaris_DSM13387_DIA500_4856_report.stats.tsv	246_Proteus_vulgaris_DSM13387_DIA500_4856	Probe 1-96_500SPD_diaPASEF_diann_res	7045	Proteus vulgaris	585	UniProt	UP000254331	DSM 13387(T)	NCTC10376	3963	28.13525107241988
/Probe 1-96_500SPD_diaPASEF/BacLandscape_500SPD_diaPASEF_Proteus_vulgaris___62_1-27-2024_4854.d	8005	1108	145122000.0	3040493690	25835904152	1.993	0.017	2.54068	1.12638	3.77073	2.02225	0	0	0.0156655	13.801	2.351	0.159	500SPD_DIA	247_Proteus_vulgaris_DSM2140_DIA500_4854_report.stats.tsv	247_Proteus_vulgaris_DSM2140_DIA500_4854	Probe 1-96_500SPD_diaPASEF_diann_res	7242	Proteus vulgaris	585	UniProt	UP000254331	DSM 2140	NCTC10376	3963	27.95861720918496
/Probe 1-96_500SPD_diaPASEF/BacLandscape_500SPD_diaPASEF_Streptococcus_agalactiae_16_1-27-2024_4762.d	5817	759	124046000.0	3160828497	27504444192	2.009	0.017	2.4381	1.16716	3.8431	2.00159	0	0	0.0144217	13.514	2.328	0.22	500SPD_DIA	249_Streptococcus_agalactiae_DSM6784_DIA500_4762_report.stats.tsv	249_Streptococcus_agalactiae_DSM6784_DIA500_4762	Probe 1-96_500SPD_diaPASEF_diann_res	5226	Streptococcus agalactiae	1311	UniProt	UP000000821	DSM 6784	ATCC BAA-611	2105	36.05700712589074
/Probe 1-96_500SPD_diaPASEF/BacLandscape_500SPD_diaPASEF_Providencia_rettgeri_34_1-27-2024_4798.d	6025	1011	101504000.0	2864843853	24104087968	1.919	0.016	2.20489	1.0939	3.40441	2.02723	0	0	0.0138883	13.186	2.294	0.142	500SPD_DIA	250_Providencia_rettgeri_DSM4542_DIA500_4798_report.stats.tsv	250_Providencia_rettgeri_DSM4542_DIA500_4798	Probe 1-96_500SPD_diaPASEF_diann_res	5573	Providencia rettgeri	587	UniProt	UP001155882	DSM 4542(T)	2021EL-01139	4250	23.788235294117648
/Probe 1-96_500SPD_diaPASEF/BacLandscape_500SPD_diaPASEF_Streptococcus_dysgalactiae_subsp_dysgalactiae_9_1-27-2024_4748.d	4998	661	74868000.0	2138980263	17311356352	1.835	0.015	2.42952	1.05823	3.78591	2.07394	0	0	0.0145137	13.258	2.306	0.157	500SPD_DIA	251_Streptococcus_dysgalactiae_ssp_dysgalactiae_DSM20662_DIA500_4748_report.stats.tsv	251_Streptococcus_dysgalactiae_ssp_dysgalactiae_DSM20662_DIA500_4748	Probe 1-96_500SPD_diaPASEF_diann_res	4612	Streptococcus dysgalactiae_ssp_dysgalactiae	99822	UniProt	UP000254797	DSM 20662(T)	NCTC4670	2191	30.168872660885445
/Probe 1-96_500SPD_diaPASEF/BacLandscape_500SPD_diaPASEF_Providencia_rettgeri_73_1-28-2024_4876.d	7679	1176	137816000.0	3227854907	27838875120	2.054	0.017	2.85191	1.06337	3.99573	2.09611	0	0	0.0141339	13.705	2.325	0.165	500SPD_DIA	252_Providencia_rettgeri_DSM1131_DIA500_4876_report.stats.tsv	252_Providencia_rettgeri_DSM1131_DIA500_4876	Probe 1-96_500SPD_diaPASEF_diann_res	7028	Providencia rettgeri	587	UniProt	UP001155882	DSM 1131(T)	2021EL-01139	4250	27.67058823529412
/Probe 1-96_500SPD_diaPASEF/BacLandscape_500SPD_diaPASEF_Streptococcus_dysgalactiae_subsp_equisimilis_7_1-27-2024_4744.d	5514	733	92029500.0	2296881710	18982406464	1.954	0.016	2.28831	0.980315	3.69919	2.106	0	0	0.0157405	13.488	2.321	0.151	500SPD_DIA	253_Streptococcus_dysgalactiae_ssp_equisimilis_DSM6176_DIA500_4744_report.stats.tsv	253_Streptococcus_dysgalactiae_ssp_equisimilis_DSM6176_DIA500_4744	Probe 1-96_500SPD_diaPASEF_diann_res	5043	Streptococcus dysgalactiae_ssp_equisimilis	119602	UniProt	UP000009215	DSM 6176	AC-2713	2195	33.39407744874715
/Probe 1-96_500SPD_diaPASEF/BacLandscape_500SPD_diaPASEF_Providencia_stuartii_24_1-27-2024_4778.d	7421	1096	134865000.0	3033956370	26068992496	2.049	0.017	2.74535	1.13757	3.74295	1.94213	0	0	0.0156862	13.527	2.312	0.137	500SPD_DIA	254_Providencia_stuartii_DSM4539_DIA500_4778_report.stats.tsv	254_Providencia_stuartii_DSM4539_DIA500_4778	Probe 1-96_500SPD_diaPASEF_diann_res	6802	Providencia stuartii	588	UniProt	UP000005012	DSM 4539(T)	MRSN 2154	4220	25.971563981042657
/Probe 1-96_500SPD_diaPASEF/BacLandscape_500SPD_diaPASEF_Streptococcus_dysgalactiae_subsp_equisimilis_11_1-27-2024_4752.d	6504	829	148489000.0	3459360681	30840155360	1.955	0.016	2.55061	1.21427	3.54514	2.07213	0	0	0.0151584	13.685	2.332	0.179	500SPD_DIA	255_Streptococcus_dysgalactiae_ssp_equisimilis_DSM23147_DIA500_4752_report.stats.tsv	255_Streptococcus_dysgalactiae_ssp_equisimilis_DSM23147_DIA500_4752	Probe 1-96_500SPD_diaPASEF_diann_res	5827	Streptococcus dysgalactiae_ssp_equisimilis	119602	UniProt	UP000009215	DSM 23147(T)	AC-2713	2195	37.76765375854214
/Probe 1-96_500SPD_diaPASEF/BacLandscape_500SPD_diaPASEF_Providencia_stuartii_74_1-28-2024_4878.d	6952	1078	91811000.0	2434797603	19470844648	1.943	0.016	2.72668	1.16246	3.96474	2.23453	0	0	0.0150733	13.38	2.304	0.136	500SPD_DIA	256_Providencia_stuartii_DSM2250_DIA500_4878_report.stats.tsv	256_Providencia_stuartii_DSM2250_DIA500_4878	Probe 1-96_500SPD_diaPASEF_diann_res	6454	Providencia stuartii	588	UniProt	UP000005012	DSM 2250	MRSN 2154	4220	25.545023696682463
/Probe 1-96_500SPD_diaPASEF/BacLandscape_500SPD_diaPASEF_Streptococcus_pneumoniae___14_1-27-2024_4758.d	3742	636	36409500.0	1599741324	12820223760	1.975	0.017	2.34153	1.10891	3.92916	2.44332	0	0	0.0135166	12.663	2.239	0.134	500SPD_DIA	261_Streptococcus_pneumoniae_DSM11865_DIA500_4758_report.stats.tsv	261_Streptococcus_pneumoniae_DSM11865_DIA500_4758	Probe 1-96_500SPD_diaPASEF_diann_res	3534	Streptococcus pneumoniae	1313	UniProt	UP000000585	DSM 11865	ATCC BAA-334	2109	30.156472261735416
/Probe 1-96_500SPD_diaPASEF/BacLandscape_500SPD_diaPASEF_Streptococcus_pyogenes__17_1-27-2024_4764.d	5834	765	108449000.0	2556259088	20779698520	1.989	0.017	2.39451	1.12698	3.73465	2.00554	0	0	0.016047	13.415	2.323	0.168	500SPD_DIA	263_Streptococcus_pyogenes_DSM2071_DIA500_4764_report.stats.tsv	263_Streptococcus_pyogenes_DSM2071_DIA500_4764	Probe 1-96_500SPD_diaPASEF_diann_res	5293	Streptococcus pyogenes	1314	UniProt	UP000000750	DSM 2071	ATCC 700294 / SF370 / Serotype M1	1690	45.26627218934911
/Probe 1-96_500SPD_diaPASEF/BacLandscape_500SPD_diaPASEF_Pseudomonas_stutzeri_27_1-27-2024_4784.d	7327	1169	106778000.0	2762479724	23600321340	1.982	0.017	2.47148	1.08624	3.90693	2.04939	0	0	0.0151287	13.364	2.3	0.12	500SPD_DIA	264_Pseudomonas_stutzeri_DSM5190_DIA500_4784_report.stats.tsv	264_Pseudomonas_stutzeri_DSM5190_DIA500_4784	Probe 1-96_500SPD_diaPASEF_diann_res	6757	Pseudomonas stutzeri	316	UniProt	UP000000233	DSM 5190(T)	A1501	4092	28.567937438905183
/Probe 1-96_500SPD_diaPASEF/BacLandscape_500SPD_diaPASEF_Streptococcus_pyogenes__15_1-27-2024_4760.d	5336	705	92816100.0	2325050856	18799006848	1.944	0.016	2.25712	1.06814	3.76117	1.88485	0	0	0.0155023	13.366	2.308	0.148	500SPD_DIA	265_Streptococcus_pyogenes_DSM2072_DIA500_4760_report.stats.tsv	265_Streptococcus_pyogenes_DSM2072_DIA500_4760	Probe 1-96_500SPD_diaPASEF_diann_res	4839	Streptococcus pyogenes	1314	UniProt	UP000000750	DSM 2072	ATCC 700294 / SF370 / Serotype M1	1690	41.71597633136095
/Probe 1-96_500SPD_diaPASEF/BacLandscape_500SPD_diaPASEF_Pseudomonas_stutzeri_93_1-28-2024_4916.d	4404	839	55971900.0	2355477771	18616477840	2.002	0.017	1.82271	1.13066	3.41237	2.13444	0	0	0.0156395	13.005	2.304	0.124	500SPD_DIA	266_Pseudomonas_stutzeri_DSM13592_DIA500_4916_report.stats.tsv	266_Pseudomonas_stutzeri_DSM13592_DIA500_4916	Probe 1-96_500SPD_diaPASEF_diann_res	4084	Pseudomonas stutzeri	316	UniProt	UP000000233	DSM 13592	A1501	4092	20.503421309872923
/Probe 1-96_500SPD_diaPASEF/BacLandscape_500SPD_diaPASEF_Streptococcus_sanguinis_19_1-27-2024_4768.d	5028	771	80354900.0	2289043203	18718056744	2.045	0.017	2.20077	1.06253	3.64093	2.10818	0	0	0.0168674	13.114	2.283	0.158	500SPD_DIA	267_Streptococcus_sanguinis_DSM20068_DIA500_4768_report.stats.tsv	267_Streptococcus_sanguinis_DSM20068_DIA500_4768	Probe 1-96_500SPD_diaPASEF_diann_res	4635	Streptococcus sanguinis	1305	UniProt	UP000002148	DSM 20068(T)	SK36	2269	33.97972675187307
/Probe 1-96_500SPD_diaPASEF/BacLandscape_500SPD_diaPASEF_Streptococcus_sanguinis_18_1-27-2024_4766.d	6176	846	117315000.0	2993147406	25479615616	1.964	0.016	2.82758	1.15894	3.75193	2.00143	0	0	0.0156683	13.373	2.297	0.164	500SPD_DIA	269_Streptococcus_sanguinis_DSM20567_DIA500_4766_report.stats.tsv	269_Streptococcus_sanguinis_DSM20567_DIA500_4766	Probe 1-96_500SPD_diaPASEF_diann_res	5621	Streptococcus sanguinis	1305	UniProt	UP000002148	DSM 20567	SK36	2269	37.2851476421331
/Probe 1-96_500SPD_diaPASEF/BacLandscape_500SPD_diaPASEF_Shigella_boydii_29_1-27-2024_4788.d	7519	1038	141712000.0	3016734958	25666117472	1.994	0.017	2.886	1.13307	4.14602	2.01696	0	0	0.0163287	13.472	2.318	0.141	500SPD_DIA	270_Shigella_boydii_DSM7532_DIA500_4788_report.stats.tsv	270_Shigella_boydii_DSM7532_DIA500_4788	Probe 1-96_500SPD_diaPASEF_diann_res	6854	Shigella boydii	621	UniProt	UP000001030	DSM 7532(T)	BS512	4143	25.05430847212165
/Probe 1-96_500SPD_diaPASEF/BacLandscape_500SPD_diaPASEF_Vibrio_cholerae_20_1-27-2024_4770.d	8084	1245	130926000.0	2991319803	25744239094	2.015	0.017	2.36201	1.146	3.78028	2.06342	0	0	0.0153662	13.537	2.318	0.13	500SPD_DIA	271_Vibrio_cholerae_DSM100200_DIA500_4770_report.stats.tsv	271_Vibrio_cholerae_DSM100200_DIA500_4770	Probe 1-96_500SPD_diaPASEF_diann_res	7438	Vibrio cholerae	666	UniProt	UP000000584	DSM 100200(T)	ATCC 39315	3781	32.9277968791325
/Probe 1-96_500SPD_diaPASEF/BacLandscape_500SPD_diaPASEF_Shigella_dysenteriae_81_1-28-2024_4892.d	6196	955	100132000.0	2570449140	20797457480	1.99	0.017	2.22725	1.10907	3.57156	2.17676	0	0	0.0145246	13.336	2.312	0.149	500SPD_DIA	272_Shigella_dysenteriae_DSM103303_DIA500_4892_report.stats.tsv	272_Shigella_dysenteriae_DSM103303_DIA500_4892	Probe 1-96_500SPD_diaPASEF_diann_res	5736	Shigella dysenteriae	622	UniProt	UP000002716	DSM 103303	Sd197	3897	24.506030279702333
/Probe 1-96_500SPD_diaPASEF/BacLandscape_500SPD_diaPASEF_Vibrio_cholerae_61_1-27-2024_4852.d	8436	1209	136724000.0	3115124777	26090806072	2.018	0.017	2.47456	1.06135	3.73641	2.05458	0	0	0.0160602	13.623	2.342	0.15	500SPD_DIA	273_Vibrio_cholerae_DSM101014_DIA500_4852_report.stats.tsv	273_Vibrio_cholerae_DSM101014_DIA500_4852	Probe 1-96_500SPD_diaPASEF_diann_res	7683	Vibrio cholerae	666	UniProt	UP000000584	DSM 101014	ATCC 39315	3781	31.97566781274795
/Probe 1-96_500SPD_diaPASEF/BacLandscape_500SPD_diaPASEF_Shigella_flexneri_37_1-27-2024_4804.d	7252	1036	140581000.0	3148678304	26938203368	2.044	0.017	2.37814	1.0781	3.57745	2.19771	0	0	0.0164536	13.661	2.327	0.153	500SPD_DIA	274_Shigella_flexneri_DSM4782_DIA500_4804_report.stats.tsv	274_Shigella_flexneri_DSM4782_DIA500_4804	Probe 1-96_500SPD_diaPASEF_diann_res	6623	Shigella flexneri	623	UniProt	UP000001006	DSM 4782(T)	301	4103	25.249817206921765
/Probe 1-96_500SPD_diaPASEF/BacLandscape_500SPD_diaPASEF_Yersinia_pseudotuberculosis_78_1-28-2024_4886.d	7579	1027	156582000.0	3437319151	29641963864	1.993	0.017	2.55269	1.14449	3.84573	1.84771	0	0	0.0159716	13.886	2.36	0.166	500SPD_DIA	275_Yersinia_pseudotuberculosis_DSM22972_DIA500_4886_report.stats.tsv	275_Yersinia_pseudotuberculosis_DSM22972_DIA500_4886	Probe 1-96_500SPD_diaPASEF_diann_res	6824	Yersinia pseudotuberculosis	633	UniProt	UP000001011	DSM 22972	IP32953	4016	25.572709163346612
/Probe 1-96_500SPD_diaPASEF/BacLandscape_500SPD_diaPASEF_Shigella_sonnei__84_1-28-2024_4898.d	8210	1126	204700000.0	4549254519	44265821136	1.974	0.017	1.92198	1.26739	3.06049	1.95321	0	0	0.0177465	13.994	2.363	0.19	500SPD_DIA	278_Shigella_sonnei_DSM25715_DIA500_4898_report.stats.tsv	278_Shigella_sonnei_DSM25715_DIA500_4898	Probe 1-96_500SPD_diaPASEF_diann_res	7327	Shigella sonnei	624	UniProt	UP000002529	DSM 25715	Ss046	4068	27.679449360865288
/Probe 1-96_500SPD_diaPASEF/BacLandscape_500SPD_diaPASEF_Sphingomonas_paucimobilis_82_1-28-2024_4894.d	8601	1344	157722000.0	3255325680	28058474928	2.06	0.017	2.15019	1.14048	3.43004	2.00617	0	0	0.0154276	13.973	2.323	0.154	500SPD_DIA	280_Sphingomonas_paucimobilis_DSM30198_DIA500_4894_report.stats.tsv	280_Sphingomonas_paucimobilis_DSM30198_DIA500_4894	Probe 1-96_500SPD_diaPASEF_diann_res	7931	Sphingomonas paucimobilis	13689	UniProt	UP000594836	DSM 30198	DSM 30198	4127	32.56602859219772
/Probe 1-96_500SPD_diaPASEF/BacLandscape_500SPD_diaPASEF_Staphylococcus_capitis_subsp_capitis_30_1-27-2024_4790.d	5695	787	90138100.0	2319551333	19029769592	2.0	0.017	2.4159	1.01735	3.78804	2.1114	0	0	0.0159055	13.349	2.339	0.187	500SPD_DIA	281_Staphylococcus_capitis_ssp_capitis_DSM20326_DIA500_4790_report.stats.tsv	281_Staphylococcus_capitis_ssp_capitis_DSM20326_DIA500_4790	Probe 1-96_500SPD_diaPASEF_diann_res	5181	Staphylococcus capitis_ssp_capitis	72758	UniProt	UP000550736	DSM 20326(T)	"""12-86"""	2537	31.020890815924318
/Probe 1-96_500SPD_diaPASEF/BacLandscape_500SPD_diaPASEF_Staphylococcus_capitis_subsp_urealyticus_70_1-28-2024_4870.d	5166	763	58980600.0	1624727575	12540543720	2.059	0.017	2.48362	1.08596	3.89848	2.38571	0	0	0.0158601	13.342	2.355	0.218	500SPD_DIA	282_Staphylococcus_capitis_ssp_urealyticus_DSM6717_DIA500_4870_report.stats.tsv	282_Staphylococcus_capitis_ssp_urealyticus_DSM6717_DIA500_4870	Probe 1-96_500SPD_diaPASEF_diann_res	4735	Staphylococcus capitis_ssp_urealyticus	74703	UniProt	UP000550736	DSM 6717(T)	"""12-86"""	2537	30.074891604256997
/Probe 1-96_500SPD_diaPASEF/BacLandscape_500SPD_diaPASEF_Staphylococcus_pasteuri__72_1-28-2024_4874.d	4112	653	72013300.0	2407448514	19609410574	1.949	0.016	2.43751	1.09613	3.73044	1.9596	0	0	0.0145465	13.037	2.343	0.227	500SPD_DIA	283_Staphylococcus_pasteuri_DSM10656_DIA500_4874_report.stats.tsv	283_Staphylococcus_pasteuri_DSM10656_DIA500_4874	Probe 1-96_500SPD_diaPASEF_diann_res	3712	Staphylococcus pasteuri	45972	UniProt	UP000261016	DSM 10656(T)	OM08-17AT	2545	25.658153241650293
/Probe 1-96_500SPD_diaPASEF/BacLandscape_500SPD_diaPASEF_Staphylococcus_pasteuri__75_1-28-2024_4880.d	2736	532	27209300.0	1399298773	10750683328	1.993	0.017	2.48322	0.991551	3.90056	2.2417	0	0	0.0149765	12.81	2.314	0.184	500SPD_DIA	284_Staphylococcus_pasteuri_DSM10657_DIA500_4880_report.stats.tsv	284_Staphylococcus_pasteuri_DSM10657_DIA500_4880	Probe 1-96_500SPD_diaPASEF_diann_res	2527	Staphylococcus pasteuri	45972	UniProt	UP000261016	DSM 10657	OM08-17AT	2545	20.903732809430256
/Probe 97-192_500SPD_diaPASEF/BacLandscape_500SPD_diaPASEF_Achromobacter_xylosoxidans__183_3-25-2024_6398.d	7117	1201	199992000.0	5667473204	69758778304	2.048	0.017	1.36903	1.23843	2.11866	1.6739	0	0	0.016702	13.692	2.318	0.148	500SPD_DIA	001_Achromobacter_xylosoxidans_HST_62_DIA500_6398_report.stats.tsv	001_Achromobacter_xylosoxidans_HST_62_DIA500_6398	Probe 97-192_500SPD_diaPASEF_diann_res	6484	Achromobacter xylosoxidans	85698	UniProt	UP000060602	HST 62	FDAARGOS_147	6134	19.57939354417998
/Probe 97-192_500SPD_diaPASEF/BacLandscape_500SPD_diaPASEF_Acinetobacter_baumannii_142_3-24-2024_6316.d	10527	1409	306812000.0	6839708323	92325146952	1.948	0.016	1.63988	1.47392	1.6823	1.75132	0	0	0.0168543	14.221	2.368	0.181	500SPD_DIA	003_Acinetobacter_baumannii_DSM30011_DIA500_6316_report.stats.tsv	003_Acinetobacter_baumannii_DSM30011_DIA500_6316	Probe 97-192_500SPD_diaPASEF_diann_res	9282	Acinetobacter baumannii	470	UniProt	UP000005740	DSM 30011	DSM 30007	3765	37.42363877822045
/Probe 97-192_500SPD_diaPASEF/BacLandscape_500SPD_diaPASEF_Aeromonas_hydrophila_subsp._hydrophila_181_3-24-2024_6394.d	8907	1364	192277000.0	4727649561	53435198848	2.031	0.017	1.46877	1.38876	2.20909	1.8821	0	0	0.0143814	13.85	2.346	0.141	500SPD_DIA	004_Aeromonas_hydrophila_ssp_hydrophila_DSM30183_DIA500_6394_report.stats.tsv	004_Aeromonas_hydrophila_ssp_hydrophila_DSM30183_DIA500_6394	Probe 97-192_500SPD_diaPASEF_diann_res	8131	Aeromonas hydrophila_ssp_hydrophila	196023	UniProt	UP000000756	DSM 30183	DSM 30187	4121	33.09876243630187
/Probe 97-192_500SPD_diaPASEF/BacLandscape_500SPD_diaPASEF_Bacillus_atrophaeus__165_3-24-2024_6362.d	4053	768	164860000.0	5928200116	74368528128	1.968	0.016	1.45227	1.4264	1.84282	1.59913	0	0	0.0161422	13.15	2.306	0.159	500SPD_DIA	014_Bacillus_atrophaeus_LSSC3_DIA500_6362_report.stats.tsv	014_Bacillus_atrophaeus_LSSC3_DIA500_6362	Probe 97-192_500SPD_diaPASEF_diann_res	3604	Bacillus atrophaeus	1452	UniProt	UP000001570	LSSC3	168	4260	18.028169014084508
/Probe 97-192_500SPD_diaPASEF/BacLandscape_500SPD_diaPASEF_Bacillus_cereus__153_3-24-2024_6338.d	7614	1055	274667000.0	6369066751	82876720968	1.934	0.016	1.49143	1.49251	1.70942	1.65408	0	0	0.0161229	13.638	2.329	0.176	500SPD_DIA	016_Bacillus_cereus_ATCC10987_DIA500_6338_report.stats.tsv	016_Bacillus_cereus_ATCC10987_DIA500_6338	Probe 97-192_500SPD_diaPASEF_diann_res	6710	Bacillus cereus	1396	UniProt	UP000001417	ATCC 10987	ATCC 14579	5240	20.13358778625954
/Probe 97-192_500SPD_diaPASEF/BacLandscape_500SPD_diaPASEF_Bacillus_atrophaeus_151_3-24-2024_6334.d	4067	864	159931000.0	6111033015	77066919812	2.03	0.017	1.49266	1.39415	1.65108	1.52485	0	0	0.0162258	13.307	2.317	0.164	500SPD_DIA	018_Bacillus_atrophaeus_GBSC56_DIA500_6334_report.stats.tsv	018_Bacillus_atrophaeus_GBSC56_DIA500_6334	Probe 97-192_500SPD_diaPASEF_diann_res	3609	Bacillus atrophaeus	1452	UniProt	UP000001570	GBSC56	168	4260	20.281690140845072
/Probe 97-192_500SPD_diaPASEF/BacLandscape_500SPD_diaPASEF_Bacillus_atrophaeus_146_3-24-2024_6324.d	4250	845	171608000.0	6471415994	84763774848	1.973	0.017	1.56736	1.29779	1.76112	1.69908	0	0	0.0158604	13.227	2.3	0.157	500SPD_DIA	019_Bacillus_atrophaeus_NMTD54_DIA500_6324_report.stats.tsv	019_Bacillus_atrophaeus_NMTD54_DIA500_6324	Probe 97-192_500SPD_diaPASEF_diann_res	3764	Bacillus atrophaeus	1452	UniProt	UP000001570	NMTD54	168	4260	19.835680751173708
/Probe 97-192_500SPD_diaPASEF/BacLandscape_500SPD_diaPASEF_Bacillus_atrophaeus_161_3-24-2024_6354.d	3756	751	127380000.0	5917618508	73785875616	1.992	0.017	1.42301	1.39413	1.82561	1.61945	0	0	0.0153583	13.301	2.307	0.162	500SPD_DIA	020_Bacillus_atrophaeus_TS1_DIA500_6354_report.stats.tsv	020_Bacillus_atrophaeus_TS1_DIA500_6354	Probe 97-192_500SPD_diaPASEF_diann_res	3348	Bacillus atrophaeus	1452	UniProt	UP000001570	TS1	168	4260	17.629107981220656
/Probe 97-192_500SPD_diaPASEF/BacLandscape_500SPD_diaPASEF_Bacillus_cereus__134_3-24-2024_6300.d	8839	1237	273815000.0	5689870624	70276052080	2.027	0.017	1.58355	1.43042	1.74677	1.66172	0	0	0.015992	13.947	2.358	0.179	500SPD_DIA	024_Bacillus_cereus_DSM31_DIA500_6300_report.stats.tsv	024_Bacillus_cereus_DSM31_DIA500_6300	Probe 97-192_500SPD_diaPASEF_diann_res	7871	Bacillus cereus	1396	UniProt	UP000001417	DSM 31	ATCC 14579	5240	23.606870229007633
/Probe 97-192_500SPD_diaPASEF/BacLandscape_500SPD_diaPASEF_Bacillus_halotolerans_145_3-24-2024_6322.d	10570	1349	328315000.0	6216440529	79993611168	1.972	0.017	1.65821	1.47573	1.77062	1.75539	0	0	0.0166591	13.972	2.368	0.181	500SPD_DIA	026_Bacillus_halotolerans_LNXM37_DIA500_6322_report.stats.tsv	026_Bacillus_halotolerans_LNXM37_DIA500_6322	Probe 97-192_500SPD_diaPASEF_diann_res	9354	Bacillus halotolerans	260554	UniProt	UP000234803	LNXM37	V48-19	4109	32.83037235337065
/Probe 97-192_500SPD_diaPASEF/BacLandscape_500SPD_diaPASEF_Bacillus_safensis_166_3-24-2024_6364.d	8905	1234	309207000.0	6674182328	89629593944	2.01	0.017	1.55002	1.52506	1.82416	1.71701	0	0	0.0173684	13.788	2.341	0.191	500SPD_DIA	028_Bacillus_safensis_GBSW22_DIA500_6364_report.stats.tsv	028_Bacillus_safensis_GBSW22_DIA500_6364	Probe 97-192_500SPD_diaPASEF_diann_res	7867	Bacillus safensis	561879	UniProt	UP000325032	GBSW22	PgKB20	3746	32.941804591564335
500SPD_dia/030_Bacillus_sp._LLTC93_DIA500_6318.d	7662	623	247875000.0	6173873940	78671624760	2.061	0.017	1.69711	1.54531	1.71584	1.71264	0	0	0.0157717	13.523	2.332	0.171	500SPD_DIA	030_Bacillus_sp._LLTC93_DIA500_6318_report.stats.tsv	030_Bacillus_sp._LLTC93_DIA500_6318	Probe 97-192_500SPD_diaPASEF_diann_res	6811	Bacillus sp.	2108274	UniProt	UP000239823	LLTC93	LLTC93	3812	16.343126967471143
500SPD_dia/032_Bacillus_sp._RJGP41_DIA500_6366.d	7613	600	253501000.0	5985714820	74287915096	2.001	0.017	1.54751	1.49239	1.9758	1.70355	0	0	0.0169109	13.439	2.31	0.157	500SPD_DIA	032_Bacillus_sp._RJGP41_DIA500_6366_report.stats.tsv	032_Bacillus_sp._RJGP41_DIA500_6366	Probe 97-192_500SPD_diaPASEF_diann_res	6865	Bacillus sp.	2108534	UniProt	UP000239042	RJGP41	RJGP41	5072	11.829652996845425
/Probe 97-192_500SPD_diaPASEF/BacLandscape_500SPD_diaPASEF_Bacillus_subtilis_ssp._subtilis_154_3-24-2024_6340.d	9259	1263	302245000.0	5910026090	73041369808	2.031	0.017	1.41534	1.40091	1.88345	1.68247	0	0	0.0171309	13.968	2.356	0.183	500SPD_DIA	034_Bacillus_subtilis_ssp_subtilis_SYST2_DIA500_6340_report.stats.tsv	034_Bacillus_subtilis_ssp_subtilis_SYST2_DIA500_6340	Probe 97-192_500SPD_diaPASEF_diann_res	8266	Bacillus subtilis_ssp_subtilis	135461	UniProt	UP000001570	SYST2	168	4260	29.64788732394366
/Probe 97-192_500SPD_diaPASEF/BacLandscape_500SPD_diaPASEF_Bacillus_subtilis_ssp._subtilis_157_3-24-2024_6346.d	10135	1345	334979000.0	6466854021	84289037440	1.999	0.017	1.57689	1.61291	1.93307	1.75439	0	0	0.0162239	14.037	2.362	0.185	500SPD_DIA	036_Bacillus_subtilis_ssp_subtilis_NMSX4_DIA500_6346_report.stats.tsv	036_Bacillus_subtilis_ssp_subtilis_NMSX4_DIA500_6346	Probe 97-192_500SPD_diaPASEF_diann_res	8946	Bacillus subtilis_ssp_subtilis	135461	UniProt	UP000001570	NMSX4	168	4260	31.572769953051644
/Probe 97-192_500SPD_diaPASEF/BacLandscape_500SPD_diaPASEF_Bacillus_subtilis__148_3-24-2024_6328.d	10203	1308	330688000.0	6259043982	80490752792	2.028	0.017	1.46168	1.40928	1.97382	1.81344	0	0	0.015536	13.834	2.341	0.179	500SPD_DIA	038_Bacillus_subtilis_DSM10_DIA500_6328_report.stats.tsv	038_Bacillus_subtilis_DSM10_DIA500_6328	Probe 97-192_500SPD_diaPASEF_diann_res	9078	Bacillus subtilis	1423	UniProt	UP000306535	DSM 10	DSM 10	4390	29.794988610478363
/Probe 97-192_500SPD_diaPASEF/BacLandscape_500SPD_diaPASEF_Bacillus_thuringiensis_164_3-24-2024_6360.d	6845	1039	234184000.0	6127914279	78873817148	1.946	0.016	1.59086	1.44345	1.80259	1.66718	0	0	0.0158573	13.526	2.321	0.171	500SPD_DIA	040_Bacillus_thuringiensis_GBAC46_DIA500_6360_report.stats.tsv	040_Bacillus_thuringiensis_GBAC46_DIA500_6360	Probe 97-192_500SPD_diaPASEF_diann_res	6110	Bacillus thuringiensis	1428	UniProt	UP000195991	GBAC46	IEBC_T61001	6099	17.03557960321364
/Probe 97-192_500SPD_diaPASEF/BacLandscape_500SPD_diaPASEF_Bacillus_thuringiensis_160_3-24-2024_6352.d	6826	940	210084000.0	5421431773	64930655022	1.964	0.016	1.51551	1.42179	2.05157	1.66316	0	0	0.0168615	13.706	2.343	0.168	500SPD_DIA	042_Bacillus_thuringiensis_NMTD81_DIA500_6352_report.stats.tsv	042_Bacillus_thuringiensis_NMTD81_DIA500_6352	Probe 97-192_500SPD_diaPASEF_diann_res	6099	Bacillus thuringiensis	1428	UniProt	UP000195991	NMTD81	IEBC_T61001	6099	15.412362682406952
/Probe 97-192_500SPD_diaPASEF/BacLandscape_500SPD_diaPASEF_Bacillus_velezensis_162_3-24-2024_6356.d	7086	1017	224272000.0	5642770694	68628723638	2.045	0.017	1.31184	1.25881	1.92645	1.80969	0	0	0.0169915	13.635	2.336	0.169	500SPD_DIA	044_Bacillus_velezensis_GBSW11_DIA500_6356_report.stats.tsv	044_Bacillus_velezensis_GBSW11_DIA500_6356	Probe 97-192_500SPD_diaPASEF_diann_res	6390	Bacillus velezensis	492670	UniProt	UP000180036	GBSW11	K2	3790	26.83377308707124
/Probe 97-192_500SPD_diaPASEF/BacLandscape_500SPD_diaPASEF_Burkholderia_cepacia__114_3-24-2024_6260.d	5669	1115	173298000.0	5917174480	75027031032	2.018	0.017	1.46068	1.41002	2.04339	1.72712	0	0	0.0153121	13.192	2.286	0.143	500SPD_DIA	045_Burkholderia_cepacia_DSM50181_DIA500_6260_report.stats.tsv	045_Burkholderia_cepacia_DSM50181_DIA500_6260	Probe 97-192_500SPD_diaPASEF_diann_res	5150	Burkholderia cepacia	292	UniProt	UP000002287	DSM 50181	R1808	7409	15.049264408152247
/Probe 97-192_500SPD_diaPASEF/BacLandscape_500SPD_diaPASEF_Bacillus_velezensis__141_3-24-2024_6314.d	7645	1034	249270000.0	5987172536	75046639712	2.04	0.017	1.46319	1.46129	1.89074	1.79171	0	0	0.0182464	13.705	2.351	0.199	500SPD_DIA	046_Bacillus_velezensis_DSM23117_DIA500_6314_report.stats.tsv	046_Bacillus_velezensis_DSM23117_DIA500_6314	Probe 97-192_500SPD_diaPASEF_diann_res	6794	Bacillus velezensis	492670	UniProt	UP000180036	DSM23117	K2	3790	27.28232189973615
/Probe 97-192_500SPD_diaPASEF/BacLandscape_500SPD_diaPASEF_Bacillus_wiedmannii_156_3-24-2024_6344.d	8845	1161	277971000.0	5766131799	70623593072	1.972	0.017	1.52774	1.48467	1.85599	1.70523	0	0	0.0160697	13.876	2.349	0.181	500SPD_DIA	048_Bacillus_wiedmannii_GBSC29_DIA500_6344_report.stats.tsv	048_Bacillus_wiedmannii_GBSC29_DIA500_6344	Probe 97-192_500SPD_diaPASEF_diann_res	7852	Bacillus wiedmannii	1890302	UniProt	UP000221415	GBSC29	AFS078153	5753	20.180775247696854
/Probe 97-192_500SPD_diaPASEF/BacLandscape_500SPD_diaPASEF_Bacillus_wiedmannii_158_3-24-2024_6348.d	8504	1147	281332000.0	6014015221	75530022328	1.979	0.017	1.36076	1.35348	2.02064	1.67258	0	0	0.0156538	13.819	2.34	0.171	500SPD_DIA	050_Bacillus_wiedmannii_GBSC45_DIA500_6348_report.stats.tsv	050_Bacillus_wiedmannii_GBSC45_DIA500_6348	Probe 97-192_500SPD_diaPASEF_diann_res	7547	Bacillus wiedmannii	1890302	UniProt	UP000221415	GBSC45	AFS078153	5753	19.93742395272032
/Probe 97-192_500SPD_diaPASEF/BacLandscape_500SPD_diaPASEF_Campylobacter_coli_111_3-24-2024_6254.d	8382	1009	269842000.0	5948220245	72622699940	1.998	0.017	1.39068	1.42328	1.9964	1.84967	0	0	0.01604	13.301	2.307	0.192	500SPD_DIA	051_Campylobacter_coli_DSM4689_DIA500_6254_report.stats.tsv	051_Campylobacter_coli_DSM4689_DIA500_6254	Probe 97-192_500SPD_diaPASEF_diann_res	7498	Campylobacter coli	195	UniProt	UP000361993	DSM 4689(T)	NC_C6016	1916	52.661795407098126
/Probe 97-192_500SPD_diaPASEF/BacLandscape_500SPD_diaPASEF_Bacillus_wiedmannii_159_3-24-2024_6350.d	8622	1163	286970000.0	5820333765	72119183432	2.006	0.017	1.42574	1.37516	1.80796	1.64467	0	0	0.0165786	13.908	2.35	0.192	500SPD_DIA	052_Bacillus_wiedmannii_LLCG23_DIA500_6350_report.stats.tsv	052_Bacillus_wiedmannii_LLCG23_DIA500_6350	Probe 97-192_500SPD_diaPASEF_diann_res	7624	Bacillus wiedmannii	1890302	UniProt	UP000221415	LLCG23	AFS078153	5753	20.215539718407786
/Probe 97-192_500SPD_diaPASEF/BacLandscape_500SPD_diaPASEF_Campylobacter_coli_116_3-24-2024_6264.d	7851	1016	245712000.0	5484453432	63694298120	1.967	0.016	1.50431	1.45762	1.94806	1.75828	0	0	0.0149964	12.897	2.251	0.148	500SPD_DIA	053_Campylobacter_coli_DSM24132_DIA500_6264_report.stats.tsv	053_Campylobacter_coli_DSM24132_DIA500_6264	Probe 97-192_500SPD_diaPASEF_diann_res	7129	Campylobacter coli	195	UniProt	UP000361993	DSM 24132	NC_C6016	1916	53.027139874739035
/Probe 97-192_500SPD_diaPASEF/BacLandscape_500SPD_diaPASEF_Bacillus_wiedmannii_155_3-24-2024_6342.d	8556	1147	265429000.0	5529763224	66722256928	1.966	0.016	1.46437	1.41071	1.80521	1.67443	0	0	0.0166184	13.871	2.357	0.183	500SPD_DIA	054_Bacillus_wiedmannii_NMSL88_DIA500_6342_report.stats.tsv	054_Bacillus_wiedmannii_NMSL88_DIA500_6342	Probe 97-192_500SPD_diaPASEF_diann_res	7602	Bacillus wiedmannii	1890302	UniProt	UP000221415	NMSL88	AFS078153	5753	19.93742395272032
/Probe 97-192_500SPD_diaPASEF/BacLandscape_500SPD_diaPASEF_Campylobacter_jejuni_118_3-24-2024_6268.d	7110	919	223075000.0	5658786130	67704221848	1.972	0.017	1.57121	1.48052	1.98658	1.76242	0	0	0.0150623	13.085	2.29	0.174	500SPD_DIA	056_Campylobacter_jejuni_DSM24114_DIA500_6268_report.stats.tsv	056_Campylobacter_jejuni_DSM24114_DIA500_6268	Probe 97-192_500SPD_diaPASEF_diann_res	6410	Campylobacter jejuni	197	UniProt	UP000000799	DSM 24114	ATCC 700819	1623	56.62353666050524
/Probe 97-192_500SPD_diaPASEF/BacLandscape_500SPD_diaPASEF_Bacillus_wiedmannii_163_3-24-2024_6358.d	8671	1150	262543000.0	5806492747	72456489400	1.956	0.016	1.37771	1.40338	1.97934	1.85623	0	0	0.0157397	13.895	2.343	0.175	500SPD_DIA	057_Bacillus_wiedmannii_NMSW23_DIA500_6358_report.stats.tsv	057_Bacillus_wiedmannii_NMSW23_DIA500_6358	Probe 97-192_500SPD_diaPASEF_diann_res	7732	Bacillus wiedmannii	1890302	UniProt	UP000221415	NMSW23	AFS078153	5753	19.98957065878672
/Probe 97-192_500SPD_diaPASEF/BacLandscape_500SPD_diaPASEF_Burkholderia_cepacia__150_3-24-2024_6332.d	6136	1067	198152000.0	6067827716	77179143128	1.954	0.016	1.50624	1.47755	1.86266	1.76377	0	0	0.0156362	13.507	2.316	0.153	500SPD_DIA	058_Burkholderia_cepacia_DSM7288_DIA500_6332_report.stats.tsv	058_Burkholderia_cepacia_DSM7288_DIA500_6332	Probe 97-192_500SPD_diaPASEF_diann_res	5541	Burkholderia cepacia	292	UniProt	UP000002287	DSM 7288(T)	R1808	7409	14.401403698204888
/Probe 97-192_500SPD_diaPASEF/BacLandscape_500SPD_diaPASEF_Citrobacter_freundii_147_3-24-2024_6326.d	5595	1081	218134000.0	6655885919	88976041520	1.907	0.016	1.59141	1.40797	1.74299	1.75573	0	0	0.0162481	13.461	2.302	0.149	500SPD_DIA	060_Citrobacter_freundii_DSM30039_DIA500_6326_report.stats.tsv	060_Citrobacter_freundii_DSM30039_DIA500_6326	Probe 97-192_500SPD_diaPASEF_diann_res	4980	Citrobacter freundii	546	UniProt	UP000001889	DSM 30039(T)	ICC168	4792	22.558430717863104
/Probe 97-192_500SPD_diaPASEF/BacLandscape_500SPD_diaPASEF_Enterobacter_cloacae__136_3-24-2024_6304.d	7550	1233	235445000.0	6473832646	85831878896	1.951	0.016	1.61238	1.37964	1.76713	1.70447	0	0	0.014883	13.599	2.315	0.162	500SPD_DIA	062_Enterobacter_quasiroggenkampii_E34_DIA500_6304_report.stats.tsv	062_Enterobacter_quasiroggenkampii_E34_DIA500_6304	Probe 97-192_500SPD_diaPASEF_diann_res	6731	Enterobacter quasiroggenkampii	550	UniProt	UP001161707	E34	GD03711	5248	23.494664634146343
/Probe 97-192_500SPD_diaPASEF/BacLandscape_500SPD_diaPASEF_Clostridioides_difficile_124_3-24-2024_6280.d	7194	973	260150000.0	6063753378	75371828280	2.012	0.017	1.57427	1.50462	1.84538	1.79627	0	0	0.0164933	13.687	2.318	0.226	500SPD_DIA	067_Clostridioides_difficile_DSM12056_DIA500_6280_report.stats.tsv	067_Clostridioides_difficile_DSM12056_DIA500_6280	Probe 97-192_500SPD_diaPASEF_diann_res	6445	Clostridioides difficile	1496	UniProt	UP000001978	DSM 12056	strain 630	3762	25.863902179691657
/Probe 97-192_500SPD_diaPASEF/BacLandscape_500SPD_diaPASEF_Bordetella_pertussis_99_3-24-2024_6230.d	9269	1346	282313000.0	6397375396	82420658344	2.022	0.017	1.58564	1.48841	2.41588	1.73831	0	0	0.0175368	14.011	2.326	0.156	500SPD_DIA	068_Bordetella_pertussis_DSM4924_DIA500_6230_report.stats.tsv	068_Bordetella_pertussis_DSM4924_DIA500_6230	Probe 97-192_500SPD_diaPASEF_diann_res	8261	Bordetella pertussis	520	UniProt	UP000002676	DSM 4924	NCTC 13251	3258	41.31368937998772
/Probe 97-192_500SPD_diaPASEF/BacLandscape_500SPD_diaPASEF_Brevundimonas_intermedia_98_3-24-2024_6228.d	4820	897	208918000.0	6669774582	87989673808	2.028	0.017	1.68696	1.53624	2.45273	1.65631	0	0	0.0168396	13.509	2.301	0.153	500SPD_DIA	074_Brevundimonas_intermedia_DSM4732_DIA500_6228_report.stats.tsv	074_Brevundimonas_intermedia_DSM4732_DIA500_6228	Probe 97-192_500SPD_diaPASEF_diann_res	4324	Brevundimonas intermedia	74315	UniProt	UP000298216	DSM 4732(T)	B-10	3176	28.243073047858942
/Probe 97-192_500SPD_diaPASEF/BacLandscape_500SPD_diaPASEF_Clostridium_perfringens__105_3-24-2024_6242.d	8169	1034	319374000.0	6332824842	79813133680	1.954	0.016	1.49143	1.49037	2.07082	1.68553	0	0	0.016349	13.713	2.306	0.233	500SPD_DIA	075_Clostridium_perfringens_DSM756_DIA500_6242_report.stats.tsv	075_Clostridium_perfringens_DSM756_DIA500_6242	Probe 97-192_500SPD_diaPASEF_diann_res	7209	Clostridium perfringens	1502	UniProt	UP000001823	DSM 756(T)	DSM 756	2873	35.990254089801596
/Probe 97-192_500SPD_diaPASEF/BacLandscape_500SPD_diaPASEF_Clostridium_perfringens__125_3-24-2024_6282.d	7032	937	282058000.0	6508020242	83450006268	1.925	0.016	1.56617	1.45691	1.70085	1.6248	0	0	0.0176283	13.594	2.293	0.212	500SPD_DIA	077_Clostridium_perfringens_DSM798_DIA500_6282_report.stats.tsv	077_Clostridium_perfringens_DSM798_DIA500_6282	Probe 97-192_500SPD_diaPASEF_diann_res	6268	Clostridium perfringens	1502	UniProt	UP000000818	DSM 798	strain 13	2721	34.43586916574788
/Probe 97-192_500SPD_diaPASEF/BacLandscape_500SPD_diaPASEF_Clostridium_tetani__128_3-24-2024_6288.d	5723	780	266952000.0	6972699048	92305092288	2.024	0.017	1.72107	1.54977	1.76383	1.69245	0	0	0.0162589	13.641	2.289	0.228	500SPD_DIA	079_Clostridium_tetani_DSM11744_DIA500_6288_report.stats.tsv	079_Clostridium_tetani_DSM11744_DIA500_6288	Probe 97-192_500SPD_diaPASEF_diann_res	5104	Clostridium tetani	1513	UniProt	UP000001412	DSM 11744	E88	2415	32.298136645962735
/Probe 97-192_500SPD_diaPASEF/BacLandscape_500SPD_diaPASEF_Clostridium_tetani__103_3-24-2024_6238.d	6182	802	276222000.0	6640477680	85651574688	1.985	0.017	1.54652	1.50447	2.18912	1.71028	0	0	0.0164729	13.62	2.286	0.216	500SPD_DIA	080_Clostridium_tetani_DSM11745_DIA500_6238_report.stats.tsv	080_Clostridium_tetani_DSM11745_DIA500_6238	Probe 97-192_500SPD_diaPASEF_diann_res	5530	Clostridium tetani	1513	UniProt	UP000001412	DSM 11745	E88	2415	33.209109730848866
/Probe 97-192_500SPD_diaPASEF/BacLandscape_500SPD_diaPASEF_Cutibacterium_acnes_subsp._acnes_101_3-24-2024_6234.d	8023	1094	250706000.0	5492262280	65207237424	2.001	0.017	1.48268	1.36739	2.22765	1.76228	0	0	0.0160654	14.192	2.373	0.163	500SPD_DIA	082_Cutibacterium_acnes_ssp_acnes_DSM1897_DIA500_6234_report.stats.tsv	082_Cutibacterium_acnes_ssp_acnes_DSM1897_DIA500_6234	Probe 97-192_500SPD_diaPASEF_diann_res	7146	Cutibacterium acnes_ssp_acnes	1734925	UniProt	UP000000603	DSM 1897(T)	DSM 16379	2294	47.689625108979946
/Probe 97-192_500SPD_diaPASEF/BacLandscape_500SPD_diaPASEF_Cutibacterium_acnes_subsp._acnes_102_3-24-2024_6236.d	8706	1190	267327000.0	5675301495	69214295160	1.992	0.017	1.61445	1.43616	2.49604	1.75599	0	0	0.0165389	14.248	2.363	0.159	500SPD_DIA	083_Cutibacterium_acnes_ssp_acnes_DSM16379_DIA500_6236_report.stats.tsv	083_Cutibacterium_acnes_ssp_acnes_DSM16379_DIA500_6236	Probe 97-192_500SPD_diaPASEF_diann_res	7748	Cutibacterium acnes_ssp_acnes	1734925	UniProt	UP000000603	DSM 16379	DSM 16379	2294	51.87445510026155
/Probe 97-192_500SPD_diaPASEF/BacLandscape_500SPD_diaPASEF_Cutibacterium_acnes_subsp._acnes_104_3-24-2024_6240.d	7366	1054	264543000.0	6039588283	75913500280	1.969	0.016	1.48336	1.38588	1.97087	1.65569	0	0	0.0163713	14.189	2.37	0.166	500SPD_DIA	084_Cutibacterium_acnes_ssp_acnes_DSM108415_DIA500_6240_report.stats.tsv	084_Cutibacterium_acnes_ssp_acnes_DSM108415_DIA500_6240	Probe 97-192_500SPD_diaPASEF_diann_res	6520	Cutibacterium acnes_ssp_acnes	1734925	UniProt	UP000000603	DSM 108415	DSM 16379	2294	45.94594594594595
/Probe 97-192_500SPD_diaPASEF/BacLandscape_500SPD_diaPASEF_Cutibacterium_granulosum__126_3-24-2024_6284.d	7898	1067	296152000.0	6720263265	89569503008	1.984	0.017	1.5001	1.47293	1.74814	1.69995	0	0	0.0163099	14.378	2.392	0.165	500SPD_DIA	085_Cutibacterium_granulosum_DSM20700_DIA500_6284_report.stats.tsv	085_Cutibacterium_granulosum_DSM20700_DIA500_6284	Probe 97-192_500SPD_diaPASEF_diann_res	6856	Cutibacterium granulosum	33011	UniProt	UP000016307	DSM 20700(T)	DSM 20700	1962	54.38328236493374
/Probe 97-192_500SPD_diaPASEF/BacLandscape_500SPD_diaPASEF_Cutibacterium_granulosum__127_3-24-2024_6286.d	7588	1081	253712000.0	5874452511	72673784248	1.99	0.017	1.47426	1.38813	1.88373	1.75816	0	0	0.0150511	14.373	2.39	0.166	500SPD_DIA	086_Cutibacterium_granulosum_DSM20458_DIA500_6286_report.stats.tsv	086_Cutibacterium_granulosum_DSM20458_DIA500_6286	Probe 97-192_500SPD_diaPASEF_diann_res	6735	Cutibacterium granulosum	33011	UniProt	UP000016307	DSM 20458	DSM 20700	1962	55.096839959225285
/Probe 97-192_500SPD_diaPASEF/BacLandscape_500SPD_diaPASEF_Helicobacter_pylori___108_3-24-2024_6248.d	6537	826	236175000.0	6280580537	78251024112	1.988	0.017	1.46357	1.44628	2.03326	1.70719	0	0	0.0159515	13.297	2.329	0.188	500SPD_DIA	092_Helicobacter_pylori_DSM7492_DIA500_6248_report.stats.tsv	092_Helicobacter_pylori_DSM7492_DIA500_6248	Probe 97-192_500SPD_diaPASEF_diann_res	5719	Helicobacter pylori	210	UniProt	UP000000429	DSM 7492	ATCC 700392	1554	53.153153153153156
/Probe 97-192_500SPD_diaPASEF/BacLandscape_500SPD_diaPASEF_Helicobacter_pylori___107_3-24-2024_6246.d	6464	829	223936000.0	5780357847	69122070232	1.987	0.017	1.50206	1.36936	2.33498	1.79334	0	0	0.0163894	13.187	2.313	0.166	500SPD_DIA	093_Helicobacter_pylori_DSM10242_DIA500_6246_report.stats.tsv	093_Helicobacter_pylori_DSM10242_DIA500_6246	Probe 97-192_500SPD_diaPASEF_diann_res	5701	Helicobacter pylori	210	UniProt	UP000000429	DSM 10242	ATCC 700392	1554	53.346203346203346
/Probe 97-192_500SPD_diaPASEF/BacLandscape_500SPD_diaPASEF_Escherichia_coli__135_3-24-2024_6302.d	7544	1063	238140000.0	5969731886	74618655960	1.929	0.016	1.57165	1.43747	1.84977	1.77524	0	0	0.0164365	13.767	2.338	0.165	500SPD_DIA	109_Escherichia_coli_DSM3871_DIA500_6302_report.stats.tsv	109_Escherichia_coli_DSM3871_DIA500_6302	Probe 97-192_500SPD_diaPASEF_diann_res	6789	Escherichia coli	562	UniProt	UP000008205	DSM 3871	E2348/69 / EPEC	4594	23.138876795820636
/Probe 97-192_500SPD_diaPASEF/BacLandscape_500SPD_diaPASEF_Enterococcus_faecalis__169_3-24-2024_6370.d	6621	933	184680000.0	4698653988	52906931992	2.041	0.017	1.30815	1.22538	2.14643	1.78587	0	0	0.0164023	13.98	2.35	0.163	500SPD_DIA	112_Enterococcus_faecalis_DSM20371_DIA500_6370_report.stats.tsv	112_Enterococcus_faecalis_DSM20371_DIA500_6370	Probe 97-192_500SPD_diaPASEF_diann_res	5987	Enterococcus faecalis	1351	UniProt	UP000001415	DSM 20371	ATCC 700802	3240	28.796296296296298
/Probe 97-192_500SPD_diaPASEF/BacLandscape_500SPD_diaPASEF_Enterococcus_faecium__182_3-25-2024_6396.d	5907	823	181439000.0	5049780241	58836408776	1.967	0.016	1.48445	1.38024	2.25328	1.74708	0	0	0.0156141	13.603	2.332	0.179	500SPD_DIA	114_Enterococcus_faecium_UW6713_DIA500_6396_report.stats.tsv	114_Enterococcus_faecium_UW6713_DIA500_6396	Probe 97-192_500SPD_diaPASEF_diann_res	5335	Enterococcus faecium	1352	UniProt	UP000010553	UW6713	E1590	2877	28.60618700034758
/Probe 97-192_500SPD_diaPASEF/BacLandscape_500SPD_diaPASEF_Klebsiella_oxytoca__172_3-24-2024_6376.d	7174	1161	194159000.0	4972169294	57885139424	2.033	0.017	1.40537	1.27816	2.23053	1.75212	0	0	0.0168971	13.843	2.335	0.147	500SPD_DIA	115_Klebsiella_oxytoca_CCUG_15788_DIA500_6376_report.stats.tsv	115_Klebsiella_oxytoca_CCUG_15788_DIA500_6376	Probe 97-192_500SPD_diaPASEF_diann_res	6519	Klebsiella oxytoca	571	UniProt	UP000247485	CCUG 15788	67	5789	20.055277249956816
/Probe 97-192_500SPD_diaPASEF/BacLandscape_500SPD_diaPASEF_Pseudomonas_aeruginosa___149_3-24-2024_6330.d	11540	1737	308338000.0	6226006224	80168415544	2.023	0.017	1.48792	1.46044	1.83736	1.66915	0	0	0.0161055	14.096	2.334	0.153	500SPD_DIA	118_Pseudomonas_aeruginosa_DSM50071_DIA500_6330_report.stats.tsv	118_Pseudomonas_aeruginosa_DSM50071_DIA500_6330	Probe 97-192_500SPD_diaPASEF_diann_res	10456	Pseudomonas aeruginosa	287	UniProt	UP000002438	DSM 50071(T)(=ATCC 10145)	DSM 22644	5563	31.224159626101024
/Probe 97-192_500SPD_diaPASEF/BacLandscape_500SPD_diaPASEF_Pseudomonas_aeruginosa___170_3-24-2024_6372.d	9077	1413	209018000.0	5097629539	59461260114	2.015	0.017	1.41426	1.3351	2.1356	1.72812	0	0	0.0166806	13.799	2.326	0.137	500SPD_DIA	119_Pseudomonas_aeruginosa_DSM1117_DIA500_6372_report.stats.tsv	119_Pseudomonas_aeruginosa_DSM1117_DIA500_6372	Probe 97-192_500SPD_diaPASEF_diann_res	8317	Pseudomonas aeruginosa	287	UniProt	UP000002438	DSM 1117(=ATCC 27853)	DSM 22644	5563	25.399964048175445
/Probe 97-192_500SPD_diaPASEF/BacLandscape_500SPD_diaPASEF_Pseudomonas_aeruginosa___178_3-24-2024_6388.d	8424	1362	186958000.0	4790510137	53795431368	2.072	0.017	1.40726	1.22836	2.28051	1.77412	0	0	0.0166043	13.718	2.324	0.136	500SPD_DIA	121_Pseudomonas_aeruginosa_DSM29238_DIA500_6388_report.stats.tsv	121_Pseudomonas_aeruginosa_DSM29238_DIA500_6388	Probe 97-192_500SPD_diaPASEF_diann_res	7762	Pseudomonas aeruginosa	287	UniProt	UP000002438	DSM 29238	DSM 22644	5563	24.48319252202049
/Probe 97-192_500SPD_diaPASEF/BacLandscape_500SPD_diaPASEF_Ralstonia_pickettii_139_3-24-2024_6310.d	8598	1201	249430000.0	6123516751	77464660872	2.017	0.017	1.65704	1.37042	1.86968	1.78631	0	0	0.016136	13.959	2.349	0.182	500SPD_DIA	127_Ralstonia_pickettii_DSM6297_DIA500_6310_report.stats.tsv	127_Ralstonia_pickettii_DSM6297_DIA500_6310	Probe 97-192_500SPD_diaPASEF_diann_res	7689	Ralstonia pickettii	329	UniProt	UP000441032	DSM 6297(T)(=ATCC 27511)	PSLESD1	4773	25.16237167399958
/Probe 97-192_500SPD_diaPASEF/BacLandscape_500SPD_diaPASEF_Klebsiella_oxytoca__192_3-25-2024_6416.d	6938	1237	238482000.0	6357299916	83143768720	1.981	0.017	1.42351	1.38926	1.8915	1.69696	0	0	0.0170609	13.92	2.341	0.167	500SPD_DIA	128_Klebsiella_oxytoca_Oman_61_DIA500_6416_report.stats.tsv	128_Klebsiella_oxytoca_Oman_61_DIA500_6416	Probe 97-192_500SPD_diaPASEF_diann_res	6168	Klebsiella oxytoca	571	UniProt	UP000247485	Oman 61	67	5789	21.368111936431163
/Probe 97-192_500SPD_diaPASEF/BacLandscape_500SPD_diaPASEF_Klebsiella_pneumoniae_subsp._ozaenae_190_3-25-2024_6412.d	9517	1400	289839000.0	6377647016	82026024460	2.01	0.017	1.48633	1.44532	2.10629	1.70148	0	0	0.0162256	14.123	2.342	0.167	500SPD_DIA	131_Klebsiella_pneumoniae_ssp_ozaenae_ATCC25926_DIA500_6412_report.stats.tsv	131_Klebsiella_pneumoniae_ssp_ozaenae_ATCC25926_DIA500_6412	Probe 97-192_500SPD_diaPASEF_diann_res	8567	Klebsiella pneumoniae_ssp_ozaenae	574	UniProt	UP000007841	ATCC 25926	HS11286	5728	24.441340782122907
/Probe 97-192_500SPD_diaPASEF/BacLandscape_500SPD_diaPASEF_Proteus_mirabilis__191_3-25-2024_6414.d	5401	938	184918000.0	5922961495	74398262064	1.952	0.016	1.44792	1.39386	1.81752	1.67775	0	0	0.0164338	13.566	2.337	0.169	500SPD_DIA	134_Proteus_columbae_MN12_DIA500_6414_report.stats.tsv	134_Proteus_columbae_MN12_DIA500_6414	Probe 97-192_500SPD_diaPASEF_diann_res	4811	Proteus columbae	584	UniProt	UP000008319	MN12	HI4320	3661	25.621414913957935
/Probe 97-192_500SPD_diaPASEF/BacLandscape_500SPD_diaPASEF_Corynebacterium_diphtheriae_100_3-24-2024_6232.d	7749	1043	277087000.0	6387335968	83516247784	1.891	0.016	1.54343	1.50273	2.15511	1.76353	0	0	0.0172365	14.268	2.36	0.148	500SPD_DIA	136_Corynebacterium_diphtheriae_DSM43989_DIA500_6232_report.stats.tsv	136_Corynebacterium_diphtheriae_DSM43989_DIA500_6232	Probe 97-192_500SPD_diaPASEF_diann_res	6780	Corynebacterium diphtheriae	1717	UniProt	UP000002198	DSM 43989	ATCC 700971	2265	46.04856512141281
/Probe 97-192_500SPD_diaPASEF/BacLandscape_500SPD_diaPASEF_Ralstonia_pickettii_173_3-24-2024_6378.d	5854	1037	161303000.0	5298256776	62702324256	2.011	0.017	1.47581	1.38602	2.21171	1.666	0	0	0.0166704	13.324	2.3	0.143	500SPD_DIA	145_Ralstonia_insidiosa_Rp_127_DIA500_6378_report.stats.tsv	145_Ralstonia_insidiosa_Rp_127_DIA500_6378	Probe 97-192_500SPD_diaPASEF_diann_res	5355	Ralstonia insidiosa	329	UniProt	UP000441032	Rp 127	PSLESD1	4773	21.72637754033103
/Probe 97-192_500SPD_diaPASEF/BacLandscape_500SPD_diaPASEF_Staphylococcus_aureus__186_3-25-2024_6404.d	8588	1071	228242000.0	5210391328	61894924728	1.998	0.017	1.42432	1.33078	2.16703	1.82482	0	0	0.015634	13.752	2.369	0.197	500SPD_DIA	146_Staphylococcus_aureus_DSM4910_DIA500_6404_report.stats.tsv	146_Staphylococcus_aureus_DSM4910_DIA500_6404	Probe 97-192_500SPD_diaPASEF_diann_res	7692	Staphylococcus aureus	1280	UniProt	UP000008816	DSM 4910	NCTC 8325	2889	37.07165109034268
/Probe 97-192_500SPD_diaPASEF/BacLandscape_500SPD_diaPASEF_Salmonella_enterica_subsp._enterica_Serovar_enteritidis___177_3-24-2024_6386.d	8427	1269	231085000.0	5336020469	64307930136	2.032	0.017	1.6161	1.25875	2.37499	1.74582	0	0	0.015078	13.854	2.339	0.152	500SPD_DIA	148_Salmonella_enterica_sv_enteritidis_LT21-Ib_08-01796_DIA500_6386_report.stats.tsv	148_Salmonella_enterica_sv_enteritidis_LT21-Ib_08-01796_DIA500_6386	Probe 97-192_500SPD_diaPASEF_diann_res	7668	Salmonella enterica_sv_enteritidis	149539	UniProt	UP000839889	Lt21/lb 08/01796	WAPHL-SAL-A01127	4868	26.068200493015613
/Probe 97-192_500SPD_diaPASEF/BacLandscape_500SPD_diaPASEF_Staphylococcus_aureus__188_3-25-2024_6408.d	8343	1081	199734000.0	4810735060	55320132830	2.005	0.017	1.67432	1.21975	2.48771	1.67277	0	0	0.0153	13.834	2.373	0.205	500SPD_DIA	149_Staphylococcus_aureus_DSM25693_DIA500_6408_report.stats.tsv	149_Staphylococcus_aureus_DSM25693_DIA500_6408	Probe 97-192_500SPD_diaPASEF_diann_res	7507	Staphylococcus aureus	1280	UniProt	UP000008816	DSM 25693	NCTC 8325	2889	37.4177916233991
/Probe 97-192_500SPD_diaPASEF/BacLandscape_500SPD_diaPASEF_Salmonella_enterica_subsp._enterica_Serovar_typhimurium___171_3-24-2024_6374.d	8809	1314	219244000.0	4911327338	57124757088	2.052	0.017	1.38749	1.26545	2.11376	1.8332	0	0	0.0161471	14.056	2.366	0.182	500SPD_DIA	151_Salmonella_enterica_sv_typhimurium_DT104_08-01627_DIA500_6374_report.stats.tsv	151_Salmonella_enterica_sv_typhimurium_DT104_08-01627_DIA500_6374	Probe 97-192_500SPD_diaPASEF_diann_res	8014	Salmonella enterica_sv_typhimurium	90371	UniProt	UP000839889	DT104 08/01627	WAPHL-SAL-A01127	4868	26.992604765817585
/Probe 97-192_500SPD_diaPASEF/BacLandscape_500SPD_diaPASEF_Staphylococcus_epidermidis__131_3-24-2024_6294.d	6722	873	170067000.0	4790727731	53445082512	1.969	0.016	1.37771	1.25367	1.91689	1.86522	0	0	0.016328	13.649	2.373	0.203	500SPD_DIA	152_Staphylococcus_epidermidis_DSM1798_DIA500_6294_report.stats.tsv	152_Staphylococcus_epidermidis_DSM1798_DIA500_6294	Probe 97-192_500SPD_diaPASEF_diann_res	5982	Staphylococcus epidermidis	1282	UniProt	UP000000531	DSM 1798	ATCC 35984	2492	35.03210272873194
/Probe 97-192_500SPD_diaPASEF/BacLandscape_500SPD_diaPASEF_Shigella_boydii__174_3-24-2024_6380.d	8106	1143	243136000.0	5547992769	67543071952	2.007	0.017	1.35702	1.27228	2.15422	1.80267	0	0	0.0165301	13.733	2.334	0.157	500SPD_DIA	154_Shigella_boydii_06-06820_DIA500_6380_report.stats.tsv	154_Shigella_boydii_06-06820_DIA500_6380	Probe 97-192_500SPD_diaPASEF_diann_res	7344	Shigella boydii	621	UniProt	UP000001030	06/06820	BS512	4143	27.588703837798693
/Probe 97-192_500SPD_diaPASEF/BacLandscape_500SPD_diaPASEF_Klebsiella_aerogenes___180_3-24-2024_6392.d	9557	1479	246642000.0	5507822928	66847657594	1.98	0.017	1.50715	1.41307	2.16493	1.7694	0	0	0.0145871	14.066	2.337	0.162	500SPD_DIA	156_Klebsiella_aerogenes_E19_DIA500_6392_report.stats.tsv	156_Klebsiella_aerogenes_E19_DIA500_6392	Probe 97-192_500SPD_diaPASEF_diann_res	8668	Klebsiella aerogenes	548	UniProt	UP000008881	E19	DSM 30053	4909	30.128335709920556
/Probe 97-192_500SPD_diaPASEF/BacLandscape_500SPD_diaPASEF_Shigella_flexneri__176_3-24-2024_6384.d	8876	1251	291353000.0	6310496504	82116267256	2.0	0.017	1.42362	1.3397	1.99822	1.64134	0	0	0.0167883	13.875	2.334	0.174	500SPD_DIA	157_Shigella_flexneri_3A_07-02503_DIA500_6384_report.stats.tsv	157_Shigella_flexneri_3A_07-02503_DIA500_6384	Probe 97-192_500SPD_diaPASEF_diann_res	7917	Shigella flexneri	623	UniProt	UP000001006	3A 07/02503	301	4103	30.48988544967097
/Probe 97-192_500SPD_diaPASEF/BacLandscape_500SPD_diaPASEF_Staphylococcus_hominis_subspec._hominis_133_3-24-2024_6298.d	6720	874	185429000.0	4992891363	56867678796	2.008	0.017	1.41046	1.24969	1.92877	1.71717	0	0	0.0161743	13.669	2.374	0.228	500SPD_DIA	158_Staphylococcus_hominis_ssp_hominis_DSM20328_DIA500_6298_report.stats.tsv	158_Staphylococcus_hominis_ssp_hominis_DSM20328_DIA500_6298	Probe 97-192_500SPD_diaPASEF_diann_res	5972	Staphylococcus hominis_ssp_hominis	145391	UniProt	UP000241540	DSM 20328(T)	SNUC 5336	2351	37.17566992769035
/Probe 97-192_500SPD_diaPASEF/BacLandscape_500SPD_diaPASEF_Staphylococcus_aureus__132_3-24-2024_6296.d	8187	1031	229365000.0	5295336226	62488631056	1.932	0.016	1.43222	1.35364	1.95242	1.76812	0	0	0.0156889	13.826	2.367	0.192	500SPD_DIA	160_Staphylococcus_aureus_DSM20231_DIA500_6296_report.stats.tsv	160_Staphylococcus_aureus_DSM20231_DIA500_6296	Probe 97-192_500SPD_diaPASEF_diann_res	7281	Staphylococcus aureus	1280	UniProt	UP000008816	DSM 20231(T)	NCTC 8325	2889	35.687088958116995
/Probe 97-192_500SPD_diaPASEF/BacLandscape_500SPD_diaPASEF_Staphylococcus_lugdunensis_(CoNS)_137_3-24-2024_6306.d	8358	1054	198137000.0	4735801754	52877581720	1.953	0.016	1.30288	1.25356	1.98989	1.83301	0	0	0.017442	13.876	2.388	0.208	500SPD_DIA	161_Staphylococcus_lugdunensis_DSM4804_DIA500_6306_report.stats.tsv	161_Staphylococcus_lugdunensis_DSM4804_DIA500_6306	Probe 97-192_500SPD_diaPASEF_diann_res	7450	Staphylococcus lugdunensis	28035	UniProt	UP000004055	DSM 4804(T)(=ATCC 43809)	M23590	2421	43.53572903758777
/Probe 97-192_500SPD_diaPASEF/BacLandscape_500SPD_diaPASEF_Staphylococcus_lugdunensis_(CoNS)_184_3-25-2024_6400.d	7751	1029	174390000.0	4652801501	51966649576	1.934	0.016	1.55171	1.36184	2.53349	1.85089	0	0	0.0180058	13.701	2.371	0.191	500SPD_DIA	164_Staphylococcus_lugdunensis_09-00515_DIA500_6400_report.stats.tsv	164_Staphylococcus_lugdunensis_09-00515_DIA500_6400	Probe 97-192_500SPD_diaPASEF_diann_res	6980	Staphylococcus lugdunensis	28035	UniProt	UP000004055	09-00515	M23590	2421	42.50309789343247
/Probe 97-192_500SPD_diaPASEF/BacLandscape_500SPD_diaPASEF_Klebsiella_oxytoca__152_3-24-2024_6336.d	7463	1283	282661000.0	6998159977	96575227272	1.987	0.017	1.68078	1.5221	1.69787	1.71736	0	0	0.0165228	13.923	2.33	0.161	500SPD_DIA	168_Klebsiella_oxytoca_DSM5175_DIA500_6336_report.stats.tsv	168_Klebsiella_oxytoca_DSM5175_DIA500_6336	Probe 97-192_500SPD_diaPASEF_diann_res	6587	Klebsiella oxytoca	571	UniProt	UP000247485	DSM DSM5175(T)(=ATCC 13182)	67	5789	22.162722404560373
/Probe 97-192_500SPD_diaPASEF/BacLandscape_500SPD_diaPASEF_Staphylococcus_epidermidis__168_3-24-2024_6368.d	7033	889	169583000.0	4340059697	46732821640	2.049	0.017	1.33534	1.23167	2.20141	1.7485	0	0	0.0161249	13.804	2.384	0.203	500SPD_DIA	169_Staphylococcus_epidermidis_DSM20044_DIA500_6368_report.stats.tsv	169_Staphylococcus_epidermidis_DSM20044_DIA500_6368	Probe 97-192_500SPD_diaPASEF_diann_res	6299	Staphylococcus epidermidis	1282	UniProt	UP000000531	DSM 20044(=CCM 2124)	ATCC 35984	2492	35.674157303370784
/Probe 97-192_500SPD_diaPASEF/BacLandscape_500SPD_diaPASEF_Clostridium_perfringens__97_3-24-2024_6226.d	7170	897	272822000.0	5551116133	64474042576	2.008	0.017	1.82191	1.45797	2.66692	1.53737	0	0	0.0168164	13.504	2.291	0.212	500SPD_DIA	178_Clostridium_perfringens_DSM628_DIA500_6226_report.stats.tsv	178_Clostridium_perfringens_DSM628_DIA500_6226	Probe 97-192_500SPD_diaPASEF_diann_res	6440	Clostridium perfringens	1502	UniProt	UP000000818	DSM 628	strain 13	2721	32.96582138919515
/Probe 97-192_500SPD_diaPASEF/BacLandscape_500SPD_diaPASEF_Prevotella_intermedia___106_3-24-2024_6244.d	4251	793	115885000.0	4656544614	50457499800	2.053	0.017	1.67011	1.2696	2.43505	1.70138	0	0	0.0149956	12.271	2.185	0.157	500SPD_DIA	181_Prevotella_intermedia_DSM20706_DIA500_6244_report.stats.tsv	181_Prevotella_intermedia_DSM20706_DIA500_6244	Probe 97-192_500SPD_diaPASEF_diann_res	4001	Prevotella intermedia	28131	UniProt	UP000229630	DSM 20706(T)	KCOM 2837	2335	33.96145610278373
/Probe 97-192_500SPD_diaPASEF/BacLandscape_500SPD_diaPASEF_Clostridioides_difficile_120_3-24-2024_6272.d	7353	989	268000000.0	5963668432	73060746150	1.952	0.016	1.53024	1.54782	1.86019	1.75393	0	0	0.0154851	13.631	2.303	0.198	500SPD_DIA	182_Clostridioides_difficile_DSM12057_DIA500_6272_report.stats.tsv	182_Clostridioides_difficile_DSM12057_DIA500_6272	Probe 97-192_500SPD_diaPASEF_diann_res	6609	Clostridioides difficile	1496	UniProt	UP000001978	DSM 12057	strain 630	3762	26.289207868155234
/Probe 97-192_500SPD_diaPASEF/BacLandscape_500SPD_diaPASEF_Prevotella_melaninogenica__123_3-24-2024_6278.d	6502	922	172939000.0	5784564103	70343915928	1.967	0.016	1.52259	1.35855	1.71835	1.59529	0	0	0.0149022	12.778	2.238	0.154	500SPD_DIA	183_Prevotella_melaninogenica_DSM7089_DIA500_6278_report.stats.tsv	183_Prevotella_melaninogenica_DSM7089_DIA500_6278	Probe 97-192_500SPD_diaPASEF_diann_res	6045	Prevotella melaninogenica	28132	UniProt	UP000500843	DSM 7089(T)	FDAARGOS_760	2446	37.69419460343418
/Probe 97-192_500SPD_diaPASEF/BacLandscape_500SPD_diaPASEF_Prevotella_melaninogenica__113_3-24-2024_6258.d	7232	921	202526000.0	5541659247	66125509592	2.009	0.017	1.33784	1.27071	1.91942	1.6773	0	0	0.0160971	13.015	2.271	0.154	500SPD_DIA	185_Prevotella_melaninogenica_DSM26980_DIA500_6258_report.stats.tsv	185_Prevotella_melaninogenica_DSM26980_DIA500_6258	Probe 97-192_500SPD_diaPASEF_diann_res	6642	Prevotella melaninogenica	28132	UniProt	UP000500843	DSM 26980	FDAARGOS_760	2446	37.653311529026986
/Probe 97-192_500SPD_diaPASEF/BacLandscape_500SPD_diaPASEF_Salmonella_bongori_122_3-24-2024_6276.d	9145	1303	271455000.0	5932360989	73429645032	1.977	0.017	1.3947	1.33453	1.78178	1.64941	0	0	0.0174032	14.013	2.357	0.161	500SPD_DIA	191_Salmonella_bongori_DSM13772_DIA500_6276_report.stats.tsv	191_Salmonella_bongori_DSM13772_DIA500_6276	Probe 97-192_500SPD_diaPASEF_diann_res	8185	Salmonella bongori	54736	UniProt	UP000015042	DSM 13772(T)	N268-08	4751	27.42580509366449
/Probe 97-192_500SPD_diaPASEF/BacLandscape_500SPD_diaPASEF_Salmonella_enterica_subsp._enterica_Serovar_enteritidis___117_3-24-2024_6266.d	9150	1329	295447000.0	6213916543	80750844468	1.994	0.017	1.50845	1.46584	2.06657	1.7628	0	0	0.0149334	13.911	2.334	0.145	500SPD_DIA	193_Salmonella_enterica_sv_enteritidis_DSM107295_DIA500_6266_report.stats.tsv	193_Salmonella_enterica_sv_enteritidis_DSM107295_DIA500_6266	Probe 97-192_500SPD_diaPASEF_diann_res	8202	Salmonella enterica_sv_enteritidis	149539	UniProt	UP000839889	DSM 107295	WAPHL-SAL-A01127	4868	27.300739523418244
/Probe 97-192_500SPD_diaPASEF/BacLandscape_500SPD_diaPASEF_Salmonella_enterica_subsp._enterica_Serovar_paratyphi__A_121_3-24-2024_6274.d	8973	1278	274599000.0	6536333763	86864674832	1.977	0.017	1.52609	1.51131	1.79202	1.73323	0	0	0.0146024	13.954	2.342	0.158	500SPD_DIA	195_Salmonella_enterica_sv_paratyphi_167_DIA500_6274_report.stats.tsv	195_Salmonella_enterica_sv_paratyphi_167_DIA500_6274	Probe 97-192_500SPD_diaPASEF_diann_res	7927	Salmonella enterica_sv_paratyphi	54388	UniProt	UP000001599	A167	RKS4594	4601	27.776570310802
/Probe 97-192_500SPD_diaPASEF/BacLandscape_500SPD_diaPASEF_Salmonella_enterica_subsp._enterica_Serovar_typhimurium___115_3-24-2024_6262.d	9068	1401	276818000.0	5803544260	72112646306	2.056	0.017	1.41518	1.38485	2.069	1.76012	0	0	0.0159167	13.896	2.333	0.146	500SPD_DIA	199_Salmonella_enterica_sv_typhimurium_DSM17058_DIA500_6262_report.stats.tsv	199_Salmonella_enterica_sv_typhimurium_DSM17058_DIA500_6262	Probe 97-192_500SPD_diaPASEF_diann_res	8130	Salmonella enterica_sv_typhimurium	90371	UniProt	UP000839889	DSM 17058(T)	WAPHL-SAL-A01127	4868	28.7797863599014
/Probe 97-192_500SPD_diaPASEF/BacLandscape_500SPD_diaPASEF_Serratia_marcescens__110_3-24-2024_6252.d	9308	1444	264469000.0	6312592147	83173806264	1.923	0.016	1.44213	1.44384	2.0	1.68407	0	0	0.0156032	13.869	2.337	0.14	500SPD_DIA	203_Serratia_ureilytica_RS2.1_DIA500_6252_report.stats.tsv	203_Serratia_ureilytica_RS2.1_DIA500_6252	Probe 97-192_500SPD_diaPASEF_diann_res	8335	Serratia ureilytica	615	UniProt	UP000222404	RS2.1	KHCo-24B	4899	29.475403143498674
/Probe 97-192_500SPD_diaPASEF/BacLandscape_500SPD_diaPASEF_Serratia_marcescens__119_3-24-2024_6270.d	9315	1513	281913000.0	6808741928	91635774032	1.91	0.016	1.41872	1.4555	1.8662	1.64346	0	0	0.0171013	13.85	2.315	0.14	500SPD_DIA	205_Serratia_bockelmannii_Wasserisolat04_DIA500_6270_report.stats.tsv	205_Serratia_bockelmannii_Wasserisolat04_DIA500_6270	Probe 97-192_500SPD_diaPASEF_diann_res	8382	Serratia bockelmannii	615	UniProt	UP000222404	Wasserisolat	KHCo-24B	4899	30.883853847724023
/Probe 97-192_500SPD_diaPASEF/BacLandscape_500SPD_diaPASEF_Listeria_monocytogenes___130_3-24-2024_6292.d	7747	1074	255003000.0	5541860685	66450444888	1.961	0.016	1.5251	1.35792	1.66125	1.62903	0	0	0.0168037	13.576	2.328	0.174	500SPD_DIA	206_Listeria_monocytogenes_DSM15675_DIA500_6292_report.stats.tsv	206_Listeria_monocytogenes_DSM15675_DIA500_6292	Probe 97-192_500SPD_diaPASEF_diann_res	6870	Listeria monocytogenes	1639	UniProt	UP000000817	DSM 15675	ATCC BAA-679 / EGD-e	2844	37.76371308016878
/Probe 97-192_500SPD_diaPASEF/BacLandscape_500SPD_diaPASEF_Listeria_monocytogenes___129_3-24-2024_6290.d	7504	995	236718000.0	5632837556	68285050218	1.956	0.016	1.49917	1.38554	1.77801	1.7142	0	0	0.0169099	13.616	2.325	0.192	500SPD_DIA	208_Listeria_monocytogenes_DSM19094_DIA500_6290_report.stats.tsv	208_Listeria_monocytogenes_DSM19094_DIA500_6290	Probe 97-192_500SPD_diaPASEF_diann_res	6642	Listeria monocytogenes	1639	UniProt	UP000000817	DSM 19094	ATCC BAA-679 / EGD-e	2844	34.985935302391
/Probe 97-192_500SPD_diaPASEF/BacLandscape_500SPD_diaPASEF_Staphylococcus_haemolyticus_189_3-25-2024_6410.d	6104	845	119680000.0	4117584528	42905749178	1.984	0.017	1.52606	1.19673	2.41471	1.83023	0	0	0.0155733	13.629	2.358	0.211	500SPD_DIA	209_Staphylococcus_haemolyticus_DSM20228_DIA500_6410_report.stats.tsv	209_Staphylococcus_haemolyticus_DSM20228_DIA500_6410	Probe 97-192_500SPD_diaPASEF_diann_res	5536	Staphylococcus haemolyticus	1283	UniProt	UP000000543	DSM 20228	JCSC1435	2640	32.00757575757576
/Probe 97-192_500SPD_diaPASEF/BacLandscape_500SPD_diaPASEF_Staphylococcus_saprophyticus_subsp._bovis_109_3-24-2024_6250.d	5535	844	103370000.0	4087048129	41617043408	1.96	0.016	1.39461	1.32109	2.37966	1.98482	0	0	0.0164731	13.508	2.347	0.192	500SPD_DIA	213_Staphylococcus_saprophyticus_ssp_bovis_DSM18669_DIA500_6250_report.stats.tsv	213_Staphylococcus_saprophyticus_ssp_bovis_DSM18669_DIA500_6250	Probe 97-192_500SPD_diaPASEF_diann_res	4989	Staphylococcus saprophyticus_ssp_bovis	29385	UniProt	UP000006371	DSM 18669(T)	DSM 20229	2404	35.108153078202996
/Probe 97-192_500SPD_diaPASEF/BacLandscape_500SPD_diaPASEF_Staphylococcus_saprophyticus_(CoNS)_112_3-24-2024_6256.d	6310	884	131126000.0	4563733834	52800873696	1.966	0.016	1.34526	1.26614	2.23052	1.90506	0	0	0.0155707	13.658	2.354	0.203	500SPD_DIA	215_Staphylococcus_saprophyticus_DSM30626_DIA500_6256_report.stats.tsv	215_Staphylococcus_saprophyticus_DSM30626_DIA500_6256	Probe 97-192_500SPD_diaPASEF_diann_res	5647	Staphylococcus saprophyticus	29385	UniProt	UP000006371	DSM 30626	DSM 20229	2404	36.7720465890183
/Probe 97-192_500SPD_diaPASEF/BacLandscape_500SPD_diaPASEF_Stenotrophomonas_maltophilia___175_3-24-2024_6382.d	7133	1148	188703000.0	5347145044	63664652084	2.027	0.017	1.46989	1.37638	1.99914	1.66989	0	0	0.0161136	13.745	2.317	0.137	500SPD_DIA	245_Stenotrophomonas_geniculata_Sm_51_DIA500_6382_report.stats.tsv	245_Stenotrophomonas_geniculata_Sm_51_DIA500_6382	Probe 97-192_500SPD_diaPASEF_diann_res	6519	Stenotrophomonas geniculata	40324	UniProt	UP000001867	Sm 51	R551-3	4026	28.514654744162943
/Probe 97-192_500SPD_diaPASEF/BacLandscape_500SPD_diaPASEF_Streptococcus_pyogenes__144_3-24-2024_6320.d	6882	822	254095000.0	5759630939	70323681400	1.961	0.016	1.58845	1.50393	1.97434	1.78272	0	0	0.0158399	13.985	2.349	0.186	500SPD_DIA	248_Streptococcus_pyogenes_DSM20565_DIA500_6320_report.stats.tsv	248_Streptococcus_pyogenes_DSM20565_DIA500_6320	Probe 97-192_500SPD_diaPASEF_diann_res	6107	Streptococcus pyogenes	1314	UniProt	UP000000750	DSM 20565(T)	ATCC 700294 / SF370 / Serotype M1	1690	48.63905325443787
/Probe 97-192_500SPD_diaPASEF/BacLandscape_500SPD_diaPASEF_Yersinia_enterocolitica_140_3-24-2024_6312.d	8980	1333	286409000.0	6186336475	78608715544	2.02	0.017	1.4851	1.46411	1.93768	1.84135	0	0	0.0159956	13.983	2.343	0.167	500SPD_DIA	258_Yersinia_enterocolitica_DSM4780_DIA500_6312_report.stats.tsv	258_Yersinia_enterocolitica_DSM4780_DIA500_6312	Probe 97-192_500SPD_diaPASEF_diann_res	8031	Yersinia enterocolitica	630	UniProt	UP000000642	DSM 4780(T)	NCTC 13174 / 8081	4026	33.109786388474916
/Probe 97-192_500SPD_diaPASEF/BacLandscape_500SPD_diaPASEF_Yersinia_enterocolitica_179_3-24-2024_6390.d	8121	1222	248732000.0	5491994347	66725478224	2.034	0.017	1.44092	1.33188	2.11455	1.69156	0	0	0.0146856	13.846	2.352	0.16	500SPD_DIA	260_Yersinia_enterocolitica_DSM9676_DIA500_6390_report.stats.tsv	260_Yersinia_enterocolitica_DSM9676_DIA500_6390	Probe 97-192_500SPD_diaPASEF_diann_res	7312	Yersinia enterocolitica	630	UniProt	UP000000642	DSM 9676	NCTC 13174 / 8081	4026	30.35270740188773
/Probe 97-192_500SPD_diaPASEF/BacLandscape_500SPD_diaPASEF_Yersinia_pseudotuberculosis___138_3-24-2024_6308.d	8711	1238	281627000.0	6567414955	86713253146	2.003	0.017	1.51877	1.46402	1.92136	1.79589	0	0	0.0167616	14.061	2.357	0.189	500SPD_DIA	262_Yersinia_pseudotuberculosis_DSM8992_DIA500_6308_report.stats.tsv	262_Yersinia_pseudotuberculosis_DSM8992_DIA500_6308	Probe 97-192_500SPD_diaPASEF_diann_res	7725	Yersinia pseudotuberculosis	633	UniProt	UP000001011	DSM 8992(T)	IP32953	4016	30.826693227091635
/Probe 193-206_500SPD_diaPASEF/BacLandscape_500SPD_diaPASEF_Citrobacter_amalonaticus_194_7-8-2025_12129.d	4306	856	128597000.0	8556266120	103267082026	1.759	0.015	1.78053	1.53296	2.2516	2.08752	0	0	0.0154555	13.692	2.268	0.16	500SPD_DIA	023_Citrobacter_amalonaticus_04-08695_DIA500_12129_report.stats.tsv	023_Citrobacter_amalonaticus_04-08695_DIA500_12129	Probe 193-206_500SPD_diaPASEF_diann_res	3898	Citrobacter amalonaticus	35703	UniProt	UP000237003	04/08695	S1285	5139	16.656937147304923
/Probe 193-206_500SPD_diaPASEF/BacLandscape_500SPD_diaPASEF_Bacillus_subtilis_ssp._spizizenii_206_7-8-2025_12153.d	7325	1039	235183000.0	8230509507	99334916976	1.859	0.016	3.40867	1.51717	2.66372	2.2774	0	0	0.0164505	14.106	2.315	0.187	500SPD_DIA	027_Bacillus_subtilis_ssp_spizizenii_ATCC6633_DIA500_12153_report.stats.tsv	027_Bacillus_subtilis_ssp_spizizenii_ATCC6633_DIA500_12153	Probe 193-206_500SPD_diaPASEF_diann_res	6538	Bacillus subtilis_ssp_spizizenii	703612	UniProt	UP000002233	ATCC 6633	ATCC 23059	4053	25.635331852948433
/Probe 193-206_500SPD_diaPASEF/BacLandscape_500SPD_diaPASEF_Burkholderia_cepacia_197_7-8-2025_12135.d	4003	813	124890000.0	8120309408	92634175552	1.914	0.016	2.04899	1.4987	2.14055	2.10749	0	0	0.014401	13.425	2.239	0.143	500SPD_DIA	043_Burkholderia_cenocepacia_ATCC25608_DIA500_12135_report.stats.tsv	043_Burkholderia_cenocepacia_ATCC25608_DIA500_12135	Probe 193-206_500SPD_diaPASEF_diann_res	3677	Burkholderia cenocepacia	292	UniProt	UP000002287	ATCC 25608	R1808	7409	10.973140774733432
/Probe 193-206_500SPD_diaPASEF/BacLandscape_500SPD_diaPASEF_Escherichia_coli_205_7-8-2025_12151.d	5528	958	168806000.0	8414807429	101462326952	1.843	0.015	2.99521	1.61078	2.25572	2.02546	0	0	0.0146703	14.009	2.285	0.167	500SPD_DIA	088_Escherichia_coli_DSM682_DIA500_12151_report.stats.tsv	088_Escherichia_coli_DSM682_DIA500_12151	Probe 193-206_500SPD_diaPASEF_diann_res	5048	Escherichia coli	562	UniProt	UP000008205	DSM 682	E2348/69 / EPEC	4594	20.85328689595124
/Probe 193-206_500SPD_diaPASEF/BacLandscape_500SPD_diaPASEF_Enterococcus_hirae_202_7-8-2025_12145.d	5191	812	186603000.0	8003003492	95010037576	1.846	0.015	2.8471	1.56699	2.35275	2.1781	0	0	0.0159409	14.091	2.294	0.184	500SPD_DIA	102_Enterococcus_hirae_P25_2_DIA500_12145_report.stats.tsv	102_Enterococcus_hirae_P25_2_DIA500_12145	Probe 193-206_500SPD_diaPASEF_diann_res	4685	Enterococcus hirae	1354	UniProt	UP000352698	P25_2	NCTC12204	2651	30.62995096190117
/Probe 193-206_500SPD_diaPASEF/BacLandscape_500SPD_diaPASEF_Enterococcus_faecium_203_7-8-2025_12147.d	4428	681	140412000.0	8220159067	97142643264	1.834	0.015	2.81355	1.52648	2.16833	2.18639	0	0	0.0147424	13.837	2.278	0.18	500SPD_DIA	110_Enterococcus_faecium_UW6203_DIA500_12147_report.stats.tsv	110_Enterococcus_faecium_UW6203_DIA500_12147	Probe 193-206_500SPD_diaPASEF_diann_res	3998	Enterococcus faecium	1352	UniProt	UP000010553	UW6203	E1590	2877	23.670490093847757
/Probe 193-206_500SPD_diaPASEF/BacLandscape_500SPD_diaPASEF_Enterococcus_hirae_193_7-8-2025_12127.d	2621	494	113991000.0	8171971083	94690182424	1.777	0.015	1.55451	1.43394	2.36838	2.05957	0	0	0.0138449	13.571	2.267	0.181	500SPD_DIA	122_Enterococcus_durans_P25_3_DIA500_12127_report.stats.tsv	122_Enterococcus_durans_P25_3_DIA500_12127	Probe 193-206_500SPD_diaPASEF_diann_res	2344	Enterococcus durans	1354	UniProt	UP000352698	P25_3	NCTC12204	2651	18.634477555639382
/Probe 193-206_500SPD_diaPASEF/BacLandscape_500SPD_diaPASEF_Klebsiella_aerogenes_198_7-8-2025_12137.d	5447	1012	163457000.0	8229697509	92212092536	1.939	0.016	2.02123	1.46869	2.15659	2.22889	0	0	0.0149657	13.876	2.251	0.134	500SPD_DIA	125_Klebsiella_aerogenes_E56_DIA500_12137_report.stats.tsv	125_Klebsiella_aerogenes_E56_DIA500_12137	Probe 193-206_500SPD_diaPASEF_diann_res	5027	Klebsiella aerogenes	548	UniProt	UP000008881	E56	DSM 30053	4909	20.6151965777144
/Probe 193-206_500SPD_diaPASEF/BacLandscape_500SPD_diaPASEF_Proteus_vulgaris_195_7-8-2025_12131.d	3408	670	111673000.0	8480068814	101743693120	1.815	0.015	1.91815	1.45123	2.25085	2.21842	0	0	0.0152094	13.634	2.262	0.153	500SPD_DIA	137_Proteus_mirabilis_718-91_DIA500_12131_report.stats.tsv	137_Proteus_mirabilis_718-91_DIA500_12131	Probe 193-206_500SPD_diaPASEF_diann_res	3086	Proteus mirabilis	585	UniProt	UP000254331	718/91	NCTC10376	3963	16.90638405248549
/Probe 193-206_500SPD_diaPASEF/BacLandscape_500SPD_diaPASEF_Pseudomonas_aeruginosa_204_7-8-2025_12149.d	5532	1021	124535000.0	8381284849	96331474484	1.922	0.016	2.65252	1.63226	2.40079	2.18953	0	0	0.0152962	13.902	2.255	0.144	500SPD_DIA	140_Pseudomonas_aeruginosa_ATCC33355_DIA500_12149_report.stats.tsv	140_Pseudomonas_aeruginosa_ATCC33355_DIA500_12149	Probe 193-206_500SPD_diaPASEF_diann_res	5112	Pseudomonas aeruginosa	287	UniProt	UP000002438	ATCC 33355	DSM 22644	5563	18.353406435376595
/Probe 193-206_500SPD_diaPASEF/BacLandscape_500SPD_diaPASEF_Ralstonia_pickettii_199_7-8-2025_12139.d	5124	902	176863000.0	7770007010	86735151400	1.923	0.016	2.05421	1.45433	2.33158	2.21181	0	0	0.0162333	13.755	2.292	0.156	500SPD_DIA	143_Ralstonia_condita_HST_2644_DIA500_12139_report.stats.tsv	143_Ralstonia_condita_HST_2644_DIA500_12139	Probe 193-206_500SPD_diaPASEF_diann_res	4648	Ralstonia condita	329	UniProt	UP000441032	HST 2644	PSLESD1	4773	18.897967735177037
/Probe 193-206_500SPD_diaPASEF/BacLandscape_500SPD_diaPASEF_Yersinia_enterocolitica_196_7-8-2025_12133.d	7230	1119	205646000.0	8313546167	100674241376	1.853	0.015	2.17454	1.57936	2.31026	2.23961	0	0	0.0159961	14.017	2.294	0.164	500SPD_DIA	167_Yersinia_enterocolitica_DSM11503_DIA500_12133_report.stats.tsv	167_Yersinia_enterocolitica_DSM11503_DIA500_12133	Probe 193-206_500SPD_diaPASEF_diann_res	6545	Yersinia enterocolitica	630	UniProt	UP000000642	DSM 11503	NCTC 13174 / 8081	4026	27.794336810730254
/Probe 193-206_500SPD_diaPASEF/BacLandscape_500SPD_diaPASEF_Acinetobacter_baumannii_201_7-8-2025_12143.d	6130	1043	167208000.0	9081552925	119369679600	1.847	0.015	2.52972	1.56823	2.38458	2.4516	0	0	0.0168289	14.068	2.281	0.159	500SPD_DIA	198_Acinetobacter_baumannii_DSM30007_DIA500_12143_report.stats.tsv	198_Acinetobacter_baumannii_DSM30007_DIA500_12143	Probe 193-206_500SPD_diaPASEF_diann_res	5553	Acinetobacter baumannii	470	UniProt	UP000005740	DSM 30007	DSM 30007	3765	27.702523240371846
/Probe 193-206_500SPD_diaPASEF/BacLandscape_500SPD_diaPASEF_Acinetobacter_baumannii_200_7-8-2025_12141.d	8069	1172	238268000.0	8473933341	97748798960	1.825	0.015	2.35008	1.40277	2.11928	2.05818	0	0	0.0163208	14.16	2.309	0.151	500SPD_DIA	277_Acinetobacter_baumannii_DSM24110_DIA500_12141_report.stats.tsv	277_Acinetobacter_baumannii_DSM24110_DIA500_12141	Probe 193-206_500SPD_diaPASEF_diann_res	7243	Acinetobacter baumannii	470	UniProt	UP000005740	DSM 24110	DSM 30007	3765	31.128818061088975
